<favourites>
	<favourite name="[COLOR purple]Bein Sports 11[/COLOR] Evolve" thumb="http://matsbuilds.uk/pics/evolvecatview/Sports.png">PlayMedia(&quot;plugin://plugin.video.Evolve/?url=http%3A%2F%2Fmatsbuilds.uk%2FGoliathLists%2FBeinSports.xml&amp;mode=3&amp;name=%5BCOLOR+purple%5DBein+Sports+11%5B%2FCOLOR%5D&amp;description=&amp;iconimage=http%3A%2F%2Fmatsbuilds.uk%2Fpics%2Fevolvecatview%2FSports.png&amp;sf_options=fanart%3Dfanart%26winID%3D10001%26_options_sf&quot;)</favourite>
	<favourite name="Bein Sports 11 Sanctuary" thumb="http://tv-online.in/wp-content/uploads/2014/05/bein-sports-11-Live.gif">PlayMedia(&quot;plugin://plugin.video.sanctuary/?url=plugin%3A%2F%2Fplugin.video.SportsDevil%2F%3Fmode%3D1%26amp%3Bitem%3Dcatcher%253dstreams%2526url%3Dhttp%3A%2F%2Fwww.shadow-net.org%2Fchannels%2FBein-Sports-11.html%2526referer%3Dhttp%3A%2F%2Fwww.shadow-net.org%2Fchannels%2FBein-Sports-11.html&amp;mode=1112&amp;sf_options=fanart%3Dhttp%3A%2F%2Fwww.stephen-builds.co.uk%2Fwizard%2Ffanart12.jpg%26meta%3Dlabel%253DBein-Sports-11%2526title%253DBein-Sports-11%26winID%3D10001%26_options_sf&quot;)</favourite>
	<favourite name="BEIN SPORTS 11 Bamf" thumb="http://genietvcunts.co.uk/bamffff/iptv1.jpg">PlayMedia(&quot;plugin://plugin.video.sanctuary/?url=plugin%3A%2F%2Fplugin.video.f4mTester%2F%3Fstreamtype%3DTSDOWNLOADER%26amp%3Burl%3Dhttp%3A%2F%2F51.255.70.112%3A8000%2Flive%2FLewis%2FLewis%2F2051.ts%3Bname%3DBAMF+TV&amp;mode=1112&amp;sf_options=winID%3D10001%26_options_sf&quot;)</favourite>
	<favourite name="Bein Sports 11 Oblivion" thumb="http://oblivionbuilds.com/Oblivionlogo.png">PlayMedia(&quot;plugin://plugin.video.sanctuary/?url=plugin%3A%2F%2Fplugin.video.f4mTester%2F%3Fstreamtype%3DTSDOWNLOADER%26amp%3Burl%3Dhttp%3A%2F%2F62.4.21.70%3A8000%2Flive%2Fakdim%2Fakdim%2F1798.ts%3Bname%3DOblivion+TV&amp;mode=1112&amp;sf_options=winID%3D10001%26_options_sf&quot;)</favourite>
</favourites>