<favourites>
	<favourite name="Retromania - Charlie Brooker&apos;s Gameswipe (P1)" thumb="https://i.ytimg.com/vi/HvNuzx-aqWs/hqdefault.jpg">PlayMedia(&quot;plugin://plugin.video.youtube/play/?video_id=HvNuzx-aqWs&amp;sf_options=fanart%3Dspecial%3A%2F%2Fhome%2Faddons%2Fplugin.video.youtube%2Fresources%2Fmedia%2Ffanart.jpg%26winID%3D10001%26desc%3D%5BUPPERCASE%5D%5BB%5Dzthemusic%5B%2FB%5D%5B%2FUPPERCASE%5D%5BCR%5D%5BCR%5DCharlie+Brooker+sets+his+caustic+sights+on+video+games.+Expect+acerbic+comment+as+he+looks+at+the+various+genres%2C+how+they+have+changed+since+their+early+conception+and+how+the+media+represents+games+and+gamers.+Features+interviews+with+Dara+O%27Briain%2C+sitcom+scribe+Graham+Linehan+and+Rab+and+Ryan+from+Consolevania.%26_options_sf&quot;)</favourite>
	<favourite name="Retromania - Charlie Brookers Gameswipe (P2)" thumb="https://i.ytimg.com/vi/fomJPtQQhFE/hqdefault.jpg">PlayMedia(&quot;plugin://plugin.video.youtube/play/?video_id=fomJPtQQhFE&amp;sf_options=fanart%3Dspecial%3A%2F%2Fhome%2Faddons%2Fplugin.video.youtube%2Fresources%2Fmedia%2Ffanart.jpg%26winID%3D10001%26desc%3D%5BUPPERCASE%5D%5BB%5Dzthemusic%5B%2FB%5D%5B%2FUPPERCASE%5D%5BCR%5D%5BCR%5DCharlie+Brooker+sets+his+caustic+sights+on+video+games.+Expect+acerbic+comment+as+he+looks+at+the+various+genres%2C+how+they+have+changed+since+their+early+conception+and+how+the+media+represents+games+and+gamers.+Features+interviews+with+Dara+O%27Briain%2C+sitcom+scribe+Graham+Linehan+and+Rab+and+Ryan+from+Consolevania.%26_options_sf&quot;)</favourite>
	<favourite name="Retromania - Charlie Brooker&apos;s Gameswipe (P3)" thumb="https://i.ytimg.com/vi/7QrsJTIckIw/hqdefault.jpg">PlayMedia(&quot;plugin://plugin.video.youtube/play/?video_id=7QrsJTIckIw&amp;sf_options=fanart%3Dspecial%3A%2F%2Fhome%2Faddons%2Fplugin.video.youtube%2Fresources%2Fmedia%2Ffanart.jpg%26winID%3D10001%26desc%3D%5BUPPERCASE%5D%5BB%5Dzthemusic%5B%2FB%5D%5B%2FUPPERCASE%5D%5BCR%5D%5BCR%5DCharlie+Brooker+sets+his+caustic+sights+on+video+games.+Expect+acerbic+comment+as+he+looks+at+the+various+genres%2C+how+they+have+changed+since+their+early+conception+and+how+the+media+represents+games+and+gamers.+Features+interviews+with+Dara+O%27Briain%2C+sitcom+scribe+Graham+Linehan+and+Rab+and+Ryan+from+Consolevania.%26_options_sf&quot;)</favourite>
	<favourite name="Retromania - Charlie Brooker&apos;s Gameswipe (P4)" thumb="https://i.ytimg.com/vi/-sGNidyvLVM/hqdefault.jpg">PlayMedia(&quot;plugin://plugin.video.youtube/play/?video_id=-sGNidyvLVM&amp;sf_options=fanart%3Dspecial%3A%2F%2Fhome%2Faddons%2Fplugin.video.youtube%2Fresources%2Fmedia%2Ffanart.jpg%26winID%3D10001%26desc%3D%5BUPPERCASE%5D%5BB%5Dzthemusic%5B%2FB%5D%5B%2FUPPERCASE%5D%5BCR%5D%5BCR%5DCharlie+Brooker+sets+his+caustic+sights+on+video+games.+Expect+acerbic+comment+as+he+looks+at+the+various+genres%2C+how+they+have+changed+since+their+early+conception+and+how+the+media+represents+games+and+gamers.+Features+interviews+with+Dara+O%27Briain%2C+sitcom+scribe+Graham+Linehan+and+Rab+and+Ryan+from+Consolevania.%26_options_sf&quot;)</favourite>
	<favourite name="Retromania - Cybernet HD - 1999 - 01" thumb="https://i.ytimg.com/vi/4DnN73HgR_c/hqdefault.jpg">PlayMedia(&quot;plugin://plugin.video.youtube/play/?video_id=4DnN73HgR_c&amp;sf_options=fanart%3Dspecial%3A%2F%2Fhome%2Faddons%2Fplugin.video.youtube%2Fresources%2Fmedia%2Ffanart.jpg%26winID%3D10001%26desc%3D%5BUPPERCASE%5D%5BB%5DDwayne+Beckford%5B%2FB%5D%5B%2FUPPERCASE%5D%5BCR%5D%5BCR%5DCybernet+program+from+1999+previewing+Tomb+Raider%2C+the+launch+of+the+PS2+to+reviewing+PC+hardware.%26_options_sf&quot;)</favourite>
	<favourite name="Retromania - Cybernet HD - 1999 - 02" thumb="https://i.ytimg.com/vi/3JNFUFqq9DA/hqdefault.jpg">PlayMedia(&quot;plugin://plugin.video.youtube/play/?video_id=3JNFUFqq9DA&amp;sf_options=fanart%3Dspecial%3A%2F%2Fhome%2Faddons%2Fplugin.video.youtube%2Fresources%2Fmedia%2Ffanart.jpg%26winID%3D10001%26desc%3D%5BUPPERCASE%5D%5BB%5DDwayne+Beckford%5B%2FB%5D%5B%2FUPPERCASE%5D%5BCR%5D%5BCR%5DCybernet+program+from+1999+previewing+Dynamite+cop%2C+Half+life%3A+Opposing+force+and+the+launch+of+the+PS2+to+reviewing+PC+hardware.%26_options_sf&quot;)</favourite>
	<favourite name="Retromania - Cybernet HD - 1999 - 03" thumb="https://i.ytimg.com/vi/57C7mCqVxuQ/hqdefault.jpg">PlayMedia(&quot;plugin://plugin.video.youtube/play/?video_id=57C7mCqVxuQ&amp;sf_options=fanart%3Dspecial%3A%2F%2Fhome%2Faddons%2Fplugin.video.youtube%2Fresources%2Fmedia%2Ffanart.jpg%26winID%3D10001%26desc%3D%5BUPPERCASE%5D%5BB%5DDwayne+Beckford%5B%2FB%5D%5B%2FUPPERCASE%5D%5BCR%5D%5BCR%5DCybernet+program+from+1999+with+game+previews+and+reviews+and+the+launch+of+the+PS2.%26_options_sf&quot;)</favourite>
	<favourite name="Retromania - Gamezville   Full Episode" thumb="https://i.ytimg.com/vi/9od7XZTLkog/hqdefault.jpg">PlayMedia(&quot;plugin://plugin.video.youtube/play/?video_id=9od7XZTLkog&amp;sf_options=fanart%3Dspecial%3A%2F%2Fhome%2Faddons%2Fplugin.video.youtube%2Fresources%2Fmedia%2Ffanart.jpg%26winID%3D10001%26desc%3D%5BUPPERCASE%5D%5BB%5DGame+setup%5B%2FB%5D%5B%2FUPPERCASE%5D%5BCR%5D%5BCR%5D%26_options_sf&quot;)</favourite>
	<favourite name="Retromania - Gamezville Episode 2 [FULL]" thumb="https://i.ytimg.com/vi/fhf0CzxzUPc/hqdefault.jpg">PlayMedia(&quot;plugin://plugin.video.youtube/play/?video_id=fhf0CzxzUPc&amp;sf_options=winID%3D10001%26desc%3D%5BUPPERCASE%5D%5BB%5DMonsterMatt095%5B%2FB%5D%5B%2FUPPERCASE%5D%5BCR%5D%5BCR%5Dhttps%3A%2F%2Fen.wikipedia.org%2Fwiki%2FGamezville+%0A%0AGamezville+was+a+Gaming+News+and+Entertainment+show+hosted+by+Jamie+Atiko+and+Darren+Malcolm%2C+and+was+exclusive+to+%22SkyOne%22+in+the+UK.+%0A%0A%0ADisclaimer%3A+%0AI+DO+NOT+own+any+of+the+relevant+content.+I+am+just+hosting+it+here+on+Youtube.+All+rights+Reserved+to+%22Sky+One%22+and+%22Gamezville%22+2003%2F2004.%0A%0A%0A%C2%A9+Gamezville+SkyOne+-+2003%2F+2004.%26_options_sf&quot;)</favourite>
	<favourite name="Retromania - Gamezville Episode 3 [FULL]" thumb="https://i.ytimg.com/vi/oEwrPpyx_Js/hqdefault.jpg">PlayMedia(&quot;plugin://plugin.video.youtube/play/?video_id=oEwrPpyx_Js&amp;sf_options=winID%3D10001%26desc%3D%5BUPPERCASE%5D%5BB%5DMonsterMatt095%5B%2FB%5D%5B%2FUPPERCASE%5D%5BCR%5D%5BCR%5Dhttps%3A%2F%2Fen.wikipedia.org%2Fwiki%2FGamezville+%0A%0AGamezville+was+a+Gaming+News+and+Entertainment+show+hosted+by+Jamie+Atiko+and+Darren+Malcolm%2C+and+was+exclusive+to+%22SkyOne%22+in+the+UK.+%0A%0A%0ADisclaimer%3A+%0AI+DO+NOT+own+any+of+the+relevant+content.+I+am+just+hosting+it+here+on+Youtube.+All+rights+Reserved+to+%22Sky+One%22+and+%22Gamezville%22+2003%2F2004.%0A%0A%0A%C2%A9+Gamezville+SkyOne+-+2003%2F+2004.%26_options_sf&quot;)</favourite>
	<favourite name="Retromania - Gamezville Episode 4 [FULL]" thumb="https://i.ytimg.com/vi/3zTUZKc4rzY/hqdefault.jpg">PlayMedia(&quot;plugin://plugin.video.youtube/play/?video_id=3zTUZKc4rzY&amp;sf_options=winID%3D10001%26desc%3D%5BUPPERCASE%5D%5BB%5DMonsterMatt095%5B%2FB%5D%5B%2FUPPERCASE%5D%5BCR%5D%5BCR%5Dhttps%3A%2F%2Fen.wikipedia.org%2Fwiki%2FGamezville+%0A%0AGamezville+was+a+Gaming+News+and+Entertainment+show+hosted+by+Jamie+Atiko+and+Darren+Malcolm%2C+and+was+exclusive+to+%22SkyOne%22+in+the+UK.+%0A%0A%0ADisclaimer%3A+%0AI+DO+NOT+own+any+of+the+relevant+content.+I+am+just+hosting+it+here+on+Youtube.+All+rights+Reserved+to+%22Sky+One%22+and+%22Gamezville%22+2003%2F2004.%0A%0A%0A%C2%A9+Gamezville+SkyOne+-+2003%2F+2004.%26_options_sf&quot;)</favourite>
	<favourite name="Retromania - Gamezville Episode 5 [FULL]" thumb="https://i.ytimg.com/vi/yeDVuC65268/hqdefault.jpg">PlayMedia(&quot;plugin://plugin.video.youtube/play/?video_id=yeDVuC65268&amp;sf_options=winID%3D10001%26desc%3D%5BUPPERCASE%5D%5BB%5DMonsterMatt095%5B%2FB%5D%5B%2FUPPERCASE%5D%5BCR%5D%5BCR%5Dhttps%3A%2F%2Fen.wikipedia.org%2Fwiki%2FGamezville+%0AUnfortunately+this+is+the+last+episode+I+have+on+VHS%2C+and+so+will+be+the+last+Gamezville+video+from+me.+%0AStill%2C+proudly+brought+5+more+Gamezville+video+onto+Youtube.+%3AD+%0A%0AGamezville+was+a+Gaming+News+and+Entertainment+show+hosted+by+Jamie+Atiko+and+Darren+Malcolm%2C+and+was+exclusive+to+%22SkyOne%22+in+the+UK.+%0A%0A%0ADisclaimer%3A+%0AI+DO+NOT+own+any+of+the+relevant+content.+I+am+just+hosting+it+here+on+Youtube.+All+rights+Reserved+to+%22Sky+One%22+and+%22Gamezville%22+2003%2F2004.%0A%0A%0A%C2%A9+Gamezville+SkyOne+-+2003%2F+2004.%26_options_sf&quot;)</favourite>
	<favourite name="Retromania - Gamezville 2003 Christmas Special" thumb="https://i.ytimg.com/vi/hO0z5cbrdfE/hqdefault.jpg">PlayMedia(&quot;plugin://plugin.video.youtube/play/?video_id=hO0z5cbrdfE&amp;sf_options=fanart%3Dspecial%3A%2F%2Fhome%2Faddons%2Fplugin.video.youtube%2Fresources%2Fmedia%2Ffanart.jpg%26winID%3D10001%26desc%3D%5BUPPERCASE%5D%5BB%5DJ%5B%2FB%5D%5B%2FUPPERCASE%5D%5BCR%5D%5BCR%5DGamezville+2003+Christmas+Special%26_options_sf&quot;)</favourite>
</favourites>