<favourites>
	<favourite name="BT Sport / ESPN - Vidtime - 12/08/2016" thumb=" ">PlayMedia(&quot;plugin://plugin.video.f4mTester/?url=http://namiptv.ddns.net:6969/live/namiptv.ddns.net/321/4.ts&amp;streamtype=TSDOWNLOADER&amp;name=BT Sport/ ESPN&amp;sf_options=fanart%3Dhttp%3A%2F%2Fs20.postimg.org%2Fdoltr1fu5%2FVTTVBackground.png%26meta%3Dlabel%253D%25255BCOLOR%252Blimegreen%25255DBT%252BSport%252B%25252F%252BESPN%25255B%25252FCOLOR%25255D%26winID%3D10025%26_options_sf&quot;)</favourite>
	<favourite name="ESPN UK - Vidtime - 12/08/2016" thumb=" ">PlayMedia(&quot;plugin://plugin.video.f4mTester/?url=http://mediaipro.com:8000/live/fr443500/75019pa/279.ts&amp;streamtype=TSDOWNLOADER&amp;name=ESPN UK&amp;sf_options=fanart%3Dhttp%3A%2F%2Fs20.postimg.org%2Fdoltr1fu5%2FVTTVBackground.png%26meta%3Dlabel%253D%25255BCOLOR%252Blimegreen%25255DESPN%252BUK%25255B%25252FCOLOR%25255D%26winID%3D10025%26_options_sf&quot;)</favourite>
	<favourite name="BT Sports ESPN - NJM Soccer - 12/08/2016" thumb="DefaultVideo.png">PlayMedia(&quot;plugin://plugin.video.NJMSoccer/?url=plugin%3A%2F%2Fplugin.video.f4mTester%2F%3Fstreamtype%3DTSDOWNLOADER%26url%3Dhttp%3A%2F%2Fwww.q7t1.com%3A8000%2Flive%2FsYKADDaJs2%2FSnoQc6v4hZ%2F1059.ts&amp;mode=12&amp;sf_options=fanart%3Dspecial%3A%2F%2Fhome%2Faddons%5Cplugin.video.NJMSoccer%5Cfanart.jpg%26meta%3Dlabel%253D%252BBT%252BSports%252BESPN%252B%252B%2526title%253D%252BBT%252BSports%252BESPN%252B%252B%26winID%3D10025%26_options_sf&quot;)</favourite>
	<favourite name="BT Sport ESPN HD - NJM Soccer - 12/08/2016" thumb="http://zunox.hk/zunox1.html">PlayMedia(&quot;plugin://plugin.video.NJMSoccer/?url=plugin%3A%2F%2Fplugin.video.SportsDevil%2F%3Fmode%3D1%26amp%3Bitem%3Dcatcher%253dstreams%2526url%3Dhttp%3A%2F%2Fwww.liveonlinetv247.info%2Fbtsportespn.php%2526referer%3Dhttp%3A%2F%2Fwww.liveonlinetv247.info&amp;mode=12&amp;sf_options=fanart%3Dhttp%3A%2F%2Fi57.tinypic.com%2F21l07rc.png%26meta%3Dlabel%253DBT%252BESPN%252BHD%252B%2526title%253DBT%252BESPN%252BHD%252B%26winID%3D10025%26_options_sf&quot;)</favourite>
	<favourite name="BT Sport ESPN - UKTV - 25/08/2016" thumb="https://app.uktvnow.net/images/channel_imgs/130216115545BT-Sport-ESPN.png|User-Agent=Dalvik/2.1.0 (Linux; U; Android 6.0.1; SM-G935F Build/MMB29K)">PlayMedia(&quot;plugin://plugin.video.uktvnow/?url=url&amp;mode=2&amp;name=BT+Sport+ESPN&amp;channelid=107&amp;iconimage=https%3A%2F%2Fapp.uktvnow.net%2Fimages%2Fchannel_imgs%2F130216115545BT-Sport-ESPN.png%7CUser-Agent%3DDalvik%2F2.1.0+%28Linux%3B+U%3B+Android+6.0.1%3B+SM-G935F+Build%2FMMB29K%29&amp;sf_options=fanart%3Dspecial%3A%2F%2Fhome%2Faddons%5Cplugin.video.uktvnow%5Cfanart.jpg%26meta%3Dplot%253D107%2526label%253DBT%252BSport%252BESPN%2526title%253DBT%252BSport%252BESPN%26winID%3D10025%26desc%3D107%26_options_sf&quot;)</favourite>
	<favourite name="BT ESPN - DC Sports - 25/08/2016" thumb="http://www.thelogodb.com/images/media/logo/uxpyxq1441049842.png">PlayMedia(&quot;plugin://plugin.video.DCSports/?url=plugin%3A%2F%2Fplugin.video.f4mTester%2F%3Furl%3Dhttp%3A%2F%2F62-210-214-31.rev.poneytelecom.eu%3A5890%2Flive%2F101158%2F101158%2F1257.ts%26streamtype%3DTSDOWNLOADER%3Bname%3DBTSportsESPN+%23DCSPORTSADDON%7CUser-Agent%3DMozilla%2F5.0+%28iPad%3B+CPU+OS+6_0+like+Mac+OS+X%29+AppleWebKit%2F536.26+%28KHTML%2C+like+Gecko%29+Version%2F6.0+Mobile%2F10A5376e+Safari%2F8536.25%26swf%3B%3DNone%26auth%3B%26simpledownloader%3B%3Dfals%24use_proxy_for_chunks%3Dtrue%26streamtype%3B%3DTSDOWNLOADER%26maxbitrate%3B%3D0%26proxy%3B%3DNone%26url%3B&amp;mode=12&amp;sf_options=fanart%3Dhttp%3A%2F%2Fgoo.gl%2FOha8X3%26meta%3Dlabel%253DBT%252BESPN%2526title%253DBT%252BESPN%26winID%3D10025%26_options_sf&quot;)</favourite>
</favourites>