<favourites>
	<favourite name="Renegades 3 [COLOR blue]SUNDERLAND [/COLOR][COLOR lime]v[/COLOR][COLOR blue] CHELSEA[/COLOR][COLOR lime] 19:45 PM [/COLOR] Live Premiership" thumb="http://i.imgur.com/9MCxK6C.png">PlayMedia(&quot;plugin://plugin.video.livepremiership/?url=http%3A%2F%2Fpastebin.com%2Fraw%2F5C8FR51q&amp;mode=8&amp;name=%5BCOLOR+blue%5DSUNDERLAND+%5B%2FCOLOR%5D%5BCOLOR+lime%5Dv%5B%2FCOLOR%5D%5BCOLOR+blue%5D+CHELSEA%5B%2FCOLOR%5D%5BCOLOR+lime%5D+19%3A45+PM+%5B%2FCOLOR%5D&amp;fanart=http%3A%2F%2Fi.imgur.com%2FzaL52nG.png&amp;sf_options=fanart%3Dhttp%3A%2F%2Fi.imgur.com%2FzaL52nG.png%26meta%3Dlabel%253D%25255BCOLOR%252Bblue%25255DSUNDERLAND%252B%25255B%25252FCOLOR%25255D%25255BCOLOR%252Blime%25255Dv%25255B%25252FCOLOR%25255D%25255BCOLOR%252Bblue%25255D%252BCHELSEA%25255B%25252FCOLOR%25255D%25255BCOLOR%252Blime%25255D%252B19%25253A45%252BPM%252B%25255B%25252FCOLOR%25255D%2526title%253D%25255BCOLOR%252Bblue%25255DSUNDERLAND%252B%25255B%25252FCOLOR%25255D%25255BCOLOR%252Blime%25255Dv%25255B%25252FCOLOR%25255D%25255BCOLOR%252Bblue%25255D%252BCHELSEA%25255B%25252FCOLOR%25255D%25255BCOLOR%252Blime%25255D%252B19%25253A45%252BPM%252B%25255B%25252FCOLOR%25255D%26winID%3D10025%26_options_sf&quot;)</favourite>
	<favourite name="Renegades 3 19:45 Sunderland v Chelsea [Futbol 2 Ukraine - 1080p] [COLOR yellow][B]*Acestream[/B][/COLOR] NJM" thumb="http://img0.cfstatic.com/wallpapers/f36c1ef92fbb2e97dcfb2f4b6e6e8044_large.jpeg">PlayMedia(&quot;plugin://plugin.video.NJMSoccer/?url=plugin%3A%2F%2Fprogram.plexus%2F%3Fmode%3D1%26url%3Dacestream%3A%2F%2F4e326dbb2145c9c0a4c90b67aaf6e143d59bf38f%26name%3DMy%2Bacestream%2Bchannel&amp;mode=12&amp;sf_options=fanart%3Dhttp%3A%2F%2Fimg0.cfstatic.com%2Fwallpapers%2Ff36c1ef92fbb2e97dcfb2f4b6e6e8044_large.jpeg%26meta%3Dlabel%253D19%25253A45%252BSunderland%252Bv%252BChelsea%252B%25255BFutbol%252B2%252BUkraine%252B-%252B1080p%25255D%252B%25255BCOLOR%252Byellow%25255D%25255BB%25255D%25252AAcestream%25255B%25252FB%25255D%25255B%25252FCOLOR%25255D%2526title%253D19%25253A45%252BSunderland%252Bv%252BChelsea%252B%25255BFutbol%252B2%252BUkraine%252B-%252B1080p%25255D%252B%25255BCOLOR%252Byellow%25255D%25255BB%25255D%25252AAcestream%25255B%25252FB%25255D%25255B%25252FCOLOR%25255D%26winID%3D10025%26_options_sf&quot;)</favourite>
	<favourite name="Renegades 3 Sunderland vs Chelsea Zem" thumb="http://mamahd.com/images/leagues/123.png">PlayMedia(&quot;plugin://plugin.video.ZemTV-shani/?url=bWFtYWhkOmh0dHA6Ly9tYW1haGQuY29tL2NoZWxzZWEtbGl2ZS1zdHJlYW02LTEuaHRtbA%3D%3D&amp;mode=11&amp;name=Sunderland+vs+Chelsea%5BCOLOR+red%5D%0ALIVE+in+28+Hrs%5B%2FCOLOR%5D&amp;sf_options=meta%3Dlabel%253DSunderland%252Bvs%252BChelsea%25255BCOLOR%252Bred%25255D%25255CnLIVE%252Bin%252B28%252BHrs%25255B%25252FCOLOR%25255D%2526title%253DSunderland%252Bvs%252BChelsea%25255BCOLOR%252Bred%25255D%25255CnLIVE%252Bin%252B28%252BHrs%25255B%25252FCOLOR%25255D%26winID%3D10025%26_options_sf&quot;)</favourite>
	<favourite name="Renegades 3 Sunderland vs Chelsea" thumb="/images/icons/football.png">PlayMedia(&quot;plugin://plugin.video.ZemTV-shani/?url=c3RyZWFtaGQ6aHR0cDovL3d3dy5zdHJlYW1oZC5ldS9mb290YmFsbC9zdW5kZXJsYW5kLXZzLWNoZWxzZWEtbGl2ZS1zdHJlYW0tNzUzLnBocA%3D%3D&amp;mode=11&amp;name=%5BCOLOR+green%5D+19%3A45+GMT%5B%2FCOLOR%5D%3A+%5BCOLOR+red%5D+Football%5B%2FCOLOR%5D++%0A+Sunderland+vs+Chelsea+&amp;sf_options=meta%3Dlabel%253D%25255BCOLOR%252Bgreen%25255D%252B19%25253A45%252BGMT%25255B%25252FCOLOR%25255D%25253A%252B%25255BCOLOR%252Bred%25255D%252BFootball%25255B%25252FCOLOR%25255D%252B%252B%25255Cn%252BSunderland%252Bvs%252BChelsea%252B%2526title%253D%25255BCOLOR%252Bgreen%25255D%252B19%25253A45%252BGMT%25255B%25252FCOLOR%25255D%25253A%252B%25255BCOLOR%252Bred%25255D%252BFootball%25255B%25252FCOLOR%25255D%252B%252B%25255Cn%252BSunderland%252Bvs%252BChelsea%252B%26winID%3D10025%26_options_sf&quot;)</favourite>
	<favourite name="Renegades 3 [COLOR yellow] SUNDERLAND VS CHELSEA [/COLOR] Adrian Sports" thumb="https://s31.postimg.org/xaap1y7ff/premier_league.jpg">ActivateWindow(10025,&quot;plugin://plugin.video.adriansports/?fanart=https%3a%2f%2fgoo.gl%2fkw8Rmg&amp;mode=30&amp;name=%5bCOLOR%20yellow%5d%20SUNDERLAND%20VS%20CHELSEA%20%5b%2fCOLOR%5d&amp;url=%0asublink%3ahttp%3a%2f%2ftinyurl.com%2fzyby4ny%7cUser-Agent%3dMozilla%2f5.0%20(Linux%3b%20Android%205.1.1%3b%20en-GB%3b%20NEO-U1%20Build%2fLMY47V.20160415%20release-keys)%20MXPlayer%2f1.7.40%23%0asublink%3ahttp%3a%2f%2f185.73.239.47%3a1935%2flive%2fhdmi16%2fplaylist.m3u8%23%0a&amp;sf_options=fanart%3Dhttps%3A%2F%2Fgoo.gl%2Fkw8Rmg%26meta%3Dlabel%253D%25255BCOLOR%252Byellow%25255D%252BSUNDERLAND%252BVS%252BCHELSEA%252B%25255B%25252FCOLOR%25255D%2526title%253D%25255BCOLOR%252Byellow%25255D%252BSUNDERLAND%252BVS%252BCHELSEA%252B%25255B%25252FCOLOR%25255D%26_options_sf&quot;,return)</favourite>
</favourites>