<favourites>
	<favourite name="Renegades 3 - UFC SD" thumb="DefaultVideo.png">PlayMedia(&quot;plugin://plugin.video.ProjectCypher/?url=http%3A%2F%2F193.200.164.134%3A56019%2Flive%2Fonline%2Ftv%2F1766.ts%7CUser-Agent%3DONLINETVCLIENT_X60000_X25000_X4000MEGA_V1770%26amp%3Bmode%3D12&amp;mode=12&amp;sf_options=meta%3Dduration%253D0%2526label%253DCypher%252BMedia%252BUK-BT%252BSport2%252BHD%2526title%253DCypher%252BMedia%252BUK-BT%252BSport2%252BHD%26winID%3D10025%26desc%3DListItem.AddonDescription%26_options_sf&quot;)</favourite>
	<favourite name="Renegades 3 - UFC SD" thumb="DefaultVideo.png">PlayMedia(&quot;plugin://plugin.video.ProjectCypher/?url=http%3A%2F%2F193.200.164.134%3A56019%2Flive%2Fonline%2Ftv%2F162.ts%7CUser-Agent%3DONLINETVCLIENT_X60000_X25000_X4000MEGA_V1770%26amp%3Bmode%3D12&amp;mode=12&amp;sf_options=meta%3Dduration%253D0%2526label%253DCypher%252BMedia%252BUK%25253A%252BSky%252BBT%252BSport%252B2%252BSD%2526title%253DCypher%252BMedia%252BUK%25253A%252BSky%252BBT%252BSport%252B2%252BSD%26winID%3D10025%26desc%3DListItem.AddonDescription%26_options_sf&quot;)</favourite>
	<favourite name="Renegades 3 - UFC 1080P" thumb="http://guide.overlordtv.tk/logos/328.png">PlayMedia(&quot;plugin://plugin.video.ProjectCypher/?url=plugin%3A%2F%2Fplugin.video.f4mTester%2F%3Fstreamtype%3DTSDOWNLOADER%26url%3Dhttp%3A%2F%2Fdreamlord.tk%3A5454%2Flive%2Fricciskyline%40yahoo.co.uk%2Fw6u9HS7t7r%2F14103.ts&amp;mode=12&amp;sf_options=meta%3Dlabel%253D328%252B-%252BBT%252BSPORT%252B2%252BHD%2526title%253D328%252B-%252BBT%252BSPORT%252B2%252BHD%26winID%3D10025%26desc%3DListItem.AddonDescription%26_options_sf&quot;)</favourite>
	<favourite name="Renegades 3 - UFC1080" thumb="DefaultFolder.png">PlayMedia(&quot;plugin://plugin.video.ZemTV-shani/?url=aXBib3g6aHR0cDovL2lwdHZyZXNlbGxlci54eXo6MTIzNC9saXZlL3d3dy5pcHR2cmVzdHJlYW0ubmV0L2VlR1kwVExsVTYvMzI5LnRzfFVzZXItQWdlbnQ9ZnVjaw%3D%3D&amp;mode=11&amp;name=Usa+%7C+fox+sports+1+hd+%3D%3E+http%3A%2F%2Fiptvrestream.net%2F%0D+ipbox&amp;sf_options=meta%3Dlabel%253DUsa%252B%25257C%252Bfox%252Bsports%252B1%252Bhd%252B%25253D%25253E%252Bhttp%25253A%25252F%25252Fiptvrestream.net%25252F%25250D%252Bipbox%2526title%253DUsa%252B%25257C%252Bfox%252Bsports%252B1%252Bhd%252B%25253D%25253E%252Bhttp%25253A%25252F%25252Fiptvrestream.net%25252F%25250D%252Bipbox%26winID%3D10025%26desc%3DListItem.AddonDescription%26_options_sf&quot;)</favourite>
	<favourite name="Renegades 3 - [COLOR lightyellow]fox sports 1[/COLOR] [COLOR dodgerblue](Live now: UFC Fight Night: Gustafsson vs. Teixeira - Prelims)[/COLOR]" thumb="DefaultVideo.png">PlayMedia(&quot;plugin://plugin.video.mic/?url=%24doregex%5BgetUrl%5D%7CUser-Agent%3DiPad&amp;mode=17&amp;regexs=%7Bu%27getUrl%27%3A%20%7B%27expres%27%3A%20u%27%23%24pyFunction%5Cr%5Cnimport%20re%2C%20requests%5Cr%5Cndef%20GetLSProData%28page_data%2CCookie_Jar%2Cm%2C%29%3A%5Cr%5Cn%20first_ip%20%3D%20re.findall%28%22x_first_ip.%2B%3F%5C%27%28.%2A%3F%29%5C%27%22%2C%20page_data%29%5B0%5D%5Cr%5Cn%20first_c%20%3D%20re.findall%28%22x_first_c.%2B%3F%5C%27%28.%2A%3F%29%5C%27%22%2C%20page_data%29%5B0%5D%5Cr%5Cn%20ket2%20%3D%20re.findall%28%22ket2.%2B%3F%5C%27%28.%2A%3F%29%5C%27%22%2C%20page_data%29%5B0%5D%5Cr%5Cn%20first_ua%20%3D%20re.findall%28%22x_first_ua.%2B%3F%5C%27%28.%2A%3F%29%5C%27%22%2C%20page_data%29%5B0%5D%5Cr%5Cn%20preurl%20%3D%20%5C%27http%3A//tmg.ustreamix.com/%5C%27%20%20%20%23%20here%20is%20the%20server%20url%20which%20changed%20most%20of%20time%5Cr%5Cn%20url%20%3D%20preurl%20%2B%20%5C%27stats.php%3Fp%3D%5C%27%20%2B%20first_ip%20%2B%20%5C%27%26C%3D%5C%27%20%2B%20first_c%20%2B%20%5C%27%26Ket%3D%5C%27%20%2B%20ket2%5Cr%5Cn%20source%20%3D%20requests.get%28url%2C%20headers%20%3D%20%7B%5C%27Referer%5C%27%3A%20%5C%27https%3A//beta.ustreamix.com//stream.php%3Fid%3Dfox-sports-1-b%5C%27%2C%20%5C%27User-Agent%5C%27%3A%20first_ua%2C%20%5C%27Accept%5C%27%3A%20%5C%27%2A/%2A%5C%27%7D%29.text%5Cr%5Cn%20tok%20%3D%20re.findall%28%5C%27var%20jdtk%3D%22%28.%2A%3F%29%22%5C%27%2C%20source%29%5B0%5D%5Cr%5Cn%20return%20preurl%20%2B%20%5C%27tmg.m3u8%3F%5C%27%20%2B%20%5C%27/stream.php%3Fid%3Dfox-sports-1-b%5C%27%20%2B%20%5C%27%26token%3D%5C%27%20%2B%20tok%5Cr%5Cn%27%2C%20%27cookiejar%27%3A%20%27%27%2C%20%27name%27%3A%20u%27getUrl%27%2C%20%27agent%27%3A%20u%27Mozilla/5.0%20%28X11%3B%20Linux%20i686%3B%20rv%3A44.0%29%20Gecko/20100101%20Firefox/44.0%20Iceweasel/44.0%27%2C%20%27page%27%3A%20u%27https%3A//beta.ustreamix.com//stream.php%3Fid%3Dfox-sports-1-b%27%7D%7D&amp;sf_options=meta%3Dduration%253D0%2526label%253D%25255BCOLOR%252Blightyellow%25255Dfox%252Bsports%252B1%25255B%25252FCOLOR%25255D%252B%25255BCOLOR%252Bdodgerblue%25255D%252528Live%252Bnow%25253A%252BUFC%252BFight%252BNight%25253A%252BGustafsson%252Bvs.%252BTeixeira%252B-%252BPrelims%252529%25255B%25252FCOLOR%25255D%26winID%3D10025%26desc%3DListItem.AddonDescription%26_options_sf&quot;)</favourite>
</favourites>