<favourites>
	<favourite name="Renegades 3 - Detroit Lions" thumb="http://i.nflcdn.com/static/site/7.5/img/logos/png-500x500/shield/nfl_shield.png">PlayMedia(&quot;plugin://plugin.video.mic/?url=http%3A%2F%2Flive.nflhdpro.com%3A8081%2Fnfl%2Fnfl11%2Fplaylist.m3u8&amp;mode=12&amp;iconimage=http%3A%2F%2Fi.nflcdn.com%2Fstatic%2Fsite%2F7.5%2Fimg%2Flogos%2Fpng-500x500%2Fshield%2Fnfl_shield.png&amp;sf_options=fanart%3Dhttp%3A%2F%2Fhdw7.com%2Fwallpapers%2F13%2Fphillip-rivers-wallpaper.jpg%26winID%3D10025%26_options_sf&quot;)</favourite>
	<favourite name="Renegades 3 - Detroit Lions" thumb="http://i.nflcdn.com/static/site/7.5/img/logos/png-500x500/shield/nfl_shield.png">PlayMedia(&quot;plugin://plugin.video.mic/?url=plugin%3A%2F%2Fplugin.video.SportsDevil%2F%3Fmode%3D1%26amp%3Bitem%3Dcatcher%253dstreams%2526url%3Dhttp%3A%2F%2Flive-sports-stream.net%2Fembed%2Fvideo.php%3Fchannel%3D8%2526referer%3Dhttp%3A%2F%2Flive-sports-stream.net%2F&amp;mode=12&amp;iconimage=http%3A%2F%2Fi.nflcdn.com%2Fstatic%2Fsite%2F7.5%2Fimg%2Flogos%2Fpng-500x500%2Fshield%2Fnfl_shield.png&amp;sf_options=fanart%3Dhttp%3A%2F%2Fhdw7.com%2Fwallpapers%2F13%2Fphillip-rivers-wallpaper.jpg%26winID%3D10025%26_options_sf&quot;)</favourite>
	<favourite name="Renegades 3 - Seattle Seahawks" thumb="http://i.nflcdn.com/static/site/7.5/img/logos/png-500x500/shield/nfl_shield.png">PlayMedia(&quot;plugin://plugin.video.mic/?url=http%3A%2F%2Flive.nflhdpro.com%3A8081%2Fnfl%2Fnfl12%2Fplaylist.m3u8&amp;mode=12&amp;iconimage=http%3A%2F%2Fi.nflcdn.com%2Fstatic%2Fsite%2F7.5%2Fimg%2Flogos%2Fpng-500x500%2Fshield%2Fnfl_shield.png&amp;sf_options=fanart%3Dhttp%3A%2F%2Fhdw7.com%2Fwallpapers%2F13%2Fphillip-rivers-wallpaper.jpg%26winID%3D10025%26_options_sf&quot;)</favourite>
	<favourite name="Renegades 3 - Seattle Seahawks" thumb="http://i.nflcdn.com/static/site/7.5/img/logos/png-500x500/shield/nfl_shield.png">PlayMedia(&quot;plugin://plugin.video.mic/?url=plugin%3A%2F%2Fplugin.video.SportsDevil%2F%3Fmode%3D1%26amp%3Bitem%3Dcatcher%253dstreams%2526url%3Dhttp%3A%2F%2Flive-sports-stream.net%2Fembed%2Fvideo.php%3Fchannel%3D2%2526referer%3Dhttp%3A%2F%2Flive-sports-stream.net%2F&amp;mode=12&amp;iconimage=http%3A%2F%2Fi.nflcdn.com%2Fstatic%2Fsite%2F7.5%2Fimg%2Flogos%2Fpng-500x500%2Fshield%2Fnfl_shield.png&amp;sf_options=fanart%3Dhttp%3A%2F%2Fhdw7.com%2Fwallpapers%2F13%2Fphillip-rivers-wallpaper.jpg%26winID%3D10025%26_options_sf&quot;)</favourite>
</favourites>