<favourites>
	<favourite name="Renegades 3 [COLOR blue]CHELSEA [/COLOR][COLOR lime]v[/COLOR][COLOR blue] STOKE CITY[/COLOR] Live Premiership" thumb="http://i.imgur.com/9MCxK6C.png">PlayMedia(&quot;plugin://plugin.video.livepremiership/?url=http%3A%2F%2Fpastebin.com%2Fraw%2F5C8FR51q&amp;mode=8&amp;name=%5BCOLOR+blue%5DCHELSEA+%5B%2FCOLOR%5D%5BCOLOR+lime%5Dv%5B%2FCOLOR%5D%5BCOLOR+blue%5D+STOKE+CITY%5B%2FCOLOR%5D&amp;fanart=http%3A%2F%2Fi.imgur.com%2FNZUuFCS.png&amp;sf_options=fanart%3Dhttp%3A%2F%2Fi.imgur.com%2FNZUuFCS.png%26winID%3D10001%26_options_sf&quot;)</favourite>
	<favourite name="Renegades 3 Chelsea vs Stoke City" thumb="http://mamahd.com/images/leagues/123.png">PlayMedia(&quot;plugin://plugin.video.ZemTV-shani/?url=bWFtYWhkOmh0dHA6Ly9tYW1haGQuY29tL2NoZWxzZWEtbGl2ZS1zdHJlYW02LTEuaHRtbA%3D%3D&amp;mode=11&amp;name=Chelsea+vs+Stoke+City%5BCOLOR+red%5D%0ALIVE+in+52+Hrs%5B%2FCOLOR%5D&amp;sf_options=winID%3D10001%26_options_sf&quot;)</favourite>
	<favourite name="Renegades 3 Chelsea vs Stoke City" thumb="/images/icons/football.png">PlayMedia(&quot;plugin://plugin.video.ZemTV-shani/?url=c3RyZWFtaGQ6aHR0cDovL3d3dy5zdHJlYW1oZC5ldS9mb290YmFsbC9jaGVsc2VhLXZzLXN0b2tlLWNpdHktbGl2ZS1zdHJlYW0tMzU1LnBocA%3D%3D&amp;mode=11&amp;name=%5BCOLOR+green%5D+15%3A00+GMT%5B%2FCOLOR%5D%3A+%5BCOLOR+red%5D+Football%5B%2FCOLOR%5D++%0A+Chelsea+vs+Stoke+City+&amp;sf_options=winID%3D10001%26_options_sf&quot;)</favourite>
	<favourite name="Renegades 3[COLOR blue] CHELSEA VS STOKE CITY [/COLOR] Adrian" thumb="https://s31.postimg.org/xaap1y7ff/premier_league.jpg">PlayMedia(&quot;plugin://plugin.video.adriansports/?fanart=https%3a%2f%2fgoo.gl%2fkw8Rmg&amp;mode=30&amp;name=%5bCOLOR%20blue%5d%20CHELSEA%20VS%20STOKE%20CITY%20%5b%2fCOLOR%5d&amp;url=%0asublink%3ahttp%3a%2f%2ftinyurl.com%2fzfokqsg%7cUser-Agent%3dMozilla%2f5.0%20(Linux%3b%20Android%205.1.1%3b%20en-GB%3b%20NEO-U1%20Build%2fLMY47V.20160415%20release-keys)%20MXPlayer%2f1.7.40%23%0asublink%3aplugin%3a%2f%2fplugin.video.f4mTester%2f%3furl%3d%26streamtype%3dTSDOWNLOADER%26name%3dCNBC%7cUser-Agent%3dMozilla%2f5.0%20(Windows%20NT%2010.0%3b%20WOW64%3b%20rv%3a47.0)%20Gecko%2f20100101%20Firefox%2f47.0%20FirePHP%2f0.7.4%23%0asublink%3aplugin%3a%2f%2fplugin.video.f4mTester%2f%3furl%3d%26streamtype%3dTSDOWNLOADER%26name%3dBEIN2%7cUser-Agent%3dMozilla%2f5.0%20(Windows%20NT%2010.0%3b%20WOW64%3b%20rv%3a47.0)%20Gecko%2f20100101%20Firefox%2f47.0%20FirePHP%2f0.7.4%23%0a&amp;sf_options=fanart%3Dhttps%3A%2F%2Fgoo.gl%2Fkw8Rmg%26_options_sf&quot;)</favourite>
</favourites>