<favourites>
	<favourite name="Renegades 3 HD3 njm" thumb="http://thevoice-fuerteventura.com/directory/wp-content/uploads/2014/07/keep-calm-live-football-shown-here-2.png">PlayMedia(&quot;plugin://plugin.video.NJMSoccer/?url=rtmp%3A%2F%2F138.201.155.39%3A62468%2Fchannel3%2F%3Fchannel1%2FmyStream&amp;mode=12&amp;sf_options=fanart%3Dhttp%3A%2F%2Fthevoice-fuerteventura.com%2Fdirectory%2Fwp-content%2Fuploads%2F2014%2F07%2Fkeep-calm-live-football-shown-here-2.png%26winID%3D10001%26_options_sf&quot;)</favourite>
	<favourite name="Renegades 3 Aberdeen v Celtic" thumb="DefaultVideo.png">PlayMedia(&quot;plugin://plugin.video.sanctuary/?url=plugin%3A%2F%2Fplugin.video.f4mTester%2F%3Fstreamtype%3DTSDOWNLOADER%26amp%3Burl%3Dhttp%3A%2F%2F149.202.198.186%3A50100%2Flive%2Fahmed%2Fahmed%2F424.ts%3Bname%3DBAMF+TV&amp;mode=1112&amp;sf_options=winID%3D10001%26_options_sf&quot;)</favourite>
	<favourite name="Renegades 2 Aberdeen v Celtic 1080" thumb="http://f1weekends.com/wp-content/uploads/2015/07/BT_Sport_Ultra_HD_F1Weekends.jpg">PlayMedia(&quot;plugin://plugin.video.sanctuary/?url=plugin%3A%2F%2Fplugin.video.f4mTester%2F%3Fstreamtype%3DTSDOWNLOADER%26url%3Dhttp%3A%2F%2Fgo.teamexpat.ninja%2Flive%2Fsuperjohn182%40hotmail.co.uk%2FMonday100%2F45021.ts%26streamtype%3D.TSDOWNLOADER%3Bname%3DBT+Sports+1+HD&amp;mode=1112&amp;sf_options=fanart%3Dspecial%3A%2F%2Fhome%2Faddons%2Fplugin.video.sanctuary%2Ffanart.jpg%26winID%3D10001%26_options_sf&quot;)</favourite>
	<favourite name="Renegades 2 Aberdeen v Celtic Zem" thumb="DefaultFolder.png">PlayMedia(&quot;plugin://plugin.video.ZemTV-shani/?url=aXBib3g6aHR0cDovL2lwdHYubW9ua2V5Y2xpbmUuY29tOjI1NDYxL2xpdmUvamFzbmUvamFzbmUvMTcwNi5tM3U4fFVzZXItQWdlbnQ9VkxDLzIuMy4xIExpYlZMQy8yLjIuMTcmSWN5LU1ldGFEYXRhPTE%3D&amp;mode=11&amp;name=%5BCOLOR+FF11b500%5DBt+sport+1%0D+ipbox%5B%2FCOLOR%5D&amp;sf_options=winID%3D10001%26_options_sf&quot;)</favourite>
</favourites>