<favourites>
	<favourite name="Renegades 3 MAN CITY" thumb="http://thevoice-fuerteventura.com/directory/wp-content/uploads/2014/07/keep-calm-live-football-shown-here-2.png">PlayMedia(&quot;plugin://plugin.video.NJMSoccer/?url=http%3A%2F%2F46.166.162.35%3A9090%2Fload%2Fb0922f3fa8aa%2F55.m3u8&amp;mode=12&amp;sf_options=fanart%3Dhttp%3A%2F%2Fthevoice-fuerteventura.com%2Fdirectory%2Fwp-content%2Fuploads%2F2014%2F07%2Fkeep-calm-live-football-shown-here-2.png%26winID%3D10025%26_options_sf&quot;)</favourite>
	<favourite name="Renegades 3 15:00 Manchester City v Middlesborough [TSN 4 - 720p] [COLOR yellow][B]*Acestream[/B][/COLOR]" thumb="http://img0.cfstatic.com/wallpapers/f36c1ef92fbb2e97dcfb2f4b6e6e8044_large.jpeg">PlayMedia(&quot;plugin://plugin.video.NJMSoccer/?url=plugin%3A%2F%2Fprogram.plexus%2F%3Fmode%3D1%26url%3Dacestream%3A%2F%2F2cf679426dd35d25f17e97621ac2245793452790%26name%3DMy%2Bacestream%2Bchannel&amp;mode=12&amp;sf_options=fanart%3Dhttp%3A%2F%2Fimg0.cfstatic.com%2Fwallpapers%2Ff36c1ef92fbb2e97dcfb2f4b6e6e8044_large.jpeg%26winID%3D10025%26_options_sf&quot;)</favourite>
	<favourite name="Renegades 3 ~ Man City v Middlesboro" thumb="http://leaguelane.com/wp-content/uploads/2016/11/Manchester-City-vs-Middlesbrough-EPL-Match-Preview-and-Prediction-5th-November-2016-265x198.jpg">PlayMedia(&quot;plugin://plugin.video.NJMSoccer/?url=plugin%3A%2F%2Fplugin.video.SportsDevil%2F%3Fmode%3D1%26amp%3Bitem%3Dcatcher%253dstreams%2526url%3Dhttp%3A%2F%2Fwww.antenasport.eu%2Fantenalive.html%2526referer%3Dhttp%3A%2F%2Fwww.antenasport.eu%2Fantenalive.html&amp;mode=12&amp;sf_options=fanart%3Dhttp%3A%2F%2F90mins.org%2Fimages%2Fnews%2Fpremier-league-16-17.jpg%26winID%3D10025%26_options_sf&quot;)</favourite>
	<favourite name="Renegades 3 ~ Man City v Middlesboro" thumb="http://leaguelane.com/wp-content/uploads/2016/11/Manchester-City-vs-Middlesbrough-EPL-Match-Preview-and-Prediction-5th-November-2016-265x198.jpg">PlayMedia(&quot;plugin://plugin.video.NJMSoccer/?url=plugin%3A%2F%2Fplugin.video.SportsDevil%2F%3Fmode%3D1%26amp%3Bitem%3Dcatcher%253dstreams%2526url%3Dhttp%3A%2F%2Fwww.tolive.eu%2Ftv-1%2Fplayer.php%3Fid%3D14%2526referer%3Dhttp%3A%2F%2Fwww.tolive.eu%2Ftv-1%2Fplayer.php%3Fid%3D14&amp;mode=12&amp;sf_options=fanart%3Dhttp%3A%2F%2F90mins.org%2Fimages%2Fnews%2Fpremier-league-16-17.jpg%26winID%3D10025%26_options_sf&quot;)</favourite>
</favourites>