<favourites>
	<favourite name="Renegades 3 [COLOR cyan] STOKE CITY VS LEICESTER CITY [/COLOR] Adrian Sports" thumb="https://s31.postimg.org/xaap1y7ff/premier_league.jpg">ActivateWindow(10025,&quot;plugin://plugin.video.adriansports/?fanart=https%3a%2f%2fgoo.gl%2fkw8Rmg&amp;mode=30&amp;name=%5bCOLOR%20cyan%5d%20STOKE%20CITY%20VS%20LEICESTER%20CITY%20%5b%2fCOLOR%5d&amp;url=%0asublink%3aplugin%3a%2f%2fplugin.video.f4mTester%2f%3furl%3dhttp%3a%2f%2fexpressworld.zapto.org%3a8000%2flive%2finternext.zapto.org%2fislam%2f618.ts%26streamtype%3dTSDOWNLOADER%26name%3dTSN5%7cUser-Agent%3dMozilla%2f5.0%20(Windows%20NT%2010.0%3b%20WOW64%3b%20rv%3a47.0)%20Gecko%2f20100101%20Firefox%2f47.0%20FirePHP%2f0.7.4%23%0asublink%3aplugin%3a%2f%2fplugin.video.f4mTester%2f%3furl%3dhttp%3a%2f%2fbulkyiptv.com%3a5750%2flive%2fpaulb%2fpaulb%2f21520.ts%26streamtype%3dTSDOWNLOADER%26name%3dSKYNETHD%7cUser-Agent%3dMozilla%2f5.0%20(Windows%20NT%2010.0%3b%20WOW64%3b%20rv%3a47.0)%20Gecko%2f20100101%20Firefox%2f47.0%20FirePHP%2f0.7.4%23%0asublink%3aplugin%3a%2f%2fplugin.video.f4mTester%2f%3furl%3dhttp%3a%2f%2f137.74.94.161%3a8000%2flive%2fendy%2fendy%2f10087.ts%26streamtype%3dTSDOWNLOADER%26name%3dASTRO3%7cUser-Agent%3dMozilla%2f5.0%20(Windows%20NT%2010.0%3b%20WOW64%3b%20rv%3a47.0)%20Gecko%2f20100101%20Firefox%2f47.0%20FirePHP%2f0.7.4%23%0a&amp;sf_options=fanart%3Dhttps%3A%2F%2Fgoo.gl%2Fkw8Rmg%26meta%3Dlabel%253D%25255BCOLOR%252Bcyan%25255D%252BSTOKE%252BCITY%252BVS%252BLEICESTER%252BCITY%252B%25255B%25252FCOLOR%25255D%2526title%253D%25255BCOLOR%252Bcyan%25255D%252BSTOKE%252BCITY%252BVS%252BLEICESTER%252BCITY%252B%25255B%25252FCOLOR%25255D%26_options_sf&quot;,return)</favourite>
	<favourite name="Renegades 3 Stoke City vs Leicester City ZEM" thumb="/images/icons/football.png">PlayMedia(&quot;plugin://plugin.video.ZemTV-shani/?url=c3RyZWFtaGQ6aHR0cDovL3d3dy5zdHJlYW1oZC5ldS9mb290YmFsbC9zdG9rZS1jaXR5LXZzLWxlaWNlc3Rlci1jaXR5LWxpdmUtc3RyZWFtLTczNy5waHA%3D&amp;mode=11&amp;name=%5BCOLOR+green%5D+15%3A00+GMT%5B%2FCOLOR%5D%3A+%5BCOLOR+red%5D+Football%5B%2FCOLOR%5D++%0A+Stoke+City+vs+Leicester+City+&amp;sf_options=meta%3Dlabel%253D%25255BCOLOR%252Bgreen%25255D%252B15%25253A00%252BGMT%25255B%25252FCOLOR%25255D%25253A%252B%25255BCOLOR%252Bred%25255D%252BFootball%25255B%25252FCOLOR%25255D%252B%252B%25255Cn%252BStoke%252BCity%252Bvs%252BLeicester%252BCity%252B%2526title%253D%25255BCOLOR%252Bgreen%25255D%252B15%25253A00%252BGMT%25255B%25252FCOLOR%25255D%25253A%252B%25255BCOLOR%252Bred%25255D%252BFootball%25255B%25252FCOLOR%25255D%252B%252B%25255Cn%252BStoke%252BCity%252Bvs%252BLeicester%252BCity%252B%26winID%3D10025%26_options_sf&quot;)</favourite>
	<favourite name="Renegades 3 [COLOR blue]STOKE [/COLOR][COLOR lime]v[/COLOR][COLOR blue] LEICESTER[/COLOR] Live Premiership" thumb="http://i.imgur.com/9MCxK6C.png">PlayMedia(&quot;plugin://plugin.video.livepremiership/?url=http%3A%2F%2Fpastebin.com%2Fraw%2F5C8FR51q&amp;mode=8&amp;name=%5BCOLOR+blue%5DSTOKE+%5B%2FCOLOR%5D%5BCOLOR+lime%5Dv%5B%2FCOLOR%5D%5BCOLOR+blue%5D+LEICESTER%5B%2FCOLOR%5D&amp;fanart=http%3A%2F%2Fi.imgur.com%2FzaL52nG.png&amp;sf_options=fanart%3Dhttp%3A%2F%2Fi.imgur.com%2FzaL52nG.png%26meta%3Dlabel%253D%25255BCOLOR%252Bblue%25255DSTOKE%252B%25255B%25252FCOLOR%25255D%25255BCOLOR%252Blime%25255Dv%25255B%25252FCOLOR%25255D%25255BCOLOR%252Bblue%25255D%252BLEICESTER%25255B%25252FCOLOR%25255D%2526title%253D%25255BCOLOR%252Bblue%25255DSTOKE%252B%25255B%25252FCOLOR%25255D%25255BCOLOR%252Blime%25255Dv%25255B%25252FCOLOR%25255D%25255BCOLOR%252Bblue%25255D%252BLEICESTER%25255B%25252FCOLOR%25255D%26winID%3D10025%26_options_sf&quot;)</favourite>
	<favourite name="Reneagdes 3 Stoke v Leicester NJM" thumb="http://i64.tinypic.com/29gyoo.png">PlayMedia(&quot;plugin://plugin.video.NJMSoccer/?url=plugin%3A%2F%2Fplugin.video.SportsDevil%2F%3Fmode%3D1%26amp%3Bitem%3Dcatcher%253dstreams%2526url%3Dhttp%3A%2F%2Fwizhdsports.to%2Fwatch%2FStoke_City_vs_Leicester_City_Football%2Fstream32%2526referer%3Dhttp%3A%2F%2Fwizhdsports.to%2Fwatch%2FStoke_City_vs_Leicester_City_Football%2Fstream32&amp;mode=12&amp;sf_options=fanart%3Dhttp%3A%2F%2Fi64.tinypic.com%2F29gyoo.png%26meta%3Dlabel%253D%25255BCOLOR%252Byellow%25255D%25255BB%25255DMATCHDAY%252B%25255BMQ%25255D%25255B%25252FB%25255D%25255B%25252FCOLOR%25255D%252B%25257E%252BMatch%252B6%252B-%252BStoke%252Bv%252BLeicester%2526title%253D%25255BCOLOR%252Byellow%25255D%25255BB%25255DMATCHDAY%252B%25255BMQ%25255D%25255B%25252FB%25255D%25255B%25252FCOLOR%25255D%252B%25257E%252BMatch%252B6%252B-%252BStoke%252Bv%252BLeicester%26winID%3D10025%26_options_sf&quot;)</favourite>
</favourites>