<favourites>
	<favourite name="Renegades 3 LUDOGORETS-ARSENAL" thumb=" ">PlayMedia(&quot;plugin://program.plexus/?mode=1&amp;url=acestream://75495b030175229976bf2f619684ce12f61ee959&amp;name=VIDTIME&amp;sf_options=fanart%3Dhttp%3A%2F%2Fs5.postimg.org%2Fk44hcn1c7%2FLivewall.jpg%26winID%3D10025%26_options_sf&quot;)</favourite>
	<favourite name="Renegades 3 LUDOGORETS-ARSENAL" thumb=" ">PlayMedia(&quot;plugin://program.plexus/?mode=1&amp;url=acestream://4d0e8adbe3f332d24467873cd4831e6992ea465c&amp;name=VIDTIME&amp;sf_options=fanart%3Dhttp%3A%2F%2Fs5.postimg.org%2Fk44hcn1c7%2FLivewall.jpg%26winID%3D10025%26_options_sf&quot;)</favourite>
	<favourite name="Renegades 3 19:45 Ludogarets v Arsenal [FS2 - 720p]" thumb="http://thevoice-fuerteventura.com/directory/wp-content/uploads/2014/07/keep-calm-live-football-shown-here-2.png">PlayMedia(&quot;plugin://plugin.video.NJMSoccer/?url=https%3A%2F%2Fhitbox.gcdn.co%2Fhls%2Frwwrx%2Findex.m3u8%3Fst%3DUU50-HWIE8IU9AlrsREhxA%3Bci%3D-sN8hA5sPS4-sZ1sM60w-Q&amp;mode=12&amp;sf_options=fanart%3Dhttp%3A%2F%2Fthevoice-fuerteventura.com%2Fdirectory%2Fwp-content%2Fuploads%2F2014%2F07%2Fkeep-calm-live-football-shown-here-2.png%26winID%3D10025%26_options_sf&quot;)</favourite>
	<favourite name="Renegades 3 19:45 Ludogarets v Arsenal [TSN 1 - 720p]" thumb="http://thevoice-fuerteventura.com/directory/wp-content/uploads/2014/07/keep-calm-live-football-shown-here-2.png">PlayMedia(&quot;plugin://plugin.video.NJMSoccer/?url=plugin%3A%2F%2Fplugin.video.SportsDevil%2F%3Fmode%3D1%26amp%3Bitem%3Dcatcher%253dstreams%2526url%3Dhttp%3A%2F%2Fwidestream.io%2Fembed-2294%2526referer%3Dhttp%3A%2F%2Fwidestream.io%2Fembed-2294&amp;mode=12&amp;sf_options=fanart%3Dhttp%3A%2F%2Fthevoice-fuerteventura.com%2Fdirectory%2Fwp-content%2Fuploads%2F2014%2F07%2Fkeep-calm-live-football-shown-here-2.png%26winID%3D10025%26_options_sf&quot;)</favourite>
	<favourite name="Renegades 3 19:45 Ludogarets v Arsenal [FS2]" thumb="http://thevoice-fuerteventura.com/directory/wp-content/uploads/2014/07/keep-calm-live-football-shown-here-2.png">PlayMedia(&quot;plugin://plugin.video.NJMSoccer/?url=http%3A%2F%2F195.154.182.101%2Fhls%2Fpub1%2F0006.m3u8%3Ftok%3Dop_TClhtCzwANDybdRyxQQ&amp;mode=12&amp;sf_options=fanart%3Dhttp%3A%2F%2Fthevoice-fuerteventura.com%2Fdirectory%2Fwp-content%2Fuploads%2F2014%2F07%2Fkeep-calm-live-football-shown-here-2.png%26winID%3D10025%26_options_sf&quot;)</favourite>
	<favourite name="Renegades 3 19:45 Ludogarets v Arsenal [FS2]" thumb="http://thevoice-fuerteventura.com/directory/wp-content/uploads/2014/07/keep-calm-live-football-shown-here-2.png">PlayMedia(&quot;plugin://plugin.video.NJMSoccer/?url=http%3A%2F%2F213.152.168.84%3A8081%2Flive%2FChs5.m3u8%3Fe%3D1478036141%26st%3B%3DC4A7jPJHsoxo8DkqtAHTXA&amp;mode=12&amp;sf_options=fanart%3Dhttp%3A%2F%2Fthevoice-fuerteventura.com%2Fdirectory%2Fwp-content%2Fuploads%2F2014%2F07%2Fkeep-calm-live-football-shown-here-2.png%26winID%3D10025%26_options_sf&quot;)</favourite>
</favourites>