<favourites>
	<favourite name="Renegades 3 ss1 720p" thumb="DefaultFolder.png">PlayMedia(&quot;plugin://plugin.video.ZemTV-shani/?url=aXBib3g6aHR0cDovLzE1MS44MC4xMDUuMTgyOjgwMDAvbGl2ZS90YWhpci90YWhpci81Mi50c3xVc2VyLUFnZW50PVZMQy8yLjIuMSBMaWJWTEMvMi4yLjE3JkljeS1NZXRhRGF0YT0x&amp;mode=11&amp;name=%5BCOLOR+FF11b500%5DUk%3A+sky+sports+1+hd%0D+ipbox%5B%2FCOLOR%5D&amp;sf_options=winID%3D10025%26_options_sf&quot;)</favourite>
	<favourite name="Renegades 3 ss1 720p" thumb="DefaultFolder.png">PlayMedia(&quot;plugin://plugin.video.ZemTV-shani/?url=aXBib3g6aHR0cDovL2xzaS5kZG5zLm1lOjgwMDAvbGl2ZS9QbGV4dG9ueS9rMmFkMDJPUjlBLzY5LnRzfFVzZXItQWdlbnQ9VkxDLzIuMi4xIExpYlZMQy8yLjIuMTcmSWN5LU1ldGFEYXRhPTE%3D&amp;mode=11&amp;name=%5BCOLOR+FF11b500%5DVip+%3A+sky+sports++1+hd%0D+ipbox%5B%2FCOLOR%5D&amp;sf_options=winID%3D10025%26_options_sf&quot;)</favourite>
	<favourite name="Renegades 3 ss1 720p" thumb="DefaultFolder.png">PlayMedia(&quot;plugin://plugin.video.ZemTV-shani/?url=aXBib3g6aHR0cDovLzE1MS44MC4xMDUuMTgyOjgwMDAvbGl2ZS90YWhpci90YWhpci81My5tM3U4fFVzZXItQWdlbnQ9VkxDLzIuMi4xIExpYlZMQy8yLjIuMTcmSWN5LU1ldGFEYXRhPTE%3D&amp;mode=11&amp;name=%5BCOLOR+FF11b500%5DLocal%3A+uk+sky+sports+1%0D+ipbox%5B%2FCOLOR%5D&amp;sf_options=winID%3D10025%26_options_sf&quot;)</favourite>
	<favourite name="Renegades 3 720p" thumb="DefaultFolder.png">PlayMedia(&quot;plugin://plugin.video.ZemTV-shani/?url=aXBib3g6aHR0cDovLzE1MS44MC4xMDUuMTgyOjgwMDAvbGl2ZS90YWhpci90YWhpci81Mi5tM3U4fFVzZXItQWdlbnQ9VkxDLzIuMi4xIExpYlZMQy8yLjIuMTcmSWN5LU1ldGFEYXRhPTE%3D&amp;mode=11&amp;name=%5BCOLOR+FF11b500%5DUk%3A+sky+sports+1+hd%0D+ipbox%5B%2FCOLOR%5D&amp;sf_options=winID%3D10025%26_options_sf&quot;)</favourite>
	<favourite name="Renegades 3 13:30 Everton vs. West Ham United [Sy Sports - 720p]" thumb="http://thevoice-fuerteventura.com/directory/wp-content/uploads/2014/07/keep-calm-live-football-shown-here-2.png">PlayMedia(&quot;plugin://plugin.video.NJMSoccer/?url=plugin%3A%2F%2Fplugin.video.SportsDevil%2F%3Fmode%3D1%26amp%3Bitem%3Dcatcher%253dstreams%2526url%3Dhttp%3A%2F%2Fantenasport.eu%2Fskysport1hd.html%2526referer%3Dhttp%3A%2F%2Fantenasport.eu%2Fskysport1hd.html&amp;mode=12&amp;sf_options=fanart%3Dhttp%3A%2F%2Fthevoice-fuerteventura.com%2Fdirectory%2Fwp-content%2Fuploads%2F2014%2F07%2Fkeep-calm-live-football-shown-here-2.png%26winID%3D10025%26_options_sf&quot;)</favourite>
	<favourite name="Renegades 3 13:30 Everton vs. West Ham United [NBCSN - 720p]" thumb="http://thevoice-fuerteventura.com/directory/wp-content/uploads/2014/07/keep-calm-live-football-shown-here-2.png">PlayMedia(&quot;plugin://plugin.video.NJMSoccer/?url=http%3A%2F%2Fhitbox.gcdn.co%2Fhls%2Frsxr%2Findex.m3u8%3Fst%3DoqsZnCIvSsAhw5Nu2MyOHA%3Bci%3D-sN8hA5sPS4-sZ1sM60w-Q&amp;mode=12&amp;sf_options=fanart%3Dhttp%3A%2F%2Fthevoice-fuerteventura.com%2Fdirectory%2Fwp-content%2Fuploads%2F2014%2F07%2Fkeep-calm-live-football-shown-here-2.png%26winID%3D10025%26_options_sf&quot;)</favourite>
	<favourite name="Renegades 3 MIO 102 [1080p]" thumb="http://thevoice-fuerteventura.com/directory/wp-content/uploads/2014/07/keep-calm-live-football-shown-here-2.png">PlayMedia(&quot;plugin://plugin.video.NJMSoccer/?url=plugin%3A%2F%2Fplugin.video.f4mTester%2F%3Fstreamtype%3DTSDOWNLOADER%26url%3Dhttp%3A%2F%2F151.80.105.182%3A8000%2Flive%2Fbentley%2Fbentley%2F7031.ts&amp;mode=12&amp;sf_options=fanart%3Dspecial%3A%2F%2Fhome%2Faddons%2Fplugin.video.NJMSoccer%2Ffanart.jpg%26winID%3D10025%26_options_sf&quot;)</favourite>
	<favourite name="Renegades 3 Eleven Plus MIO 103 [1080p]" thumb="http://thevoice-fuerteventura.com/directory/wp-content/uploads/2014/07/keep-calm-live-football-shown-here-2.png">PlayMedia(&quot;plugin://plugin.video.NJMSoccer/?url=plugin%3A%2F%2Fplugin.video.f4mTester%2F%3Fstreamtype%3DTSDOWNLOADER%26url%3Dhttp%3A%2F%2F151.80.105.182%3A8000%2Flive%2Fbentley%2Fbentley%2F7030.ts&amp;mode=12&amp;sf_options=fanart%3Dspecial%3A%2F%2Fhome%2Faddons%2Fplugin.video.NJMSoccer%2Ffanart.jpg%26winID%3D10025%26_options_sf&quot;)</favourite>
</favourites>