<favourites>
	<favourite name="[B][COLOR white]BRAVO[/COLOR]  MILLION DOLLAR LISTING NEW YORK[/B]" thumb="http://mc.ustvnow.com/images/BRAVO.png">PlayMedia(&quot;http://ilv53.is.ustvnow.com:80/ilv53/mp4:9C901BRAVUSTVNOW3/playlist.m3u8?key=tbd&amp;sf_options=fanart%3Dhttps%3A%2F%2Fimages3.alphacoders.com%2F799%2F79955.jpg%26meta%3Dcastandrole%253D%25255B%25255D%2526label%253D%25255BB%25255D%25255BCOLOR%252Bwhite%25255DBRAVO%25255B%25252FCOLOR%25255D%252B%252BMILLION%252BDOLLAR%252BLISTING%252BNEW%252BYORK%25255B%25252FB%25255D%26winID%3D10025%26_options_sf&quot;)</favourite>
	<favourite name="Bravo - UKTV - 25/08/2016" thumb="https://app.uktvnow.net/images/channel_imgs/160116115406bravo.png|User-Agent=Dalvik/2.1.0 (Linux; U; Android 6.0.1; SM-G935F Build/MMB29K)">PlayMedia(&quot;plugin://plugin.video.uktvnow/?url=url&amp;mode=2&amp;name=Bravo&amp;channelid=56&amp;iconimage=https%3A%2F%2Fapp.uktvnow.net%2Fimages%2Fchannel_imgs%2F160116115406bravo.png%7CUser-Agent%3DDalvik%2F2.1.0+%28Linux%3B+U%3B+Android+6.0.1%3B+SM-G935F+Build%2FMMB29K%29&amp;sf_options=fanart%3Dspecial%3A%2F%2Fhome%2Faddons%5Cplugin.video.uktvnow%5Cfanart.jpg%26meta%3Dplot%253D56%2526label%253DBravo%2526title%253DBravo%26winID%3D10025%26desc%3D56%26_options_sf&quot;)</favourite>
	<favourite name="Bravo HD - UKTV - 25/08/2016" thumb="https://app.uktvnow.net/images/channel_imgs/160116115427bravo.png|User-Agent=Dalvik/2.1.0 (Linux; U; Android 6.0.1; SM-G935F Build/MMB29K)">PlayMedia(&quot;plugin://plugin.video.uktvnow/?url=url&amp;mode=2&amp;name=Bravo+HD&amp;channelid=57&amp;iconimage=https%3A%2F%2Fapp.uktvnow.net%2Fimages%2Fchannel_imgs%2F160116115427bravo.png%7CUser-Agent%3DDalvik%2F2.1.0+%28Linux%3B+U%3B+Android+6.0.1%3B+SM-G935F+Build%2FMMB29K%29&amp;sf_options=fanart%3Dspecial%3A%2F%2Fhome%2Faddons%5Cplugin.video.uktvnow%5Cfanart.jpg%26meta%3Dplot%253D57%2526label%253DBravo%252BHD%2526title%253DBravo%252BHD%26winID%3D10025%26desc%3D57%26_options_sf&quot;)</favourite>
	<favourite name="Bravo - Vidtime - 11/08/2016" thumb=" ">PlayMedia(&quot;plugin://plugin.video.f4mTester/?url=http://91.134.217.235:1557/live/mixiptv5/1dKG1lKPp3/2410.ts&amp;streamtype=TSDOWNLOADER&amp;name=Bravo&amp;sf_options=fanart%3Dhttp%3A%2F%2Fs20.postimg.org%2Fdoltr1fu5%2FVTTVBackground.png%26meta%3Dlabel%253D%25255BCOLOR%252Blimegreen%25255DBravo%25255B%25252FCOLOR%25255D%26winID%3D10025%26_options_sf&quot;)</favourite>
	<favourite name="Bravo - US HD" thumb="http://vps.oblivionbuilds.com/Oblivionlogo.png">PlayMedia(&quot;plugin://plugin.video.OblivionStreams/?url=http%3A%2F%2F46.166.162.35%3A9090%2Fload%2Fb0922f3fa8aa%2F5.m3u8&amp;mode=12&amp;sf_options=winID%3D10025%26_options_sf&quot;)</favourite>
</favourites>