<favourites>
	<favourite name="Bravo 17/11/2016" thumb=" ">PlayMedia(&quot;plugin://plugin.video.VidTime/?url=https%3A%2F%2Fwww.arconaitv.me%2Fbraveotv%2F&amp;icon=+&amp;mode=ARCON&amp;name=%5BCOLOR+limegreen%5DBravo%5B%2FCOLOR%5D&amp;sf_options=fanart%3Dhttp%3A%2F%2Fs20.postimg.org%2Fdoltr1fu5%2FVTTVBackground.png%26winID%3D10025%26_options_sf&quot;)</favourite>
	<favourite name="Bravo sanctuary 25/11/2016" thumb="http://kyknet.dstv.com/wp-content/uploads//bfi_thumb/Bravo-1024x366-sbpne7fi9xmczpqj9gafxn3q1g0c77ncfk2g9sytq9mnkvle6.jpg">PlayMedia(&quot;plugin://plugin.video.sanctuary/?url=plugin%3A%2F%2Fplugin.video.f4mTester%2F%3Fstreamtype%3DTSDOWNLOADER%26url%3Dhttp%3A%2F%2Fgo.teamexpat.ninja%2Flive%2Fjimmymyra%40hotmail.com%2Fpepperdog8%2F2913.ts%26streamtype%3D.TSDOWNLOADER%3Bname%3DSKY+Fox+HD&amp;mode=1112&amp;sf_options=fanart%3Dspecial%3A%2F%2Fhome%2Faddons%2Fplugin.video.sanctuary%2Ffanart.jpg%26winID%3D10025%26_options_sf&quot;)</favourite>
	<favourite name="BRAVO" thumb="http://www.thelogodb.com/images/media/logo/ssywwv1433449119.png">PlayMedia(&quot;plugin://plugin.video.mic/?url=plugin%3A%2F%2Fplugin.video.f4mTester%2F%3Fstreamtype%3DTSDOWNLOADER%3Bname%3DBRAVO+%26url%3Dhttp%3A%2F%2Flive.softiptv.com%3A9900%2Flive%2FJulian%2FJulian%2F17409.ts&amp;mode=12&amp;sf_options=fanart%3Dspecial%3A%2F%2Fhome%2Faddons%2Fplugin.video.mic%2Ffanart.jpg%26winID%3D10025%26_options_sf&quot;)</favourite>
	<favourite name="BRAVO HD bamf 29/11/2016" thumb="DefaultVideo.png">PlayMedia(&quot;plugin://plugin.video.sanctuary/?url=plugin%3A%2F%2Fplugin.video.f4mTester%2F%3Fstreamtype%3DTSDOWNLOADER%26amp%3Burl%3Dhttp%3A%2F%2Fkodi-fireiptv.ddns.net%3A8000%2Flive%2FWIL%2FBIS%2F941.ts%0D&amp;mode=1112&amp;sf_options=winID%3D10025%26_options_sf&quot;)</favourite>
	<favourite name="BRAVO HD bamf 30/11/2016" thumb="DefaultVideo.png">PlayMedia(&quot;plugin://plugin.video.sanctuary/?url=plugin%3A%2F%2Fplugin.video.f4mTester%2F%3Fstreamtype%3DTSDOWNLOADER%26amp%3Burl%3Dhttp%3A%2F%2Fkodi-fireiptv.ddns.net%3A8000%2Flive%2FWIL%2FBIS%2F941.ts%3Bname%3DBAMF+TV&amp;mode=1112&amp;sf_options=winID%3D10025%26_options_sf&quot;)</favourite>
</favourites>