<favourites>
	<favourite name="Showtime - Vidtime - 11/08/2016" thumb=" ">PlayMedia(&quot;plugin://plugin.video.f4mTester/?url=http://ns3045782.ip-5-135-142.eu:8000/live/sYKADDaJs2/SnoQc6v4hZ/4176.ts&amp;streamtype=TSDOWNLOADER&amp;name=Showtime&amp;sf_options=fanart%3Dhttp%3A%2F%2Fs20.postimg.org%2Fdoltr1fu5%2FVTTVBackground.png%26meta%3Dlabel%253D%25255BCOLOR%252Blimegreen%25255DShowtime%25255B%25252FCOLOR%25255D%26winID%3D10001%26_options_sf&quot;)</favourite>
	<favourite name="Showtime oblivion 20/11/2016" thumb="http://oblivionbuilds.com/Oblivionlogo.png">PlayMedia(&quot;plugin://plugin.video.OblivionStreams/?url=plugin%3A%2F%2Fplugin.video.f4mTester%2F%3Fstreamtype%3DTSDOWNLOADER%26amp%3Burl%3Dhttp%3A%2F%2Flive.softiptv.com%3A9900%2Flive%2F3month%2F3month%2F17339.ts%3Bname%3DOblivion+TV&amp;mode=12&amp;sf_options=winID%3D10001%26_options_sf&quot;)</favourite>
	<favourite name="Showtime West zem 23/11/2016" thumb="DefaultFolder.png">PlayMedia(&quot;plugin://plugin.video.ZemTV-shani/?url=aXBib3g6aHR0cDovL0lQVFZGUkVFMS5DT006Njk2OS9saXZlL0xpdmV0dmZ1Y2t5b3UvMkJkQXFoWlppTS8zNDkxLnRzfFVzZXItQWdlbnQ9JTNEaXB0dnJlc3RyZWFtLm5ldCUzRA%3D%3D&amp;mode=11&amp;name=%5BCOLOR+FF11b500%5DUsa+%3A+showtime+west%0D+ipbox%5B%2FCOLOR%5D&amp;sf_options=winID%3D10001%26_options_sf&quot;)</favourite>
	<favourite name="Showtime zem 23/11/2016" thumb="DefaultFolder.png">PlayMedia(&quot;plugin://plugin.video.ZemTV-shani/?url=aXBib3g6aHR0cDovL0lQVFZGUkVFMS5DT006Njk2OS9saXZlL0xpdmV0dmZ1Y2t5b3UvMkJkQXFoWlppTS8zNDkyLnRzfFVzZXItQWdlbnQ9JTNEaXB0dnJlc3RyZWFtLm5ldCUzRA%3D%3D&amp;mode=11&amp;name=%5BCOLOR+FF11b500%5DUsa+%3A+showtime+hd%0D+ipbox%5B%2FCOLOR%5D&amp;sf_options=winID%3D10001%26_options_sf&quot;)</favourite>
</favourites>