<?xml version="1.0" encoding="utf-8"?>
<window type="dialog">
	<allowoverlay>no</allowoverlay>
	<defaultcontrol always="false">4000</defaultcontrol>
	<coordinates>
		<system>1</system>
		<posx>0</posx>
		<posy>0</posy>
	</coordinates>

	<controls>

		<control type="image">
			<posx>0</posx>
			<posy>0</posy>
			<width>1280</width>
			<height>720</height>
			<texture>background.png</texture>
			<visible>true</visible>
		</control>

		<control type="image">
			<description>category background</description>
			<posx>30</posx>
			<posy>42</posy>
			<width>1220</width>
			<height>45</height>
			<texture>black-fade.png</texture>
			<visible>true</visible>
		</control>
		<control type="image">
			<posx>28</posx>
			<posy>8</posy>
			<width>1224</width>
			<height>34</height>
			<texture>black.png</texture>
			<aspectratio>stretch</aspectratio>
		</control>
		<control type="image">
			<posx>30</posx>
			<posy>10</posy>
			<width>1220</width>
			<height>30</height>
			<texture>tvguide-program-red.png</texture>
			<aspectratio>stretch</aspectratio>
		</control>
		<control type="label">
			<description>time label</description>
			<posx>55</posx>
			<posy>10</posy>
			<width>380</width>
			<height>30</height>
			<font>font10_title</font>
			<align>left</align>
			<aligny>center</aligny>
			<textcolor>white</textcolor>
			<shadowcolor>black</shadowcolor>
			<label>[UPPERCASE]Categories »[/UPPERCASE]</label>
		</control>
		
		<control type="image">
			<description>category background</description>
			<posx>300</posx>
			<posy>150</posy>
			<width>940</width>
			<height>500</height>
			<texture>black-fade.png</texture>
			<visible>true</visible>
		</control>
		<control type="image">
			<posx>298</posx>
			<posy>148</posy>
			<width>944</width>
			<height>34</height>
			<texture>black.png</texture>
			<aspectratio>stretch</aspectratio>
		</control>
		<control type="image">
			<posx>300</posx>
			<posy>150</posy>
			<width>940</width>
			<height>30</height>
			<texture>tvguide-program-red.png</texture>
			<aspectratio>stretch</aspectratio>
		</control>
		<control type="label">
			<description>time label</description>
			<posx>325</posx>
			<posy>150</posy>
			<width>380</width>
			<height>30</height>
			<font>font10_title</font>
			<align>left</align>
			<aligny>center</aligny>
			<textcolor>white</textcolor>
			<shadowcolor>black</shadowcolor>
			<label>[UPPERCASE]Episode Information »[/UPPERCASE]</label>
		</control>

		<control type="list" id="7004">
			<description>categories</description>
			<posx>40</posx>
			<posy>43</posy>
			<width>1200</width>
			<height>625</height>
			<visible>true</visible>
			<ondown>40010</ondown>
			<onleft>7004</onleft>
			<onright>7004</onright>
			<itemgap>5</itemgap>
			<viewtype label="3D list">list</viewtype>
			<orientation>horizontal</orientation>

			<itemlayout width="200" height="45">
				<control type="image">
					<posx>0</posx>
					<posy>0</posy>
					<width>196</width>
					<height>40</height>
					<texture>tvg-menu-nofocus.png</texture>
					<visible>true</visible>
				</control>
				<control type="label">
					<left>0</left>
					<top>0</top>
					<width>196</width>
					<height>40</height>
					<font>font10_title</font>
					<align>center</align>
					<aligny>center</aligny>
					<textcolor>white</textcolor>
					<selectedcolor>red</selectedcolor>
					<align>left</align>
					<info>ListItem.Label</info>
				</control>
			</itemlayout>
			<focusedlayout height="45" width="200">
				<control type="image">
					<posx>0</posx>
					<posy>0</posy>
					<width>196</width>
					<height>40</height>
					<texture>tvg-menu-focus.png</texture>
					<visible>true</visible>
				</control>
				<control type="image">
					<posx>0</posx>
					<posy>0</posy>
					<width>196</width>
					<height>40</height>
					<texture>tvg-menu-focus.png</texture>
					<visible>Control.HasFocus(7004)</visible>
				</control>
				<control type="label">
					<left>0</left>
					<top>0</top>
					<width>196</width>
					<height>40</height>
					<font>font10_title</font>
					<align>center</align>
					<aligny>center</aligny>
					<textcolor>white</textcolor>
					<selectedcolor>red</selectedcolor>
					<align>left</align>
					<info>ListItem.Label</info>
				</control>
				<control type="label">
					<left>0</left>
					<top>0</top>
					<width>196</width>
					<height>40</height>
					<font>font10_title</font>
					<align>center</align>
					<aligny>center</aligny>
					<textcolor>white</textcolor>
					<selectedcolor>red</selectedcolor>
					<align>left</align>
					<info>ListItem.Label</info>
					<visible>Control.HasFocus(7004)</visible>
				</control>
			</focusedlayout>
		</control>

		
		<control type="image" id="7002">
			<description>program image</description>
			<posx>850</posx>
			<posy>190</posy>
			<width>360</width>
			<height>200</height>
			<align>left</align>
			<aligny>top</aligny>
			<aspectratio>keep</aspectratio>
			<texture>-</texture>
			<visible>!Player.HasMedia</visible>
		</control>
		<control type="videowindow">
			<description>program image</description>
			<posx>850</posx>
			<posy>190</posy>
			<width>360</width>
			<height>200</height>
			<align>left</align>
			<aligny>top</aligny>
			<aspectratio>keep</aspectratio>
		</control>
		<control type="label" id="7001">
			<description>program title</description>
			<posx>325</posx>
			<posy>230</posy>
			<width>710</width>
			<height>50</height>
			<textcolor>white</textcolor>
			<font>font13_title</font>
			<align>left</align>
			<aligny>top</aligny>
			<label/>
		</control>
		<control type="label" id="7003">
			<description>program date and time</description>
			<posx>325</posx>
			<posy>260</posy>
			<width>710</width>
			<height>50</height>
			<textcolor>grey</textcolor>
			<font>font10_title</font>
			<align>left</align>
			<aligny>top</aligny>
			<label></label>
		</control>

		<control type="label" id="7000">
			<description>program description</description>
			<posx>325</posx>
			<posy>300</posy>
			<width>500</width>
			<height>250</height>
			<textcolor>white</textcolor>
			<font>font13</font>
			<align>justify</align>
			<aligny>top</aligny>
			<wrapmultiline>true</wrapmultiline>
			<autoscroll time="3600" delay="6000" repeat="6000">true</autoscroll>
			<label/>
		</control>

		<control type="label" id="4101">
			<description>channel title</description>
			<posx>325</posx>
			<posy>190</posy>
			<width>240</width>
			<height>50</height>
			<align>left</align>
			<aligny>center</aligny>
			<font>font13_title</font>
			<textcolor>white</textcolor>
			<visible>true</visible>
			<label>-</label>
		</control>
		<control type="image" id="4100">
			<description>channel logo</description>
			<posx>285</posx>
			<posy>590</posy>
			<width>200</width>
			<height>45</height>
			<!--<posx>188r</posx>
			<posy>12</posy>
			<width>176</width>
			<height>40</height>-->
			<align>center</align>
			<aligny>bottom</aligny>
			<aspectratio>keep</aspectratio>
			<visible>true</visible>
		</control>
		
		<control type="image">
			<description>program background</description>
			<posx>540</posx>
			<posy>10</posy>
			<width>730</width>
			<height>700</height>
			<texture>black-back.png</texture>
			<visible>false</visible>
		</control>
		<control type="image" id="7002">
			<description>program image</description>
			<posx>555</posx>
			<posy>428</posy>
			<width>700</width>
			<height>260</height>
			<align>left</align>
			<aligny>top</aligny>
			<aspectratio>keep</aspectratio>
			<texture>-</texture>
			<visible>!Player.HasMedia</visible>
		</control>
		<control type="videowindow">
			<description>program image</description>
			<posx>850</posx>
			<posy>190</posy>
			<width>360</width>
			<height>200</height>
			<align>left</align>
			<aligny>top</aligny>
			<aspectratio>keep</aspectratio>
		</control>
		<control type="label" id="7001">
			<description>program title</description>
			<posx>550</posx>
			<posy>50</posy>
			<width>710</width>
			<height>50</height>
			<textcolor>white</textcolor>
			<font>font13_title</font>
			<align>left</align>
			<aligny>top</aligny>
			<label/>
		</control>
		<control type="label" id="7003">
			<description>program date and time</description>
			<posx>1260</posx>
			<posy>50</posy>
			<width>710</width>
			<height>50</height>
			<textcolor>white</textcolor>
			<font>font13_title</font>
			<align>right</align>
			<aligny>top</aligny>
			<label></label>
		</control>
		<control type="textbox">
		    <description>textbox</description>
            <posx>800</posx>
            <posy>600</posy>
            <width>700</width>
            <height>500</height>
            <textcolor>white</textcolor>
            <font>font10</font>
			<align>justify</align>
            <aligny>top</aligny>
			<label>This Is A Mod Of The Default Skin Modded By The Kiwi Guy</label>
		</control>
		
		<control type="image">
			<description>category background</description>
			<posx>300</posx>
			<posy>150</posy>
			<width>940</width>
			<height>500</height>
			<texture>black-fade.png</texture>
			<visible>Control.HasFocus(800035) | Control.HasFocus(1500) | Control.HasFocus(4110) | Control.HasFocus(4106) | Control.HasFocus(4103) | Control.HasFocus(4104) | Control.HasFocus(4105) | Control.HasFocus(4107) | Control.HasFocus(4112) | Control.HasFocus(4001) | Control.HasFocus(4007) | Control.HasFocus(4003) | Control.HasFocus(4014) | Control.HasFocus(80003) | Control.HasFocus(4113)</visible>
		</control>
		<control type="image">
			<description>category background</description>
			<posx>300</posx>
			<posy>150</posy>
			<width>940</width>
			<height>500</height>
			<texture>black-fade.png</texture>
			<visible>Control.HasFocus(800035) | Control.HasFocus(1500) | Control.HasFocus(4110) | Control.HasFocus(4106) | Control.HasFocus(4103) | Control.HasFocus(4104) | Control.HasFocus(4105) | Control.HasFocus(4107) | Control.HasFocus(4112) | Control.HasFocus(4001) | Control.HasFocus(4007) | Control.HasFocus(4003) | Control.HasFocus(4014) | Control.HasFocus(80003) | Control.HasFocus(4113)</visible>
		</control>
		
		<!-- VIDEO ADD-ONS -->
		<control type="image">
			<description>category background</description>
			<posx>270</posx>
			<posy>132</posy>
			<width>220</width>
			<height>45</height>
			<texture>black.png</texture>
			<visible>Control.HasFocus(800035) | Control.HasFocus(1500)</visible>
			<animation effect="slide" start="-240,0" end="0,0" time="500">Visible</animation>
			<animation effect="slide" start="0,0" end="-240,0" time="500">Hidden</animation>
		</control>
		<control type="image">
			<description>category background</description>
			<posx>270</posx>
			<posy>177</posy>
			<width>220</width>
			<height>520</height>
			<texture>black.png</texture>
			<visible>Control.HasFocus(800035) | Control.HasFocus(1500)</visible>
			<animation effect="slide" start="-240,0" end="0,0" time="500">Visible</animation>
			<animation effect="slide" start="0,0" end="-240,0" time="500">Hidden</animation>
		</control>
		<control type="image">
			<posx>268</posx>
			<posy>98</posy>
			<width>224</width>
			<height>34</height>
			<texture>black.png</texture>
			<aspectratio>stretch</aspectratio>
			<visible>Control.HasFocus(800035) | Control.HasFocus(1500)</visible>
			<animation effect="slide" start="-240,0" end="0,0" time="500">Visible</animation>
			<animation effect="slide" start="0,0" end="-240,0" time="500">Hidden</animation>
		</control>
		<control type="image">
			<posx>270</posx>
			<posy>100</posy>
			<width>220</width>
			<height>30</height>
			<texture>tvguide-program-red.png</texture>
			<aspectratio>stretch</aspectratio>
			<visible>Control.HasFocus(800035) | Control.HasFocus(1500)</visible>
			<animation effect="slide" start="-240,0" end="0,0" time="500">Visible</animation>
			<animation effect="slide" start="0,0" end="-240,0" time="500">Hidden</animation>
		</control>
		<control type="label">
			<description>time label</description>
			<posx>295</posx>
			<posy>100</posy>
			<width>380</width>
			<height>30</height>
			<font>font10_title</font>
			<align>left</align>
			<aligny>center</aligny>
			<textcolor>white</textcolor>
			<shadowcolor>black</shadowcolor>
			<label>[UPPERCASE]Video Add-Ons »[/UPPERCASE]</label>
			<visible>Control.HasFocus(800035) | Control.HasFocus(1500)</visible>
			<animation effect="slide" start="-240,0" end="0,0" time="500">Visible</animation>
			<animation effect="slide" start="0,0" end="-240,0" time="500">Hidden</animation>
		</control>
		
		<control type="list" id="1500">
			<description>Search</description>
			<posx>280</posx>
			<posy>145</posy>
			<itemgap>5</itemgap>
			<onup>7004</onup>
			<onleft>40010</onleft>
			<height>540</height>
			<orientation>vertical</orientation>
			<preloaditems>2</preloaditems>
			<onclick>back</onclick>
			<onclick>RunAddon($INFO[ListItem.Property(Addon.ID)])</onclick>
			<visible>Control.HasFocus(800035) | Control.HasFocus(1500)</visible>
			<animation effect="slide" start="-240,0" end="0,0" time="500">Visible</animation>
			<animation effect="slide" start="0,0" end="-240,0" time="500">Hidden</animation>
			<itemlayout width="200" height="45">
				<control type="image">
					<left>0</left>
					<top>0</top>
					<width>200</width>
					<height>40</height>
					<texture>tvg-menu-nofocus.png</texture>
				</control>
				<control type="textbox">
					<left>00</left>
					<top>0</top>
					<width>200</width>
					<label>$INFO[ListItem.Label]</label>
					<font>font10_title</font>
					<textcolor>white</textcolor>
					<shadowcolor>black</shadowcolor>
					<align>center</align>
					<aligny>center</aligny>
					<height>40</height>
					<wrapmultiline>true</wrapmultiline>
				</control>
			</itemlayout>
			<focusedlayout width="200" height="45">
				<control type="image">
					<left>0</left>
					<top>0</top>
					<width>200</width>
					<height>40</height>
					<texture>tvg-menu-focus.png</texture>
				</control>
				<control type="textbox">
					<left>00</left>
					<top>0</top>
					<width>200</width>
					<label>$INFO[ListItem.Label]</label>
					<font>font10_title</font>
					<textcolor>white</textcolor>
					<shadowcolor>black</shadowcolor>
					<align>center</align>
					<aligny>center</aligny>
					<height>40</height>
					<wrapmultiline>true</wrapmultiline>
				</control>
			</focusedlayout>
			<content target="videos" sortorder="descending">addons://sources/video/</content>
			
		</control>
		
		<!-- GUIDE MANAGER -->
		<control type="image">
			<description>category background</description>
			<posx>270</posx>
			<posy>132</posy>
			<width>220</width>
			<height>45</height>
			<texture>black.png</texture>
			<visible>Control.HasFocus(4112) | Control.HasFocus(4001) | Control.HasFocus(4007) | Control.HasFocus(4003) | Control.HasFocus(4014) | Control.HasFocus(80003) | Control.HasFocus(4113)</visible>
			<animation effect="slide" start="-240,0" end="0,0" time="500">Visible</animation>
			<animation effect="slide" start="0,0" end="-240,0" time="500">Hidden</animation>
		</control>
		<control type="image">
			<description>category background</description>
			<posx>270</posx>
			<posy>177</posy>
			<width>220</width>
			<height>520</height>
			<texture>black.png</texture>
			<visible>Control.HasFocus(4112) | Control.HasFocus(4001) | Control.HasFocus(4007) | Control.HasFocus(4003) | Control.HasFocus(4014) | Control.HasFocus(80003) | Control.HasFocus(4113)</visible>
			<animation effect="slide" start="-240,0" end="0,0" time="500">Visible</animation>
			<animation effect="slide" start="0,0" end="-240,0" time="500">Hidden</animation>
		</control>
		<control type="image">
			<posx>268</posx>
			<posy>98</posy>
			<width>224</width>
			<height>34</height>
			<texture>black.png</texture>
			<aspectratio>stretch</aspectratio>
			<visible>Control.HasFocus(4112) | Control.HasFocus(4001) | Control.HasFocus(4007) | Control.HasFocus(4003) | Control.HasFocus(4014) | Control.HasFocus(80003) | Control.HasFocus(4113)</visible>
			<animation effect="slide" start="-240,0" end="0,0" time="500">Visible</animation>
			<animation effect="slide" start="0,0" end="-240,0" time="500">Hidden</animation>
		</control>
		<control type="image">
			<posx>270</posx>
			<posy>100</posy>
			<width>220</width>
			<height>30</height>
			<texture>tvguide-program-red.png</texture>
			<aspectratio>stretch</aspectratio>
			<visible>Control.HasFocus(4112) | Control.HasFocus(4001) | Control.HasFocus(4007) | Control.HasFocus(4003) | Control.HasFocus(4014) | Control.HasFocus(80003) | Control.HasFocus(4113)</visible>
			<animation effect="slide" start="-240,0" end="0,0" time="500">Visible</animation>
			<animation effect="slide" start="0,0" end="-240,0" time="500">Hidden</animation>
		</control>
		<control type="label">
			<description>time label</description>
			<posx>295</posx>
			<posy>100</posy>
			<width>380</width>
			<height>30</height>
			<font>font10_title</font>
			<align>left</align>
			<aligny>center</aligny>
			<textcolor>white</textcolor>
			<shadowcolor>black</shadowcolor>
			<label>[UPPERCASE]Guide Manager »[/UPPERCASE]</label>
			<visible>Control.HasFocus(4112) | Control.HasFocus(4001) | Control.HasFocus(4007) | Control.HasFocus(4003) | Control.HasFocus(4014) | Control.HasFocus(80003) | Control.HasFocus(4113)</visible>
			<animation effect="slide" start="-240,0" end="0,0" time="500">Visible</animation>
			<animation effect="slide" start="0,0" end="-240,0" time="500">Hidden</animation>
		</control>
		
		<control type="grouplist" id="40030">
			<posx>280</posx>
			<posy>145</posy>
			<itemgap>5</itemgap>
			<onup>7004</onup>
			<onleft>40010</onleft>
			<height>540</height>
			<orientation>vertical</orientation>
			<visible>Control.HasFocus(4112) | Control.HasFocus(4001) | Control.HasFocus(4007) | Control.HasFocus(4003) | Control.HasFocus(4014) | Control.HasFocus(80003) | Control.HasFocus(4113)</visible>
			<animation effect="slide" start="-240,0" end="0,0" time="500">Visible</animation>
			<animation effect="slide" start="0,0" end="-240,0" time="500">Hidden</animation>
			<control type="button" id="4001">
				<!-- Choose Stream -->
				<width>200</width>
				<height>40</height>
				<texturefocus>tvg-menu-focus.png</texturefocus>
				<texturenofocus>tvg-menu-nofocus.png</texturenofocus>
				<align>center</align>
				<aligny>center</aligny>
				<font>font10_title</font>
				<textcolor>white</textcolor>
				<focusedcolor>white</focusedcolor>
				<label>Choose Stream</label>
				<visible>true</visible>
			</control>
			<control type="button" id="4007">
				<!-- Stream Setup -->
				<width>200</width>
				<height>40</height>
				<texturefocus>tvg-menu-focus.png</texturefocus>
				<texturenofocus>tvg-menu-nofocus.png</texturenofocus>
				<align>center</align>
				<aligny>center</aligny>
				<font>font10_title</font>
				<textcolor>white</textcolor>
				<focusedcolor>white</focusedcolor>
				<label>Stream Setup</label>
				<visible>true</visible>
			</control>
			<control type="button" id="4014">
				<description>Choose Alt Stream</description>
				<width>200</width>
				<height>40</height>
				<texturefocus>tvg-menu-focus.png</texturefocus>
				<texturenofocus>tvg-menu-nofocus.png</texturenofocus>
				<align>center</align>
				<aligny>center</aligny>
				<font>font10_title</font>
				<textcolor>white</textcolor>
				<focusedcolor>white</focusedcolor>
				<label>Add Alt Stream</label>
				<visible>true</visible>
			</control>
			<control type="button" id="80003">
				<description>add category</description>
				<width>200</width>
				<height>40</height>
				<texturefocus>tvg-menu-focus.png</texturefocus>
				<texturenofocus>tvg-menu-nofocus.png</texturenofocus>
				<align>center</align>
				<aligny>center</aligny>
				<font>font10_title</font>
				<textcolor>white</textcolor>
				<focusedcolor>white</focusedcolor>
				<label>Add Category</label>
				<visible>true</visible>
			</control>
			<control type="button" id="4003">
				<!-- CHANNELS -->
				<width>200</width>
				<height>40</height>
				<texturefocus>tvg-menu-focus.png</texturefocus>
				<texturenofocus>tvg-menu-nofocus.png</texturenofocus>
				<align>center</align>
				<aligny>center</aligny>
				<font>font10_title</font>
				<textcolor>white</textcolor>
				<focusedcolor>white</focusedcolor>
				<label>$ADDON[script.renegadestv 30307]</label>
				<visible>true</visible>
			</control>
			<control type="button" id="4113">
				<!-- CHANNELS -->
				<width>200</width>
				<height>40</height>
				<texturefocus>tvg-menu-focus.png</texturefocus>
				<texturenofocus>tvg-menu-nofocus.png</texturenofocus>
				<align>center</align>
				<aligny>center</aligny>
				<font>font10_title</font>
				<textcolor>white</textcolor>
				<focusedcolor>white</focusedcolor>
				<label>Guide Settings</label>
				<onclick>Addon.OpenSettings(script.renegadestv)</onclick>
			</control>
		</control>
		
		<!-- SCHEDULE OPTIONS -->
		<control type="image">
			<description>category background</description>
			<posx>270</posx>
			<posy>132</posy>
			<width>220</width>
			<height>45</height>
			<texture>black.png</texture>
			<visible>Control.HasFocus(4110) | Control.HasFocus(4106) | Control.HasFocus(4103) | Control.HasFocus(4104) | Control.HasFocus(4105) | Control.HasFocus(4107)</visible>
			<animation effect="slide" start="-240,0" end="0,0" time="500">Visible</animation>
			<animation effect="slide" start="0,0" end="-240,0" time="500">Hidden</animation>
		</control>
		<control type="image">
			<description>category background</description>
			<posx>270</posx>
			<posy>177</posy>
			<width>220</width>
			<height>520</height>
			<texture>black.png</texture>
			<visible>Control.HasFocus(4110) | Control.HasFocus(4106) | Control.HasFocus(4103) | Control.HasFocus(4104) | Control.HasFocus(4105) | Control.HasFocus(4107)</visible>
			<animation effect="slide" start="-240,0" end="0,0" time="500">Visible</animation>
			<animation effect="slide" start="0,0" end="-240,0" time="500">Hidden</animation>
		</control>
		<control type="image">
			<posx>268</posx>
			<posy>98</posy>
			<width>224</width>
			<height>34</height>
			<texture>black.png</texture>
			<aspectratio>stretch</aspectratio>
			<visible>Control.HasFocus(4110) | Control.HasFocus(4106) | Control.HasFocus(4103) | Control.HasFocus(4104) | Control.HasFocus(4105) | Control.HasFocus(4107)</visible>
			<animation effect="slide" start="-240,0" end="0,0" time="500">Visible</animation>
			<animation effect="slide" start="0,0" end="-240,0" time="500">Hidden</animation>
		</control>
		<control type="image">
			<posx>270</posx>
			<posy>100</posy>
			<width>220</width>
			<height>30</height>
			<texture>tvguide-program-red.png</texture>
			<aspectratio>stretch</aspectratio>
			<visible>Control.HasFocus(4110) | Control.HasFocus(4106) | Control.HasFocus(4103) | Control.HasFocus(4104) | Control.HasFocus(4105) | Control.HasFocus(4107)</visible>
			<animation effect="slide" start="-240,0" end="0,0" time="500">Visible</animation>
			<animation effect="slide" start="0,0" end="-240,0" time="500">Hidden</animation>
		</control>
		<control type="label">
			<description>time label</description>
			<posx>295</posx>
			<posy>100</posy>
			<width>380</width>
			<height>30</height>
			<font>font10_title</font>
			<align>left</align>
			<aligny>center</aligny>
			<textcolor>white</textcolor>
			<shadowcolor>black</shadowcolor>
			<label>[UPPERCASE]Schedule Options »[/UPPERCASE]</label>
			<visible>Control.HasFocus(4110) | Control.HasFocus(4106) | Control.HasFocus(4103) | Control.HasFocus(4104) | Control.HasFocus(4105) | Control.HasFocus(4107)</visible>
			<animation effect="slide" start="-240,0" end="0,0" time="500">Visible</animation>
			<animation effect="slide" start="0,0" end="-240,0" time="500">Hidden</animation>
		</control>
		
		<control type="grouplist" id="40020">
			<posx>280</posx>
			<posy>145</posy>
			<itemgap>5</itemgap>
			<onup>7004</onup>
			<onleft>40010</onleft>
			<height>540</height>
			<orientation>vertical</orientation>
			<visible>Control.HasFocus(4110) | Control.HasFocus(4106) | Control.HasFocus(4103) | Control.HasFocus(4104) | Control.HasFocus(4105) | Control.HasFocus(4107)</visible>
			<animation effect="slide" start="-240,0" end="0,0" time="500">Visible</animation>
			<animation effect="slide" start="0,0" end="-240,0" time="500">Hidden</animation>
			<control type="button" id="4106">
				<description>Lists</description>
				<width>200</width>
				<height>40</height>
				<texturefocus>tvg-menu-focus.png</texturefocus>
				<texturenofocus>tvg-menu-nofocus.png</texturenofocus>
				<align>center</align>
				<aligny>center</aligny>
				<font>font10_title</font>
				<textcolor>white</textcolor>
				<focusedcolor>white</focusedcolor>
				<visible>true</visible>
				<label>Channel Listings</label>
			</control>
			<control type="button" id="4103">
				<description>Lists</description>
				<width>200</width>
				<height>40</height>
				<texturefocus>tvg-menu-focus.png</texturefocus>
				<texturenofocus>tvg-menu-nofocus.png</texturenofocus>
				<align>center</align>
				<aligny>center</aligny>
				<font>font10_title</font>
				<textcolor>white</textcolor>
				<focusedcolor>white</focusedcolor>
				<visible>true</visible>
				<label>On Now</label>
			</control>
			<control type="button" id="4104">
				<description>Lists</description>
				<width>200</width>
				<height>40</height>
				<texturefocus>tvg-menu-focus.png</texturefocus>
				<texturenofocus>tvg-menu-nofocus.png</texturenofocus>
				<align>center</align>
				<aligny>center</aligny>
				<font>font10_title</font>
				<textcolor>white</textcolor>
				<focusedcolor>white</focusedcolor>
				<visible>true</visible>
				<label>On Next</label>
			</control>
			<control type="button" id="4105">
				<description>Lists</description>
				<width>200</width>
				<height>40</height>
				<texturefocus>tvg-menu-focus.png</texturefocus>
				<texturenofocus>tvg-menu-nofocus.png</texturenofocus>
				<align>center</align>
				<aligny>center</aligny>
				<font>font10_title</font>
				<textcolor>white</textcolor>
				<focusedcolor>white</focusedcolor>
				<visible>true</visible>
				<label>Search TV Guide</label>
			</control>
			<control type="button" id="4107">
				<description>Lists</description>
				<width>200</width>
				<height>40</height>
				<texturefocus>tvg-menu-focus.png</texturefocus>
				<texturenofocus>tvg-menu-nofocus.png</texturenofocus>
				<align>center</align>
				<aligny>center</aligny>
				<font>font10_title</font>
				<textcolor>white</textcolor>
				<focusedcolor>white</focusedcolor>
				<visible>true</visible>
				<label>See Reminders</label>
			</control>
		</control>

		<control type="image">
			<description>category background</description>
			<posx>30</posx>
			<posy>132</posy>
			<width>220</width>
			<height>45</height>
			<texture>black.png</texture>
			<visible>true</visible>
		</control>
		<control type="image">
			<description>category background</description>
			<posx>30</posx>
			<posy>177</posy>
			<width>220</width>
			<height>520</height>
			<texture>black.png</texture>
			<visible>true</visible>
		</control>
		<control type="image">
			<posx>28</posx>
			<posy>98</posy>
			<width>224</width>
			<height>34</height>
			<texture>black.png</texture>
			<aspectratio>stretch</aspectratio>
		</control>
		<control type="image">
			<posx>30</posx>
			<posy>100</posy>
			<width>220</width>
			<height>30</height>
			<texture>tvguide-program-red.png</texture>
			<aspectratio>stretch</aspectratio>
		</control>
		<control type="label">
			<description>time label</description>
			<posx>55</posx>
			<posy>100</posy>
			<width>380</width>
			<height>30</height>
			<font>font10_title</font>
			<align>left</align>
			<aligny>center</aligny>
			<textcolor>white</textcolor>
			<shadowcolor>black</shadowcolor>
			<label>[UPPERCASE]Menu »[/UPPERCASE]</label>
		</control>
		
		<control type="grouplist" id="40010">
			<posx>40</posx>
			<posy>145</posy>
			<itemgap>5</itemgap>
			<onup>7004</onup>
			<!--<onright>40030</onright>-->
			<height>540</height>
			<orientation>vertical</orientation>
			<control type="button" id="4000">
				<!-- Watch Stream -->
				<width>200</width>
				<height>40</height>
				<texturefocus>tvg-menu-focus.png</texturefocus>
				<texturenofocus>tvg-menu-nofocus.png</texturenofocus>
				<align>center</align>
				<aligny>center</aligny>
				<font>font10_title</font>
				<textcolor>white</textcolor>
				<focusedcolor>white</focusedcolor>
				<visible>true</visible>
			</control>
			<control type="button" id="4013">
			<!-- Extended Info -->			
				<description>Extended Info</description>
				<width>200</width>
				<height>40</height>
				<texturefocus>tvg-menu-focus.png</texturefocus>
				<texturenofocus>tvg-menu-nofocus.png</texturenofocus>
				<align>center</align>
				<aligny>center</aligny>
				<font>font13</font>
				<textcolor>white</textcolor>
				<focusedcolor>white</focusedcolor>
				<label>Extended Info</label>
				<visible>true</visible>
			</control>
			<control type="button" id="4005">
			<!-- watch from beginning -->
				<width>200</width>
				<height>40</height>
				<texturefocus>tvg-menu-focus.png</texturefocus>
				<texturenofocus>tvg-menu-nofocus.png</texturenofocus>
				<align>center</align>
				<aligny>center</aligny>
				<font>font10_title</font>
				<textcolor>white</textcolor>
				<focusedcolor>white</focusedcolor>
				<label>Watch from Start</label>
				<visible>true</visible>
			</control>
			<control type="button" id="4002">
				<width>200</width>
				<height>40</height>
				<texturefocus>tvg-menu-focus.png</texturefocus>
				<texturenofocus>tvg-menu-nofocus.png</texturenofocus>
				<align>center</align>
				<aligny>center</aligny>
				<font>font10_title</font>
				<textcolor>white</textcolor>
				<focusedcolor>white</focusedcolor>
				<label>Remind</label>
			</control>
			<control type="button" id="4008">
				<description>autoplay</description>
				<width>200</width>
				<height>40</height>
				<texturefocus>tvg-menu-focus.png</texturefocus>
				<texturenofocus>tvg-menu-nofocus.png</texturenofocus>
				<align>center</align>
				<aligny>center</aligny>
				<font>font10_title</font>
				<textcolor>white</textcolor>
				<focusedcolor>white</focusedcolor>
				<label>AutoPlay</label>
				<visible>false</visible>
			</control>
			<control type="button" id="4011">
				<description>Lists</description>
				<width>200</width>
				<height>40</height>
				<texturefocus>tvg-menu-focus.png</texturefocus>
				<texturenofocus>tvg-menu-nofocus.png</texturenofocus>
				<align>center</align>
				<aligny>center</aligny>
				<font>font10_title</font>
				<textcolor>white</textcolor>
				<focusedcolor>white</focusedcolor>
				<visible>false</visible>
				<label>Lists</label>
			</control>
			<control type="button" id="4110">
				<description>autoplay</description>
				<width>200</width>
				<height>40</height>
				<texturefocus>tvg-menu-focus.png</texturefocus>
				<texturenofocus>tvg-menu-nofocus.png</texturenofocus>
				<align>center</align>
				<aligny>center</aligny>
				<font>font10_title</font>
				<textcolor>white</textcolor>
				<focusedcolor>white</focusedcolor>
				<label>Schedule Options</label>
				<onright>40020</onright>
			</control>
			<control type="button" id="4112">
				<description>autoplay</description>
				<width>200</width>
				<height>40</height>
				<texturefocus>tvg-menu-focus.png</texturefocus>
				<texturenofocus>tvg-menu-nofocus.png</texturenofocus>
				<align>center</align>
				<aligny>center</aligny>
				<font>font10_title</font>
				<textcolor>white</textcolor>
				<focusedcolor>white</focusedcolor>
				<label>Guide Manager</label>
				<onright>40030</onright>
			</control>
			
			<control type="button" id="4108">
				<width>200</width>
				<height>40</height>
				<texturefocus>tvg-menu-focus.png</texturefocus>
				<texturenofocus>tvg-menu-nofocus.png</texturenofocus>
				<align>center</align>
				<aligny>center</aligny>
				<font>font10_title</font>
				<textcolor>white</textcolor>
				<label>Today's Sport</label>
				<onclick>back</onclick>
				<visible>System.HasAddon(plugin.program.fixtures)</visible>
				<visible>true</visible>
			</control>
			<control type="button" id="800035">
				<width>200</width>
				<height>40</height>
				<texturefocus>tvg-menu-focus.png</texturefocus>
				<texturenofocus>tvg-menu-nofocus.png</texturenofocus>
				<align>center</align>
				<aligny>center</aligny>
				<font>font10_title</font>
				<textcolor>white</textcolor>
				<label>Video Add-ons</label>
				<onclick>back</onclick>
				<onright>1500</onright>
				<onclick>ActivateWindow(Videos,addons://sources/video/,return)</onclick>
			</control>
			<control type="button" id="4004">
				<width>200</width>
				<height>40</height>
				<texturefocus>tvg-menu-focus.png</texturefocus>
				<texturenofocus>tvg-menu-nofocus.png</texturenofocus>
				<align>center</align>
				<aligny>center</aligny>
				<font>font10_title</font>
				<textcolor>white</textcolor>
				<focusedcolor>white</focusedcolor>
				<label>$ADDON[script.renegadestv 30308]</label>
				<visible>true</visible>
			</control>
		</control>
			
		<control type="button" id="4015">
			<description>touch close</description>
			<posx>0</posx>
			<posy>0</posy>
			<width>1280</width>
			<height>720</height>
			<texturefocus></texturefocus>
			<texturenofocus></texturenofocus>
			<onup></onup>
			<ondown></ondown>
			<onleft></onleft>
			<align>center</align>
			<aligny>center</aligny>
			<font>font13</font>
			<textcolor>white</textcolor>
			<focusedcolor>white</focusedcolor>
			<label></label>
			<visible>false</visible>
		</control>

		<control type="button" id="4006">
			<!-- super favourites -->
			<posx>285</posx>
			<posy>20</posy>
			<width>200</width>
			<height>40</height>
			<texturefocus>tvg-menu-focus.png</texturefocus>
			<texturenofocus>tvg-menu-nofocus.png</texturenofocus>
			<onup>7004</onup>
			<ondown>4005</ondown>
			<onleft>7004</onleft>
			<align>center</align>
			<aligny>center</aligny>
			<font>font13</font>
			<textcolor>white</textcolor>
			<focusedcolor>white</focusedcolor>
			<label>Search</label>
			<visible>false</visible>
		</control>

		<control type="button" id="4013">
			<description>Extended Info</description>
			<posx>285</posx>
			<posy>110</posy>
			<width>200</width>
			<height>40</height>
			<texturefocus>tvg-menu-focus.png</texturefocus>
			<texturenofocus>tvg-menu-nofocus.png</texturenofocus>
			<onup>4005</onup>
			<ondown>4011</ondown>
			<onleft>7004</onleft>
			<align>center</align>
			<aligny>center</aligny>
			<font>font13</font>
			<textcolor>white</textcolor>
			<focusedcolor>white</focusedcolor>
			<label>Extended Info</label>
			<visible>false</visible>
		</control>

		<control type="button" id="4009">
			<description>autoplaywith</description>
			<posx>285</posx>
			<posy>290</posy>
			<width>200</width>
			<height>40</height>
			<texturefocus>tvg-menu-focus.png</texturefocus>
			<texturenofocus>tvg-menu-nofocus.png</texturenofocus>
			<onup>4008</onup>
			<ondown>4001</ondown>
			<onleft>7004</onleft>
			<align>center</align>
			<aligny>center</aligny>
			<font>font13</font>
			<textcolor>white</textcolor>
			<focusedcolor>white</focusedcolor>
			<label>AutoPlayWith</label>
			<visible>false</visible>
		</control>

		<control type="label">
			<!-- Choose Stream Text -->
			<posx>20</posx>
			<posy>425</posy>
			<width>200</width>
			<height>200</height>
			<font>font13</font>
			<textcolor>white</textcolor>
			<label>$ADDON[script.renegadestv 30305]</label>
			<wrapmultiline>true</wrapmultiline>
			<visible>false</visible>
		</control>

		<control type="label" id="4102">
			<!-- Show Title -->
			<posx>20</posx>
			<posy>470</posy>
			<width>200</width>
			<height>40</height>
			<align>center</align>
			<aligny>center</aligny>
			<font>font13</font>
			<textcolor>white</textcolor>
			<visible>false</visible>
		</control>
		<control type="button" id="4012">
			<description>simple favourites</description>
			<posx>285</posx>
			<posy>560</posy>
			<width>200</width>
			<height>40</height>
			<texturefocus>tvg-menu-focus.png</texturefocus>
			<texturenofocus>tvg-menu-nofocus.png</texturenofocus>
			<onup>4000</onup>
			<ondown>4004</ondown>
			<onleft>7004</onleft>
			<align>center</align>
			<aligny>center</aligny>
			<font>font13</font>
			<textcolor>white</textcolor>
			<focusedcolor>white</focusedcolor>
			<label>Favourites</label>
			<visible>false</visible>
		</control>

		<control type="button" id="80002">
			<!-- VIDEO ADDONS -->
			<posx>285</posx>
			<posy>540</posy>
			<width>200</width>
			<height>40</height>
			<texturefocus>tvg-menu-focus.png</texturefocus>
			<texturenofocus>tvg-menu-nofocus.png</texturenofocus>
			<onup>80001</onup>
			<ondown>4006</ondown>
			<onleft>7004</onleft>
			<align>center</align>
			<aligny>center</aligny>
			<font>font13</font>
			<textcolor>white</textcolor>
			<focusedcolor>white</focusedcolor>
			<label>$ADDON[script.renegadestv 80002]</label>
			<visible>false</visible>
		</control>

		<control type="button" id="80004">
			<!-- QUIT -->
			<posx>285</posx>
			<posy>660</posy>
			<width>200</width>
			<height>40</height>
			<texturefocus>tvg-menu-focus.png</texturefocus>
			<texturenofocus>tvg-menu-nofocus.png</texturenofocus>
			<onup>4003</onup>
			<ondown>80000</ondown>
			<onleft>7004</onleft>
			<align>center</align>
			<aligny>center</aligny>
			<font>font13</font>
			<textcolor>white</textcolor>
			<focusedcolor>white</focusedcolor>
			<label>Remove Category</label>
			<visible>false</visible>
		</control>
		<control>
		    <description>textbox</description>
            <posx>950</posx>
            <posy>680</posy>
            <width>700</width>
            <height>500</height>
            <textcolor>white</textcolor>
            <font>font10</font>
			<align>justify</align>
            <aligny>top</aligny>
			<label>This Is A Mod Of The Default Skin Modded By The Kiwi Guy</label>
		</control>

	</controls>
</window>
