<?xml version="1.0" encoding="utf-8"?>
<window type="dialog">
    <allowoverlay>no</allowoverlay>
    <defaultcontrol always="false">1000</defaultcontrol>
    <coordinates>
        <system>1</system>
        <posx>0</posx>
        <posy>0</posy>
    </coordinates>

    <controls>

        <control type="image">
            <description>background</description>
            <posx>0</posx>
            <posy>0</posy>
            <width>1280</width>
            <height>720</height>
            <texture>background.png</texture>
            <visible>true</visible>
        </control>
		<control type="image">
            <description>background</description>
            <posx>900</posx>
            <posy>20</posy>
            <width>360</width>
            <height>200</height>
            <aligny>top</aligny>
            <aspectratio>stretch</aspectratio>
            <texture>black.png</texture>
            <visible>Player.HasVideo</visible>
        </control>
        <control type="videowindow">
            <description>video window</description>
            <posx>900</posx>
            <posy>20</posy>
            <width>360</width>
            <height>200</height>
            <aligny>top</aligny>
            <aspectratio>keep</aspectratio>
        </control>

        <control type="image">
            <description>background</description>
            <posx>0</posx>
            <posy>0</posy>
            <width>1280</width>
            <height>720</height>
            <texture>tvg-back-trans.png</texture>
            <visible>false</visible>
        </control>
		
		<control type="image">
			<posx>0</posx>
			<posy>246</posy>
			<width>100%</width>
			<height>32</height>
			<texture>black-back.png</texture>
			<aspectratio>stretch</aspectratio>
		</control>
		<control type="image">
			<posx>0</posx>
			<posy>246</posy>
			<width>100%</width>
			<height>32</height>
			<texture>black-back.png</texture>
			<aspectratio>stretch</aspectratio>
		</control>
		
		<control type="group">
            <posx>0</posx>
            <posy>248</posy>
            <width>1280</width>
            <height>30</height>
            <visible>true</visible>
				
			<control type="image">
				<posx>4</posx>
				<posy>0</posy>
				<width>1271</width>
				<height>30</height>
				<texture>blue-back.png</texture>
				<aspectratio>stretch</aspectratio>
			</control>

            <control type="image">
                <description>workaround for texture not being loaded</description>
                <posx>0</posx>
                <posy>0</posy>
                <width>1280</width>
                <height>30</height>
                <texture>tvguide-program-red.png</texture>
                <visible>true</visible>
            </control>
		</control>

		<control type="image">
			<posx>0</posx>
			<posy>278</posy>
			<width>100%</width>
			<height>402</height>
			<texture>black-back.png</texture>
			<aspectratio>stretch</aspectratio>
		</control>
		<control type="image">
			<posx>0</posx>
			<posy>278</posy>
			<width>100%</width>
			<height>402</height>
			<texture>black-back.png</texture>
			<aspectratio>stretch</aspectratio>
		</control>
			
        <control type="label" id="1001">
            <description>Title</description>
            <left>750</left>
            <top>20</top>
            <width>300</width>
            <height>20</height>
            <font>font13_title</font>
            <textcolor>orange</textcolor>
            <shadowcolor>black</shadowcolor>
            <align>center</align>
            <aligny>center</aligny>
            <label>Title</label>
            <scroll>true</scroll>
			<visible>false</visible>
        </control>

        <control type="group">
            <description>Program List</description>
            <visible>true</visible>
            <control type="group">
                <posx>5</posx>
                <posy>248</posy>
                <width>1270</width>
                <height>425</height>
				<control type="label">
                    <description>time label</description>
                    <posx>2</posx>
                    <posy>0</posy>
                    <width>180</width>
                    <height>30</height>
                    <font>font10_title</font>
                    <align>left</align>
                    <aligny>center</aligny>
                    <textcolor>white</textcolor>
                    <shadowcolor>black</shadowcolor>
                    <label>NOW: $INFO[System.Time]</label>
                    <animation effect="slide" start="0,0" end="-40,0" time="75" condition="Window.IsVisible(Mutebug)">conditional</animation>
                </control>
                <control type="label">
                    <description>Channel label</description>
                    <left>150</left>
					<posy>5</posy>
                    <width>180</width>
                    <height>20</height>
                    <textcolor>white</textcolor>
					<shadowcolor>black</shadowcolor>
                    <font>font10_title</font>
                    <align>left</align>
                    <aligny>center</aligny>
                    <label>19148</label>
                </control>
                <control type="label">
                    <description>Time label</description>
                    <left>350</left>
					<posy>5</posy>
                    <width>200</width>
                    <height>20</height>
                    <textcolor>white</textcolor>
					<shadowcolor>black</shadowcolor>
                    <font>font10_title</font>
                    <align>left</align>
                    <aligny>center</aligny>
                    <label>Start</label>
                </control>
                <control type="label">
                    <description>Length</description>
                    <left>500</left>
					<posy>5</posy>
                    <width>100</width>
                    <height>20</height>
                    <font>font10_title</font>
                    <textcolor>white</textcolor>
                    <shadowcolor>black</shadowcolor>
                    <align>right</align>
                    <aligny>center</aligny>
                    <label>Length</label>
                </control>
                <control type="label">
                    <description>Title</description>
                    <left>700</left>
					<posy>5</posy>
                    <width>550</width>
                    <height>20</height>
                    <font>font10_title</font>
                    <textcolor>white</textcolor>
                    <shadowcolor>black</shadowcolor>
                    <align>left</align>
                    <aligny>center</aligny>
                    <label>369</label>
                </control>
                <control type="image">
                    <description>separator image</description>
                    <left>0</left>
                    <top>50</top>
                    <width>1280</width>
                    <height>2</height>
                    <colordiffuse>88FFFFFF</colordiffuse>
                    <texture>tvg-seperator.png</texture>
					<visible>false</visible>
                </control>
                <control type="list" id="1000">
                    <viewtype label="19030">list</viewtype>
                    <left>0</left>
                    <top>32</top>
                    <onup>1000</onup>
                    <ondown>1000</ondown>
                    <onleft>-</onleft>
					<itemgap>5</itemgap>
                    <onright>-</onright>
                    <pagecontrol>-</pagecontrol>
                    <itemlayout height="57">
						<control type="image">
                            <left>0</left>
                            <top>0</top>
                            <width>346</width>
                            <height>55</height>
                            <texture>tvg-program-nofocus.png</texture>
                            <visible>true</visible>
                        </control>
						<control type="image">
                            <left>348</left>
                            <top>0</top>
                            <width>165</width>
                            <height>55</height>
                            <texture>tvg-program-nofocus.png</texture>
                            <visible>true</visible>
                        </control>
						<control type="image">
                            <left>515</left>
                            <top>0</top>
                            <width>178</width>
                            <height>55</height>
                            <texture>tvg-program-nofocus.png</texture>
                            <visible>true</visible>
                        </control>
						<control type="image">
                            <left>695</left>
                            <top>0</top>
                            <width>600</width>
                            <height>55</height>
                            <texture>tvg-program-nofocus.png</texture>
                            <visible>true</visible>
                        </control>
                        <control type="image">
                            <left>4</left>
                            <top>1</top>
                            <width>140</width>
                            <height>55</height>
                            <info>ListItem.Icon</info>
                            <aspectratio>keep</aspectratio>
							<valign>center</valign>
                        </control>
                        <control type="label">
                            <left>150</left>
                            <top>0</top>
                            <width>200</width>
                            <height>55</height>
                            <textcolor>ffffffff</textcolor>
							<shadowcolor>-</shadowcolor>
							<font>font13_title</font>
                            <align>left</align>
                            <aligny>center</aligny>
                            <info>ListItem.Property(ChannelName)</info>
                        </control>
                        <control type="label">
                            <left>350</left>
                            <top>0</top>
                            <width>200</width>
                            <height>55</height>
                            <font>font13</font>
                            <textcolor>dimgrey</textcolor>
                            <align>left</align>
                            <aligny>center</aligny>
                            <info>ListItem.Property(StartTime)</info>
                        </control>
                        <control type="label">
                            <left>500</left>
                            <top>0</top>
                            <width>100</width>
                            <height>55</height>
                            <font>font13</font>
                            <textcolor>grey</textcolor>
                            <align>right</align>
                            <aligny>center</aligny>
                            <info>ListItem.Property(Duration)</info>
                        </control>
                        <control type="progress">
                            <left>610</left>
                            <top>20</top>
                            <width>80</width>
                            <height>4</height>
                            <lefttexture />
                            <righttexture />
                            <texturebg >tvg-progress-bg.png</texturebg>
                            <midtexture >tvg-progress-mid.png</midtexture>
                            <info>ListItem.Property(Completed)</info>
                            <visible>ListItem.Property(Completed)</visible>
                        </control>
                        <control type="label">
                            <left>610</left>
                            <top>0</top>
                            <width>100</width>
                            <height>55</height>
                            <font>font12</font>
                            <textcolor>dimgrey</textcolor>
                            <align>left</align>
                            <aligny>center</aligny>
                            <info>ListItem.Property(When)</info>
                        </control>
                        <control type="label">
                            <description>Program Title</description>
                            <left>700</left>
                            <top>0</top>
                            <width>550</width>
                            <height>55</height>
                            <font>font13</font>
                            <textcolor>grey</textcolor>
                            <align>left</align>
                            <aligny>center</aligny>
                            <info>ListItem.Label</info>
                        </control>
                    </itemlayout>
                    <focusedlayout height="57">
                        <control type="image">
                            <left>0</left>
                            <top>0</top>
                            <width>1280</width>
                            <height>55</height>
                            <texture>black-back.png</texture>
                            <visible>false</visible>
                        </control>
                        <control type="image">
                            <left>0</left>
                            <top>0</top>
                            <width>346</width>
                            <height>55</height>
                            <texture>tvg-program-focus.png</texture>
                            <visible>true</visible>
                        </control>
						<control type="image">
                            <left>348</left>
                            <top>0</top>
                            <width>165</width>
                            <height>55</height>
                            <texture>tvg-program-focus.png</texture>
                            <visible>true</visible>
                        </control>
						<control type="image">
                            <left>515</left>
                            <top>0</top>
                            <width>178</width>
                            <height>55</height>
                            <texture>tvg-program-focus.png</texture>
                            <visible>true</visible>
                        </control>
						<control type="image">
                            <left>695</left>
                            <top>0</top>
                            <width>600</width>
                            <height>55</height>
                            <texture>tvg-program-focus.png</texture>
                            <visible>true</visible>
                        </control>
                        <control type="image">
                            <left>4</left>
                            <top>1</top>
                            <width>140</width>
                            <height>55</height>
                            <info>ListItem.Icon</info>
                            <aspectratio>keep</aspectratio>
                        </control>
                        <control type="label">
                            <left>150</left>
                            <top>0</top>
                            <width>200</width>
                            <height>55</height>
                            <textcolor>white</textcolor>
                            <shadowcolor>black</shadowcolor>
							<font>font13_title</font>
                            <align>left</align>
                            <aligny>center</aligny>
                            <info>ListItem.Property(ChannelName)</info>
                        </control>
                        <control type="label">
                            <left>350</left>
                            <top>0</top>
                            <width>200</width>
                            <height>55</height>
                            <font>font13</font>
                            <textcolor>white</textcolor>
                            <shadowcolor>black</shadowcolor>
                            <align>left</align>
                            <aligny>center</aligny>
                            <info>ListItem.Property(StartTime)</info>
                        </control>
                        <control type="label">
                            <left>500</left>
                            <top>0</top>
                            <width>100</width>
                            <height>55</height>
                            <font>font13</font>
                            <textcolor>white</textcolor>
                            <shadowcolor>black</shadowcolor>
                            <align>right</align>
                            <aligny>center</aligny>
                            <info>ListItem.Property(Duration)</info>
                        </control>
                        <control type="progress">
                            <left>610</left>
                            <top>20</top>
                            <width>80</width>
                            <height>4</height>
                            <lefttexture />
                            <righttexture />
                            <texturebg >tvg-progress-bg.png</texturebg>
                            <midtexture >tvg-progress-mid.png</midtexture>
                            <info>ListItem.Property(Completed)</info>
                            <visible>ListItem.Property(Completed)</visible>
                        </control>
                        <control type="label">
                            <left>610</left>
                            <top>0</top>
                            <width>100</width>
                            <height>55</height>
                            <font>font12</font>
                            <textcolor>dimgrey</textcolor>
                            <align>left</align>
                            <aligny>center</aligny>
                            <info>ListItem.Property(When)</info>
                        </control>
                        <control type="image">
                            <left>1030</left>
                            <top>0</top>
                            <width>250</width>
                            <height>55</height>
                            <info>ListItem.Property(ProgramImage)</info>
                            <aspectratio>keep</aspectratio>
                        </control>
                        <control type="label">
                            <description>Program Title</description>
                            <left>700</left>
                            <top>0</top>
                            <width>550</width>
                            <height>55</height>
                            <font>font13</font>
                            <textcolor>white</textcolor>
                            <shadowcolor>black</shadowcolor>
                            <align>left</align>
                            <aligny>center</aligny>
                            <info>ListItem.Label</info>
                        </control>

                    </focusedlayout>
                </control>
            </control>
        </control>
		<control type="grouplist">
			<posx>20</posx>
			<posy>50</posy>
			<itemgap>5</itemgap>
			<orientation>horizontal</orientation>
			<control type="label" id="7020">
				<description>Program title</description>
				<width min="5" max="645">auto</width>
				<height>30</height>
				<textcolor>white</textcolor>
				<font>font13</font>
				<align>left</align>
				<visible>true</visible>
				<scroll>true</scroll>
				<label>[B]$INFO[Container(1000).ListItem.Label][/B]</label>
	        	</control>
		</control>
		<control type="progress">
            <posx>20</posx>
            <posy>82</posy>
            <width>845</width>
            <height>7</height>
            <lefttexture />
            <righttexture />
            <texturebg  colordiffuse="skyblue">tvg-button-nofocus.png</texturebg>
            <midtexture colordiffuse="cyan">tvg-button-nofocus.png</midtexture>
			<label>[Container(1000).ListItem.Property(Completed)]</label>
        </control>
		<control type="grouplist">
			<posx>20</posx>
			<posy>20</posy>
			<itemgap>5</itemgap>
			<orientation>horizontal</orientation>
			<control type="label">
				<description>Channel name</description>
				<width>650</width>
				<height>30</height>
				<textcolor>grey</textcolor>
				<font>font13</font>
				<align>left</align>
				<visible>true</visible>
				<scroll>true</scroll>
				<label>[B]$INFO[Container(1000).ListItem.Property(ChannelName)][/B]</label>
			</control>
		</control>
		<control type="textbox">
            <description>Program description</description>
            <posx>20</posx>
            <posy>90</posy>
            <width>845</width>
			<height>140</height>
			<textcolor>white</textcolor>
			<font>font13</font>
			<align>justify</align>
			<wrapmultiline>true</wrapmultiline>
			<autoscroll delay="5000" time="1000" repeat="10000"></autoscroll>
            <label>$INFO[Container(1000).ListItem.Property(Plot)]</label>
        </control>
    </controls>
</window>