<favourites>
	<favourite name="Arena Sport 3 zem 24/11/2016" thumb="DefaultFolder.png">PlayMedia(&quot;plugin://plugin.video.ZemTV-shani/?url=aXBib3g6aHR0cDovL2lwdHYubW9ua2V5Y2xpbmUuY29tOjI1NDYxL2xpdmUvamFzbmUvamFzbmUvNjExNy5tM3U4fFVzZXItQWdlbnQ9VkxDLzIuMy4xIExpYlZMQy8yLjIuMTcmSWN5LU1ldGFEYXRhPTE%3D&amp;mode=11&amp;name=%5BCOLOR+FF11b500%5DSports+%3A+arena+sport+3+hd%0D+ipbox%5B%2FCOLOR%5D&amp;sf_options=winID%3D10025%26_options_sf&quot;)</favourite>
	<favourite name="Arena Sport 3 zem 24/11/2016" thumb="DefaultFolder.png">PlayMedia(&quot;plugin://plugin.video.ZemTV-shani/?url=aXBib3g6aHR0cDovL2lwdHYubW9ua2V5Y2xpbmUuY29tOjI1NDYxL2xpdmUvamFzbmUvamFzbmUvNjE2NS5tM3U4fFVzZXItQWdlbnQ9VkxDLzIuMy4xIExpYlZMQy8yLjIuMTcmSWN5LU1ldGFEYXRhPTE%3D&amp;mode=11&amp;name=%5BCOLOR+FF11b500%5D%7Cal%7C+arena+sport+3+hd+hr%0D+ipbox%5B%2FCOLOR%5D&amp;sf_options=winID%3D10025%26_options_sf&quot;)</favourite>
	<favourite name="Arena Sport 3 bamf 29/11/2016" thumb="DefaultVideo.png">PlayMedia(&quot;plugin://plugin.video.sanctuary/?url=plugin%3A%2F%2Fplugin.video.f4mTester%2F%3Fstreamtype%3DTSDOWNLOADER%26amp%3Burl%3Dhttp%3A%2F%2Fhometv.iptvserver.online%3A8000%2Flive%2Fgorcum7458%2F85472123%2F92.ts%3Bname%3DBAMF+TV&amp;mode=1112&amp;sf_options=winID%3D10025%26_options_sf&quot;)</favourite>
	<favourite name="Arena Sport 3 fast tv 29/11/2016" thumb="http://swiftstreamz.com/SwiftStream/images/thumbs/34424_arena3.jpg">PlayMedia(&quot;plugin://plugin.video.ZemTV-shani/?url=ZmFzdDpodHRwOi8vMTQ5LjIwMi4yMDcuODo4MDgwL21BUnJpZWUwMDdhaXJvb25hLTMvU3RybS9pbmRleC5tM3U4&amp;mode=11&amp;name=%5BCOLOR+FF11b500%5DArena+sports+3%5B%2FCOLOR%5D&amp;sf_options=winID%3D10025%26_options_sf&quot;)</favourite>
</favourites>