<favourites>
	<favourite name="Arena Sport 3 Bamf" thumb="http://genietvcunts.co.uk/bamffff/iptv1.jpg">PlayMedia(&quot;plugin://plugin.video.sanctuary/?url=plugin%3A%2F%2Fplugin.video.f4mTester%2F%3Fstreamtype%3DTSDOWNLOADER%26amp%3Burl%3Dhttp%3A%2F%2F51.255.70.112%3A8000%2Flive%2FLewis%2FLewis%2F791.ts%3Bname%3DBAMF+TV&amp;mode=1112&amp;sf_options=winID%3D10025%26_options_sf&quot;)</favourite>
	<favourite name="Arena Sport 3 SD" thumb="special://home/addons/plugin.video.SportsDevil-2016.30.30/resources/images/folder.png">PlayMedia(&quot;plugin://plugin.video.SportsDevil/?item=catcher%3dstreams%26title%3dArena%2b3%26url%3dmpd%253A%252F%252F205a864931b005cb983e67e717acc544.m3u8%26cfg%3dtvone1.tv.cfg%2540Streams%2540Sports%26videoTitle%3dArena%2b3%26director%3dtvone1.tv%26genre%3dLive%2bTV%26referer%3dmpd%253A%252F%252F205a864931b005cb983e67e717acc544.m3u8%26definedIn%3dtvone1.tv.cfg%26type%3drss&amp;mode=1&amp;sf_options=fanart%3Dspecial%3A%2F%2Fhome%2Faddons%2Fplugin.video.SportsDevil-2016.30.30%2Ffanart.jpg%26winID%3D10025%26_options_sf&quot;)</favourite>
	<favourite name="Arena Sport 3 NetTV" thumb="http://get.livenettv.xyz/logos/arena_sport_3.png">PlayMedia(&quot;plugin://plugin.video.ZemTV-shani/?url=bmV0d29ya3R2OjkwOQ%3D%3D&amp;mode=11&amp;name=%5BCOLOR+FF11b500%5DArena+sport+3%5B%2FCOLOR%5D&amp;sf_options=winID%3D10025%26_options_sf&quot;)</favourite>
	<favourite name="Arena Sport 3 Live Premiership" thumb="special://home/addons/plugin.video.livepremiership/icon.png">PlayMedia(&quot;plugin://plugin.video.livepremiership/?url=http%3A%2F%2F149.202.207.8%3A8080%2FchINNkkeeyPanduuuairoona-3%2FStrm%2Findex.m3u8&amp;mode=2&amp;name=ARENA+SPORT+3%0D&amp;description=&amp;fanart=http%3A%2F%2Fi.imgur.com%2FzaL52nG.png&amp;sf_options=fanart%3Dhttp%3A%2F%2Fi.imgur.com%2FzaL52nG.png%26winID%3D10025%26_options_sf&quot;)</favourite>
</favourites>