<favourites>
	<favourite name="Arena Sport 3" thumb="https://app.uktvnow.net/images/channel_imgs/160116114021ar3.jpg|User-Agent=Dalvik/2.1.0 (Linux; U; Android 6.0.1; SM-G935F Build/MMB29K)">PlayMedia(&quot;playmedia(&quot;plugin://plugin.video.uktvnow/?url=url&amp;mode=2&amp;name=Arena+Sport+3&amp;channelid=35&amp;iconimage=https%3A%2F%2Fapp.uktvnow.net%2Fimages%2Fchannel_imgs%2F160116114021ar3.jpg%7CUser-Agent%3DDalvik%2F2.1.0+%28Linux%3B+U%3B+Android+6.0.1%3B+SM-G935F+Build%2FMMB29K%29&quot;)&amp;sf_options=meta%3Dcastandrole%253D%25255B%25255D%2526label%253DArena%252BSport%252B3%26winID%3D10025%26_options_sf&quot;)</favourite>
	<favourite name="Arena Sport 3 - UKTV - 25/08/2016" thumb="https://app.uktvnow.net/images/channel_imgs/160116114021ar3.jpg|User-Agent=Dalvik/2.1.0 (Linux; U; Android 6.0.1; SM-G935F Build/MMB29K)">PlayMedia(&quot;plugin://plugin.video.uktvnow/?url=url&amp;mode=2&amp;name=Arena+Sport+3&amp;channelid=35&amp;iconimage=https%3A%2F%2Fapp.uktvnow.net%2Fimages%2Fchannel_imgs%2F160116114021ar3.jpg%7CUser-Agent%3DDalvik%2F2.1.0+%28Linux%3B+U%3B+Android+6.0.1%3B+SM-G935F+Build%2FMMB29K%29&amp;sf_options=fanart%3Dspecial%3A%2F%2Fhome%2Faddons%5Cplugin.video.uktvnow%5Cfanart.jpg%26meta%3Dplot%253D35%2526label%253DArena%252BSport%252B3%2526title%253DArena%252BSport%252B3%26winID%3D10025%26desc%3D35%26_options_sf&quot;)</favourite>
	<favourite name="Astro Supersport 3 - NJM Soccer - 12/08/2016" thumb="http://i60.tinypic.com/2a8f14g.png">PlayMedia(&quot;plugin://plugin.video.NJMSoccer/?url=plugin%3A%2F%2Fplugin.video.f4mTester%2F%3Fstreamtype%3DTSDOWNLOADER%26url%3Dhttp%3A%2F%2Fcp.dmbshare.net%3A8000%2Flive%2Fcotton%2Fcotton%2F4565.ts&amp;mode=12&amp;sf_options=fanart%3Dspecial%3A%2F%2Fhome%2Faddons%5Cplugin.video.NJMSoccer%5Cfanart.jpg%26meta%3Dlabel%253DAstro%252BSupersport%252B3%2526title%253DAstro%252BSupersport%252B3%26winID%3D10025%26_options_sf&quot;)</favourite>
	<favourite name="Arena Sport 3 - NJM Soccer - 12/08/2016" thumb="http://zunox.hk/zunox1.html">PlayMedia(&quot;plugin://plugin.video.NJMSoccer/?url=plugin%3A%2F%2Fplugin.video.SportsDevil%2F%3Fmode%3D1%26amp%3Bitem%3Dcatcher%253dstreams%2526url%3Dhttp%3A%2F%2Fstreamking.cc%2Fplayer%3Fchannel%3Darena3%2526referer%3Dhttp%3A%2F%2Fstreamking.cc%2Fplayer%3Fchannel%3Darena3&amp;mode=12&amp;sf_options=fanart%3Dhttp%3A%2F%2Fi57.tinypic.com%2F21l07rc.png%26meta%3Dlabel%253DArena%252BSport%252B3%2526title%253DArena%252BSport%252B3%26winID%3D10025%26_options_sf&quot;)</favourite>
</favourites>