<favourites>
	<favourite name="Sky Sports 1 HD bamf 16/11/2016" thumb="https://www.dropbox.com/s/5l2alhsl2dpdd33/14996309_10209473377528524_434205708_n.jpg?dl=0">PlayMedia(&quot;plugin://plugin.video.sanctuary/?url=plugin%3A%2F%2Fplugin.video.f4mTester%2F%3Fstreamtype%3DTSDOWNLOADER%26amp%3Burl%3Dhttp%3A%2F%2Fcp.dmbshare.net%3A8000%2Flive%2Fdan%2Fdan%2F8430.ts%3Bname%3DBAMF+TV&amp;mode=1112&amp;sf_options=winID%3D10001%26_options_sf&quot;)</favourite>
	<favourite name="Sky Sports 1 Oblivion 16/11/2016" thumb="http://oblivionbuilds.com/Oblivionlogo.png">PlayMedia(&quot;plugin://plugin.video.OblivionStreams/?url=plugin%3A%2F%2Fplugin.video.SportsDevil%2F%3Fmode%3D1%26amp%3Bitem%3Dcatcher%253dstreams%2526url%3Dhttp%3A%2F%2Fwww.liveonlinetv247.info%2Fskysports1.php&amp;mode=12&amp;sf_options=fanart%3Dhttp%3A%2F%2Foblivionbuilds.com%2Ffanart.jpg%26winID%3D10001%26_options_sf&quot;)</favourite>
	<favourite name="Sky Sports 1 Specialist 16/11/2016" thumb="http://footballontv.com/img/channels/square-300/Sky-Sports-1.png">PlayMedia(&quot;plugin://plugin.video.specialiststreams/?action=play&amp;url=%3Csublink%3Eplugin%3A%2F%2Fplugin.video.f4mTester%2F%3Fstreamtype%3DTSDOWNLOADER%26amp%3Burl%3Dhttp%3A%2F%2Fmediaiptv.xyz%3A8000%2Flive%2FlLwr8I1Ml7%2Fz2vfVVtUxO%2F1685.ts%3C%2Fsublink%3E%3Csublink%3Eplugin%3A%2F%2Fplugin.video.f4mTester%2F%3Fstreamtype%3DTSDOWNLOADER%26amp%3Burl%3Dhttp%3A%2F%2Fmediaiptv.xyz%3A8000%2Flive%2FlLwr8I1Ml7%2Fz2vfVVtUxO%2F725.ts%3C%2Fsublink%3E&amp;sf_options=fanart%3Dspecial%3A%2F%2Fhome%2Faddons%2Fplugin.video.specialiststreams%2Ffanart.jpg%26winID%3D10001%26_options_sf&quot;)</favourite>
	<favourite name="Sky Sports 1 AK47 16/11/2016" thumb="http://www.liveonlinetv247.info/images/skysports1.png">PlayMedia(&quot;plugin://plugin.video.AK-47/?url=%24doregex%5Bget_sxstream%5D%7CUser-Agent%3DiPhone&amp;mode=17&amp;regexs=%7Bu%27get_sxstream%27%3A%20%7B%27expres%27%3A%20u%27src%3D.%2A%5B%22%2C%5C%27%5D%28.%2Am3u8.%2A%3F%29%5B%22%2C%5C%27%5D%27%2C%20%27referer%27%3A%20u%27http%3A//www.liveonlinetv247.info/%27%2C%20%27name%27%3A%20u%27get_sxstream%27%2C%20%27agent%27%3A%20u%27Mozilla/5.0%20%28Windows%20NT%2010.0%3B%20WOW64%29%20AppleWebKit/537.36%20%28KHTML%2C%20like%20Gecko%29%20Chrome/48.0.2564.116%20Safari/537.36%27%2C%20%27page%27%3A%20u%27http%3A//www.liveonlinetv247.info/embed/skysports1.php%27%7D%7D&amp;sf_options=fanart%3Dhttp%3A%2F%2Fs9.postimg.org%2Fqzvorcwz3%2Ffan.jpg%26winID%3D10001%26_options_sf&quot;)</favourite>
	<favourite name="Sky Sports 1  AceStreams" thumb="special://home/addons/plugin.video.castaway/resources/media/livefootballol.png">PlayMedia(&quot;plugin://plugin.video.castaway/?play=True&amp;img=%2FUsers%2Fdanielmuse%2FLibrary%2FApplication+Support%2FFreeTelly%2Faddons%2Fplugin.video.castaway%2Fresources%2Fmedia%2Flivefootballol.png&amp;title=Sky+Sports+1++%5BEnglish%5D+-+1250+kbps&amp;url=acestream%3A%2F%2Fa76398619fa37a69928f8d8ca8abd50502f1bb2d&amp;site=livefootballol_ch&amp;mode=play_p2p&amp;sf_options=fanart%3Dspecial%3A%2F%2Fhome%2Faddons%2Fplugin.video.castaway%2Ffanart.jpg%26winID%3D10001%26_options_sf&quot;)</favourite>
</favourites>