<favourites>
	<favourite name="SKY SPORTS 1 HD bamf Sports" thumb="http://genietvcunts.co.uk/bamffff/14996309_10209473377528524_434205708_n.jpg">PlayMedia(&quot;plugin://plugin.video.sanctuary/?url=plugin%3A%2F%2Fplugin.video.f4mTester%2F%3Fstreamtype%3DTSDOWNLOADER%26amp%3Burl%3Dhttp%3A%2F%2Fservice1.astrovida.tv%3A8000%2Flive%2FldfClEnjcOy%2FrrtaxRw5Qk7%2F4776.ts%3Bname%3DBAMF+TV&amp;mode=906&amp;regexs=&amp;setCookie=&amp;sf_options=winID%3D10025%26_options_sf&quot;)</favourite>
	<favourite name="SKY SPORTS 1 HD bamf Server 2" thumb="DefaultVideo.png">PlayMedia(&quot;plugin://plugin.video.sanctuary/?url=plugin%3A%2F%2Fplugin.video.f4mTester%2F%3Fstreamtype%3DTSDOWNLOADER%26amp%3Burl%3Dhttp%3A%2F%2Fkodi-fireiptv.ddns.net%3A8000%2Flive%2FWIL%2FBIS%2F872.ts%3Bname%3DBAMF+TV&amp;mode=906&amp;regexs=&amp;setCookie=&amp;sf_options=winID%3D10025%26_options_sf&quot;)</favourite>
	<favourite name="Sky Sports 1 HD bamf IPTV" thumb="http://genietvcunts.co.uk/bamffff/14996309_10209473377528524_434205708_n.jpg">PlayMedia(&quot;plugin://plugin.video.sanctuary/?url=plugin%3A%2F%2Fplugin.video.f4mTester%2F%3Fstreamtype%3DTSDOWNLOADER%26amp%3Burl%3Dhttp%3A%2F%2Fsonic-iptv.com%3A2500%2Flive%2Flee%2Flee%2F7.ts%3Bname%3DBAMF+TV&amp;mode=906&amp;regexs=&amp;setCookie=&amp;sf_options=winID%3D10025%26_options_sf&quot;)</favourite>
	<favourite name="Sky Sports 1 HD sanctuary" thumb="http://www.skysports.com/core/img/channels/Sky-Sports-1-Logo.png">PlayMedia(&quot;plugin://plugin.video.sanctuary/?url=plugin%3A%2F%2Fplugin.video.SportsDevil%2F%3Fmode%3D1%26amp%3Bitem%3Dcatcher%253dstreams%2526url%3Dhttp%3A%2F%2Fwww.shadow-net.org%2Fchannels%2FSky-Sports1.html%2526referer%3Dhttp%3A%2F%2Fwww.shadow-net.org%2Fchannels%2FSky-Sports1.html&amp;mode=906&amp;regexs=&amp;setCookie=&amp;sf_options=fanart%3Dspecial%3A%2F%2Fhome%2Faddons%2Fplugin.video.sanctuary%2Ffanart.jpg%26winID%3D10025%26_options_sf&quot;)</favourite>
	<favourite name="Sky Sports 1 UHD sanctuary" thumb="http://www.skysports.com/core/img/channels/Sky-Sports-1-Logo.png">PlayMedia(&quot;plugin://plugin.video.sanctuary/?url=plugin%3A%2F%2Fplugin.video.f4mTester%2F%3Fstreamtype%3DTSDOWNLOADER%26url%3Dhttp%3A%2F%2Fgo.teamexpat.ninja%2Flive%2Fjimmymyra%40hotmail.com%2Fbadboy%2F1973.ts%26streamtype%3D.TSDOWNLOADER%3Bname%3DUK+Sky+Sports+1+HD&amp;mode=906&amp;regexs=&amp;setCookie=&amp;sf_options=fanart%3Dspecial%3A%2F%2Fhome%2Faddons%2Fplugin.video.sanctuary%2Ffanart.jpg%26winID%3D10025%26_options_sf&quot;)</favourite>
	<favourite name="SKY SPORTS 1 HD Evolve Sports" thumb="http://matsbuilds.uk/pics/newevolveicons/sports.PNG">PlayMedia(&quot;plugin://plugin.video.Evolve/?url=http%3A%2F%2Fiptvch.selfip.info%2Flive%2Fsayed%2Fsayed%2F1378.ts%0D&amp;mode=2&amp;name=SKY+SPORTS+1+HD%0D&amp;description=&amp;iconimage=http%3A%2F%2Fmatsbuilds.uk%2Fpics%2Fnewevolveicons%2Fsports.PNG&amp;sf_options=fanart%3Dhttps%3A%2F%2Fsuperrepo.org%2Fstatic%2Fimages%2Ffanart%2Foriginal%2Fplugin.video.LiveTV.jpg%26winID%3D10025%26_options_sf&quot;)</favourite>
	<favourite name="SKY SPORTS 1 Evolve Sports" thumb="http://matsbuilds.uk/pics/newevolveicons/sports.PNG">PlayMedia(&quot;plugin://plugin.video.Evolve/?url=http%3A%2F%2Fiptvch.selfip.info%2Flive%2Fsayed%2Fsayed%2F18.ts%0D&amp;mode=2&amp;name=SKY+SPORTS+1%0D&amp;description=&amp;iconimage=http%3A%2F%2Fmatsbuilds.uk%2Fpics%2Fnewevolveicons%2Fsports.PNG&amp;sf_options=fanart%3Dhttps%3A%2F%2Fsuperrepo.org%2Fstatic%2Fimages%2Ffanart%2Foriginal%2Fplugin.video.LiveTV.jpg%26winID%3D10025%26_options_sf&quot;)</favourite>
	<favourite name="[COLOR orange]Sky Sports 1 HD [/COLOR] mic Sports Central" thumb="https://www.thelogodb.com/images/media/logo/tyqypy1433965234.png">PlayMedia(&quot;plugin://plugin.video.mic/?url=plugin%3A%2F%2Fplugin.video.f4mTester%2F%3Fstreamtype%3DTSDOWNLOADER%3Bname%3DSKY+SPORT+1+HD%26url%3Dhttp%3A%2F%2F37.187.139.155%3A8000%2Flive%2Flightwrath%40live.com%2FWatchNow%21%2F591.ts&amp;mode=12&amp;sf_options=fanart%3Dhttp%3A%2F%2Fwallpapercave.com%2Fwp%2FPaxa7aH.jpg%26winID%3D10025%26_options_sf&quot;)</favourite>
	<favourite name="[COLOR orange]Sky Sports 1 [/COLOR] mic Sports Central" thumb="https://www.thelogodb.com/images/media/logo/tyqypy1433965234.png">PlayMedia(&quot;plugin://plugin.video.mic/?url=plugin%3A%2F%2Fplugin.video.f4mTester%2F%3Fstreamtype%3DTSDOWNLOADER%3Bname%3DSKY+SPORT+1%26url%3Dhttp%3A%2F%2F37.187.139.155%3A8000%2Flive%2Flightwrath%40live.com%2FWatchNow%21%2F592.ts&amp;mode=12&amp;sf_options=fanart%3Dhttp%3A%2F%2Fwallpapercave.com%2Fwp%2FPaxa7aH.jpg%26winID%3D10025%26_options_sf&quot;)</favourite>
	<favourite name="Sky Sports 1 zem S2 HD" thumb="DefaultFolder.png">PlayMedia(&quot;plugin://plugin.video.ZemTV-shani/?url=aXBib3g6aHR0cDovL2lwdHYubW9ua2V5Y2xpbmUuY29tOjI1NDYxL2xpdmUvamFzbmUvamFzbmUvMTY5Ny50c3xVc2VyLUFnZW50PVZMQy8yLjMuMSBMaWJWTEMvMi4yLjE3JkljeS1NZXRhRGF0YT0x&amp;mode=11&amp;name=%5BCOLOR+FF11b500%5DSky+sports+1+hd%0D+ipbox%5B%2FCOLOR%5D&amp;sf_options=winID%3D10025%26_options_sf&quot;)</favourite>
	<favourite name="Sky Sports 1 fast tv" thumb="http://swiftstreamz.com/SwiftStream/images/thumbs/58115_sky1.jpg">PlayMedia(&quot;plugin://plugin.video.ZemTV-shani/?url=ZmFzdDpodHRwOi8vMTMwLjE4NS4xNDQuNjM6ODA4MS9hYmNkL3NreXNwMS9wbGF5bGlzdC5tM3U4&amp;mode=11&amp;name=%5BCOLOR+FF11b500%5DSky+sports+1%5B%2FCOLOR%5D&amp;sf_options=winID%3D10025%26_options_sf&quot;)</favourite>
	<favourite name="Sky Sports 1 zem S4" thumb="DefaultFolder.png">PlayMedia(&quot;plugin://plugin.video.ZemTV-shani/?url=aXBib3g6aHR0cDovL0lQVFZGUkVFMS5DT006Njk2OS9saXZlLz09Pl93d3cuaXB0dnJlc3RyZWFtLm5ldF88PT0vPT0%2BX3d3dy5pcHR2cmVzdHJlYW0ubmV0Xzw9PS8yNi50c3xVc2VyLUFnZW50PWlwdHZyZXN0cmVhbS5uZXQx&amp;mode=11&amp;name=%5BCOLOR+FF11b500%5DUk+%7C+sky+sports+hd+1%0D+ipbox%5B%2FCOLOR%5D&amp;sf_options=winID%3D10025%26_options_sf&quot;)</favourite>
	<favourite name="[COLORgreen][B]•[/COLOR][/B]Sky Sports 1 HD oblivion US" thumb="http://vps.oblivionbuilds.com/Oblivionlogo.png">PlayMedia(&quot;plugin://plugin.video.sanctuary/?url=plugin%3A%2F%2Fplugin.video.f4mTester%2F%3Fstreamtype%3DTSDOWNLOADER%26amp%3Burl%3Dhttp%3A%2F%2Fcableking-iptv.com%3A8000%2Flive%2Fsaif%2Fsaif%2F52.ts%3Bname%3DOblivion+TV&amp;mode=906&amp;regexs=&amp;setCookie=&amp;sf_options=winID%3D10025%26_options_sf&quot;)</favourite>
	<favourite name="[COLORgreen][B]•[/COLOR][/B]Sky Sports 1 SD oblivion US" thumb="http://vps.oblivionbuilds.com/Oblivionlogo.png">PlayMedia(&quot;plugin://plugin.video.sanctuary/?url=plugin%3A%2F%2Fplugin.video.f4mTester%2F%3Fstreamtype%3DTSDOWNLOADER%26amp%3Burl%3Dhttp%3A%2F%2Fcableking-iptv.com%3A8000%2Flive%2Fsaif%2Fsaif%2F53.ts%3Bname%3DOblivion+TV&amp;mode=906&amp;regexs=&amp;setCookie=&amp;sf_options=winID%3D10025%26_options_sf&quot;)</favourite>
	<favourite name="[COLORgreen][B]•[/COLOR][/B]Sky Sports 1 HD oblivion S2" thumb="http://vps.oblivionbuilds.com/Oblivionlogo.png">PlayMedia(&quot;plugin://plugin.video.sanctuary/?url=plugin%3A%2F%2Fplugin.video.f4mTester%2F%3Fstreamtype%3DTSDOWNLOADER%26amp%3Burl%3Dhttp%3A%2F%2Flive.softiptv.com%3A9900%2Flive%2F3month%2F3month%2F20530.ts%3Bname%3DOblivion+TV&amp;mode=906&amp;regexs=&amp;setCookie=&amp;sf_options=winID%3D10025%26_options_sf&quot;)</favourite>
</favourites>