<favourites>
	<favourite name="Sky Sports 1 Mic HD" thumb="https://upload.wikimedia.org/wikipedia/en/2/2b/UKTV_logo.png">PlayMedia(&quot;plugin://plugin.video.mic/?url=plugin%3A%2F%2Fplugin.video.f4mTester%2F%3Fstreamtype%3DHLSRETRY%3Bname%3DSKY+SPORT+1+HD%26url%3Dhttp%3A%2F%2F37.187.139.155%3A8000%2Flive%2Flightwrath%40live.com%2FWatchNow%21%2F591.m3u8&amp;mode=12&amp;iconimage=https%3A%2F%2Fupload.wikimedia.org%2Fwikipedia%2Fen%2F2%2F2b%2FUKTV_logo.png&amp;sf_options=fanart%3Dhttp%3A%2F%2Fwallpapercave.com%2Fwp%2FPaxa7aH.jpg%26meta%3Dlabel%253D%252B%25255BCOLOR%252Borange%25255DSky%252BSport%252B1%252BHD%252B%25255B%25252FCOLOR%25255D%2526title%253D%252B%25255BCOLOR%252Borange%25255DSky%252BSport%252B1%252BHD%252B%25255B%25252FCOLOR%25255D%26winID%3D10025%26_options_sf&quot;)</favourite>
	<favourite name="Sky Sports 1 Mic" thumb="https://upload.wikimedia.org/wikipedia/en/2/2b/UKTV_logo.png">PlayMedia(&quot;plugin://plugin.video.mic/?url=plugin%3A%2F%2Fplugin.video.f4mTester%2F%3Fstreamtype%3DHLSRETRY%3Bname%3DSKY+SPORT+1%26url%3Dhttp%3A%2F%2F37.187.139.155%3A8000%2Flive%2Flightwrath%40live.com%2FWatchNow%21%2F592.m3u8&amp;mode=12&amp;iconimage=https%3A%2F%2Fupload.wikimedia.org%2Fwikipedia%2Fen%2F2%2F2b%2FUKTV_logo.png&amp;sf_options=fanart%3Dhttp%3A%2F%2Fwallpapercave.com%2Fwp%2FPaxa7aH.jpg%26meta%3Dlabel%253D%252B%25255BCOLOR%252Borange%25255DSky%252BSport%252B1%252B%25255B%25252FCOLOR%25255D%2526title%253D%252B%25255BCOLOR%252Borange%25255DSky%252BSport%252B1%252B%25255B%25252FCOLOR%25255D%26winID%3D10025%26_options_sf&quot;)</favourite>
	<favourite name="Sky Sports 1 Mic" thumb="https://upload.wikimedia.org/wikipedia/en/2/2b/UKTV_logo.png">PlayMedia(&quot;plugin://plugin.video.mic/?url=plugin%3A%2F%2Fplugin.video.SportsDevil%2F%3Fmode%3D1%26amp%3Bitem%3Dcatcher%253dstreams%2526url%3Dhttp%3A%2F%2Fsportsstream.pw%2Fstream%2Fsky1.php%2526referer%3Dhttp%3A%2F%2Fwww.funhdtv.com%2F&amp;mode=12&amp;iconimage=https%3A%2F%2Fupload.wikimedia.org%2Fwikipedia%2Fen%2F2%2F2b%2FUKTV_logo.png&amp;sf_options=fanart%3Dhttp%3A%2F%2Fwallpapercave.com%2Fwp%2FPaxa7aH.jpg%26meta%3Dlabel%253D%252B%25255BCOLOR%252Borange%25255DSky%252BSport%252B1%252BALT%252B%25255B%25252FCOLOR%25255D%2526title%253D%252B%25255BCOLOR%252Borange%25255DSky%252BSport%252B1%252BALT%252B%25255B%25252FCOLOR%25255D%26winID%3D10025%26_options_sf&quot;)</favourite>
	<favourite name="Sky Sports 1 TVone" thumb="special://home/addons/plugin.video.SportsDevil-2016.30.30/resources/images/folder.png">PlayMedia(&quot;plugin://plugin.video.SportsDevil/?item=catcher%3dstreams%26title%3dSky%2bSports%2b1%26url%3dmpd%253A%252F%252F3562f7795a18fc93d94ad2cb616c3d90.m3u8%26cfg%3dtvone1.tv.cfg%2540Streams%2540Sports%26videoTitle%3dSky%2bSports%2b1%26director%3dtvone1.tv%26genre%3dLive%2bTV%26referer%3dmpd%253A%252F%252F3562f7795a18fc93d94ad2cb616c3d90.m3u8%26definedIn%3dtvone1.tv.cfg%26type%3drss&amp;mode=1&amp;sf_options=fanart%3Dspecial%3A%2F%2Fhome%2Faddons%2Fplugin.video.SportsDevil-2016.30.30%2Ffanart.jpg%26meta%3Dgenre%253DLive%252BTV%2526director%253Dtvone1.tv%2526label%253DSky%252BSports%252B1%2526title%253DSky%252BSports%252B1%26winID%3D10025%26_options_sf&quot;)</favourite>
	<favourite name="Sky Sports 1 Samctuary" thumb="http://www.skysports.com/core/img/channels/Sky-Sports-1-Logo.png">PlayMedia(&quot;plugin://plugin.video.sanctuary/?url=plugin%3A%2F%2Fplugin.video.f4mTester%2F%3Fstreamtype%3DTSDOWNLOADER%26url%3Dhttp%3A%2F%2Fgrandiptv.pw%3A8000%2Flive%2F6grandiptv597%2F77885500%2F1338.ts%26streamtype%3D.TSDOWNLOADER%3Bname%3DUK+Sky+Sports+1+HD&amp;mode=1112&amp;sf_options=fanart%3Dhttp%3A%2F%2Fwww.stephen-builds.co.uk%2Fwizard%2Ffanart12.jpg%26meta%3Dlabel%253Dsky%252Bsport%252B1%252BHD%2526title%253Dsky%252Bsport%252B1%252BHD%26winID%3D10025%26_options_sf&quot;)</favourite>
	<favourite name="Sky Sports 1 Mama HD" thumb="http://mamahd.com/images/channels/sky.png">PlayMedia(&quot;plugin://plugin.video.ZemTV-shani/?url=bWFtYWhkOmh0dHA6Ly9tYW1haGQuY29tL3NreS1zcG9ydHMtMS1saXZlLWZyZWUtc3RyZWFtLTEuaHRtbA%3D%3D&amp;mode=11&amp;name=Skysports+1&amp;sf_options=winID%3D10025%26_options_sf&quot;)</favourite>
	<favourite name="[COLOR blue] Sky Sports 1[/COLOR] Live Premiership" thumb="http://i.imgur.com/pMpbUTs.png">PlayMedia(&quot;plugin://plugin.video.livepremiership/?url=plugin%3A%2F%2Fplugin.video.SportsDevil%2F%3Fmode%3D1%26amp%3Bitem%3Dcatcher%253dstreams%2526url%3Dhttp%3A%2F%2Fmamahd.com%2Fsky-sports-1-live-free-stream-1.html%2526referer%3Dhttp%3A%2F%2Fmamahd.com%2F&amp;mode=4&amp;name=%5BCOLOR+blue%5D+Sky+Sports+1%5B%2FCOLOR%5D&amp;description=&amp;fanart=%2FUsers%2Fdanielmuse%2FLibrary%2FApplication+Support%2FFreeTelly%2Faddons%2Fplugin.video.livepremiership%2Ffanart.jpg&amp;sf_options=fanart%3Dspecial%3A%2F%2Fhome%2Faddons%2Fplugin.video.livepremiership%2Ffanart.jpg%26winID%3D10025%26_options_sf&quot;)</favourite>
	<favourite name="[COLOR blue] Sky Sports 1[/COLOR] Live PremierShip" thumb="http://i.imgur.com/pMpbUTs.png">PlayMedia(&quot;plugin://plugin.video.livepremiership/?url=http%3A%2F%2Fpastebin.com%2Fraw%2FXF49HmBW&amp;mode=8&amp;name=%5BCOLOR+blue%5D+Sky+Sports+1%5B%2FCOLOR%5D&amp;fanart=http%3A%2F%2Fi.imgur.com%2FzaL52nG.png&amp;sf_options=fanart%3Dhttp%3A%2F%2Fi.imgur.com%2FzaL52nG.png%26winID%3D10025%26_options_sf&quot;)</favourite>
	<favourite name="[COLORgreen]ONLINE:[/COLOR]SKY SPORTS 1 Lily Sports" thumb="http://kodeeresurrection.com/LILYSPORTStxts/pngs/sky_sports_1.png">PlayMedia(&quot;plugin://plugin.video.Tigensworld/?url=plugin%3A%2F%2Fplugin.video.f4mTester%2F%3Fstreamtype%3DTSDOWNLOADER%26url%3Dhttp%3A%2F%2F93.190.139.64%3A8000%2Flive%2Fnew%2Fnew2%2F187.ts%26streamtype%3DTSDOWNLOADER%3Bname%3DSKY+SPORT+1&amp;mode=12&amp;sf_options=fanart%3Dhttp%3A%2F%2Fkodeekrazy.net%2Fprologictexts%2FSKY%2520SPORTS%2520BACKGROUND.jpg%26winID%3D10025%26_options_sf&quot;)</favourite>
	<favourite name="[COLORgreen]ONLINE:[/COLOR]SKY SPORTS 1 LINK 2 Lily Sports" thumb="http://kodeeresurrection.com/LILYSPORTStxts/pngs/sky_sports_1.png">PlayMedia(&quot;plugin://plugin.video.Tigensworld/?url=plugin%3A%2F%2Fplugin.video.SportsDevil%2F%3Fmode%3D1%26amp%3Bitem%3Dcatcher%253dstreams%2526url%3Dhttp%3A%2F%2Fwww.shadow-net.org%2Fchannels%2FSky-Sports1.html%2526referer%3Dhttp%3A%2F%2Fwww.shadow-net.org%2Fchannels%2FSky-Sports1.html&amp;mode=12&amp;sf_options=fanart%3Dhttp%3A%2F%2Fkodeekrazy.net%2Fprologictexts%2FSKY%2520SPORTS%2520BACKGROUND.jpg%26winID%3D10025%26_options_sf&quot;)</favourite>
	<favourite name="[COLORgreen]ONLINE:[/COLOR]SKY SPORTS 1 LINK 3 Lily Sports" thumb="http://kodeeresurrection.com/LILYSPORTStxts/pngs/sky_sports_1.png">PlayMedia(&quot;plugin://plugin.video.Tigensworld/?url=plugin%3A%2F%2Fplugin.video.SportsDevil%2F%3Fmode%3D1%26amp%3Bitem%3Dcatcher%253dstreams%2526url%3Dhttp%3A%2F%2Fwww.liveonlinetv247.info%2Fskysports1.php%2526referer%3Dhttp%3A%2F%2Fwww.liveonlinetv247.info%2Fskysports1.php&amp;mode=12&amp;sf_options=fanart%3Dhttp%3A%2F%2Fkodeekrazy.net%2Fprologictexts%2FSKY%2520SPORTS%2520BACKGROUND.jpg%26winID%3D10025%26_options_sf&quot;)</favourite>
	<favourite name="[COLORgreen]ONLINE:[/COLOR]SKY SPORTS 1 LINK 4 Lily Sports" thumb="http://kodeeresurrection.com/LILYSPORTStxts/pngs/sky_sports_1.png">PlayMedia(&quot;plugin://plugin.video.Tigensworld/?url=plugin%3A%2F%2Fplugin.video.SportsDevil%2F%3Fmode%3D1%26amp%3Bitem%3Dcatcher%253dstreams%2526url%3Dhttp%3A%2F%2Fmamahd.com%2Fsky-sports-1-live-stream-1.html%2526referer%3Dhttp%3A%2F%2Fmamahd.com%2Fsky-sports-1-live-stream-1.html&amp;mode=12&amp;sf_options=fanart%3Dhttp%3A%2F%2Fkodeekrazy.net%2Fprologictexts%2FSKY%2520SPORTS%2520BACKGROUND.jpg%26winID%3D10025%26_options_sf&quot;)</favourite>
	<favourite name="Sky Sports 1 HD Fido" thumb="DefaultVideo.png">PlayMedia(&quot;plugin://plugin.video.sanctuary/?url=plugin%3A%2F%2Fplugin.video.f4mTester%2F%3Fstreamtype%3DTSDOWNLOADER%3Bname%3DFIDO%26url%3Dhttp%3A%2F%2F37.187.139.155%3A8000%2Flive%2Flightwrath%40live.com%2FWatchNow%21%2F591.ts&amp;mode=1112&amp;sf_options=fanart%3Dhttp%3A%2F%2Ffantazyrepo.uk%2Faddonimages%2Flivetv%2FLiveTV.jpg%26winID%3D10025%26_options_sf&quot;)</favourite>
	<favourite name="Sky Sports 1 Fido" thumb="DefaultVideo.png">PlayMedia(&quot;plugin://plugin.video.sanctuary/?url=plugin%3A%2F%2Fplugin.video.f4mTester%2F%3Fstreamtype%3DTSDOWNLOADER%3Bname%3DFIDO%26url%3Dhttp%3A%2F%2F37.187.139.155%3A8000%2Flive%2Flightwrath%40live.com%2FWatchNow%21%2F592.ts&amp;mode=1112&amp;sf_options=fanart%3Dhttp%3A%2F%2Ffantazyrepo.uk%2Faddonimages%2Flivetv%2FLiveTV.jpg%26winID%3D10025%26_options_sf&quot;)</favourite>
	<favourite name="Sky Sports 1 Evolve" thumb="https://www.thelogodb.com/images/media/logo/tyqypy1433965234.png/medium">PlayMedia(&quot;plugin://plugin.video.Evolve/?url=http%3A%2F%2Fmatsbuilds.uk%2Fjack%2FEvolve%2Fsports.txt&amp;mode=3&amp;name=Sky+Sports+1&amp;description=&amp;iconimage=https%3A%2F%2Fwww.thelogodb.com%2Fimages%2Fmedia%2Flogo%2Ftyqypy1433965234.png%2Fmedium&amp;sf_options=width%3D650%26winID%3D10025%26_options_sf&quot;)</favourite>
	<favourite name="Sky Sports 1 No Name" thumb="http://www.liveonlinetv247.info/images/skysports1.png">PlayMedia(&quot;plugin://plugin.video.no-name/?action=play&amp;url=%3Csublink%3Ehttp%3A%2F%2F163.172.81.33%3A1234%2Flive%2Fiptvrestream.net8%2FMxA6SpYeNL%2F254.ts%7CUser-Agent%3D1200%3C%2Fsublink%3E%3Csublink%3Ehttp%3A%2F%2Fwww.liveonlinetv247.info%2Fembed%2Fskysports1.php%3Fwidth%3D650%26height%3D480%3C%2Fsublink%3E%3Csublink%3Ehttp%3A%2F%2Fwww.liveonlinetv247.info%2Fembed%2Fskysports1-2.php%3Fwidth%3D650%26height%3D480%3C%2Fsublink%3E%3Csublink%3Ehttp%3A%2F%2Fwww.liveonlinetv247.info%2Fembed%2Fskysports1-3.php%3Fwidth%3D650%26height%3D480%3C%2Fsublink%3E&amp;sf_options=fanart%3Dhttps%3A%2F%2Fs20.postimg.org%2F5eos453ql%2Fhd_fantasy_wallpaper_1280x800_0912021.jpg%26winID%3D10025%26_options_sf&quot;)</favourite>
	<favourite name="Sky Sports 1 Zem" thumb="https://aps.dynns.com/apps/prog_data/thumbs/00ac8ed3b4327bdd4ebbebcb2ba10a00sky1.jpg">PlayMedia(&quot;plugin://plugin.video.ZemTV-shani/?url=MTU1&amp;mode=37&amp;name=%5BCOLOR+blue%5DSky+sports1%5B%2FCOLOR%5D&amp;sf_options=winID%3D10025%26_options_sf&quot;)</favourite>
	<favourite name="Sky Sports 1 Live Premiership" thumb="special://home/addons/plugin.video.livepremiership/icon.png">PlayMedia(&quot;plugin://plugin.video.livepremiership/?url=http%3A%2F%2F149.202.207.8%3A8080%2FchINNkkeeyPanduuusyjkiy-1%2FStrm%2Findex.m3u8&amp;mode=2&amp;name=UK%3ASKY+SPORT+1%0D&amp;description=&amp;fanart=http%3A%2F%2Fi.imgur.com%2FzaL52nG.png&amp;sf_options=fanart%3Dhttp%3A%2F%2Fi.imgur.com%2FzaL52nG.png%26winID%3D10025%26_options_sf&quot;)</favourite>
</favourites>