<favourites>
	<favourite name="TSN3 oblilvion 18/11/2016" thumb="http://oblivionbuilds.com/Oblivionlogo.png">PlayMedia(&quot;plugin://plugin.video.OblivionStreams/?url=plugin%3A%2F%2Fplugin.video.f4mTester%2F%3Fstreamtype%3DTSDOWNLOADER%26amp%3Burl%3Dhttp%3A%2F%2Flive.softiptv.com%3A9900%2Flive%2F3month%2F3month%2F19385.ts%3Bname%3DOblivion+TV&amp;mode=12&amp;sf_options=winID%3D10001%26_options_sf&quot;)</favourite>
	<favourite name="TSN3 mic 24/11/2016" thumb="DefaultVideo.png">PlayMedia(&quot;plugin://plugin.video.mic/?url=plugin%3A%2F%2Fplugin.video.f4mTester%2F%3Fstreamtype%3DTSDOWNLOADER%3Bname%3DTSN+3%26url%3Dhttp%3A%2F%2F37.187.139.155%3A8000%2Flive%2Flightwrath%40live.com%2FWatchNow%21%2F633.ts&amp;mode=12&amp;sf_options=fanart%3Dhttp%3A%2F%2Fgamerlimit.com%2Fwp-content%2Fuploads%2F2016%2F04%2Foriginal.jpg%26winID%3D10001%26_options_sf&quot;)</favourite>
	<favourite name="TSN3 bamf 24/11/2016" thumb="https://www.dropbox.com/s/5l2alhsl2dpdd33/14996309_10209473377528524_434205708_n.jpg?dl=0">PlayMedia(&quot;plugin://plugin.video.BAMFTV/?url=plugin%3A%2F%2Fplugin.video.f4mTester%2F%3Fstreamtype%3DTSDOWNLOADER%26amp%3Burl%3Dhttp%3A%2F%2F163.172.217.53%3A8000%2Flive%2F5grandiptv915%2F67863345%2F1395.ts%3Bname%3DBAMF+TV&amp;mode=12&amp;sf_options=winID%3D10001%26_options_sf&quot;)</favourite>
	<favourite name="TSN3 bamf 29/11/2016" thumb="DefaultVideo.png">PlayMedia(&quot;plugin://plugin.video.sanctuary/?url=plugin%3A%2F%2Fplugin.video.f4mTester%2F%3Fstreamtype%3DTSDOWNLOADER%26amp%3Burl%3Dhttp%3A%2F%2Fkodi-fireiptv.ddns.net%3A8000%2Flive%2FWIL%2FBIS%2F930.ts%0D&amp;mode=1112&amp;sf_options=winID%3D10001%26_options_sf&quot;)</favourite>
</favourites>