<favourites>
	<favourite name="NTVNauta - S06E02" thumb="https://i.ytimg.com/vi/Onb4SCSUtnY/hqdefault.jpg">PlayMedia(&quot;plugin://plugin.video.youtube/play/?video_id=Onb4SCSUtnY&amp;sf_options=fanart%3Dspecial%3A%2F%2Fhome%2Faddons%2Fplugin.video.youtube%2Fresources%2Fmedia%2Ffanart.jpg%26winID%3D10025%26desc%3D%5BUPPERCASE%5D%5BB%5DUCVTV+Cap%C3%ADtulos+Completos%5B%2FB%5D%5B%2FUPPERCASE%5D%5BCR%5D%5BCR%5D%26_options_sf&quot;)</favourite>
	<favourite name="NTVNauta - S06E03" thumb="https://i.ytimg.com/vi/zJPSW1OYpOA/hqdefault.jpg">PlayMedia(&quot;plugin://plugin.video.youtube/play/?video_id=zJPSW1OYpOA&amp;sf_options=fanart%3Dspecial%3A%2F%2Fhome%2Faddons%2Fplugin.video.youtube%2Fresources%2Fmedia%2Ffanart.jpg%26winID%3D10025%26desc%3D%5BUPPERCASE%5D%5BB%5DUCVTV+Cap%C3%ADtulos+Completos%5B%2FB%5D%5B%2FUPPERCASE%5D%5BCR%5D%5BCR%5D%26_options_sf&quot;)</favourite>
	<favourite name="NTVNauta - S06E04" thumb="https://i.ytimg.com/vi/0-VJQgDZMC4/hqdefault.jpg">PlayMedia(&quot;plugin://plugin.video.youtube/play/?video_id=0-VJQgDZMC4&amp;sf_options=fanart%3Dspecial%3A%2F%2Fhome%2Faddons%2Fplugin.video.youtube%2Fresources%2Fmedia%2Ffanart.jpg%26winID%3D10025%26desc%3D%5BUPPERCASE%5D%5BB%5DUCVTV+Cap%C3%ADtulos+Completos%5B%2FB%5D%5B%2FUPPERCASE%5D%5BCR%5D%5BCR%5D%26_options_sf&quot;)</favourite>
	<favourite name="NTVNauta - S06E05" thumb="https://i.ytimg.com/vi/546-s5wgeDk/hqdefault.jpg">PlayMedia(&quot;plugin://plugin.video.youtube/play/?video_id=546-s5wgeDk&amp;sf_options=fanart%3Dspecial%3A%2F%2Fhome%2Faddons%2Fplugin.video.youtube%2Fresources%2Fmedia%2Ffanart.jpg%26winID%3D10025%26desc%3D%5BUPPERCASE%5D%5BB%5DUCVTV+Cap%C3%ADtulos+Completos%5B%2FB%5D%5B%2FUPPERCASE%5D%5BCR%5D%5BCR%5D%26_options_sf&quot;)</favourite>
	<favourite name="NTVNauta - S06E06" thumb="https://i.ytimg.com/vi/uGmJS65PvMU/hqdefault.jpg">PlayMedia(&quot;plugin://plugin.video.youtube/play/?video_id=uGmJS65PvMU&amp;sf_options=fanart%3Dspecial%3A%2F%2Fhome%2Faddons%2Fplugin.video.youtube%2Fresources%2Fmedia%2Ffanart.jpg%26winID%3D10025%26desc%3D%5BUPPERCASE%5D%5BB%5DUCVTV+Cap%C3%ADtulos+Completos%5B%2FB%5D%5B%2FUPPERCASE%5D%5BCR%5D%5BCR%5DTV+Boxes%3A+lo+que+hace+smart+a+las+Tv%27s+tontas%26_options_sf&quot;)</favourite>
	<favourite name="NTVNauta - S06E07" thumb="https://i.ytimg.com/vi/SxQ-kF2KnNM/hqdefault.jpg">PlayMedia(&quot;plugin://plugin.video.youtube/play/?video_id=SxQ-kF2KnNM&amp;sf_options=fanart%3Dspecial%3A%2F%2Fhome%2Faddons%2Fplugin.video.youtube%2Fresources%2Fmedia%2Ffanart.jpg%26winID%3D10025%26desc%3D%5BUPPERCASE%5D%5BB%5DUCVTV+Cap%C3%ADtulos+Completos%5B%2FB%5D%5B%2FUPPERCASE%5D%5BCR%5D%5BCR%5D%26_options_sf&quot;)</favourite>
	<favourite name="NTVNauta - S06E08" thumb="https://i.ytimg.com/vi/n0zeEKkHqwk/hqdefault.jpg">PlayMedia(&quot;plugin://plugin.video.youtube/play/?video_id=n0zeEKkHqwk&amp;sf_options=fanart%3Dspecial%3A%2F%2Fhome%2Faddons%2Fplugin.video.youtube%2Fresources%2Fmedia%2Ffanart.jpg%26winID%3D10025%26desc%3D%5BUPPERCASE%5D%5BB%5DUCVTV+Cap%C3%ADtulos+Completos%5B%2FB%5D%5B%2FUPPERCASE%5D%5BCR%5D%5BCR%5D%C2%BFQUE+ES+LA+TELEVISI%C3%93N+DIGITAL%0A%C2%BFCOMO+SE+BUSCA+EN+GOOGLE%26_options_sf&quot;)</favourite>
	<favourite name="NTVNauta - S06E09" thumb="https://i.ytimg.com/vi/NOeJZOrKpWU/hqdefault.jpg">PlayMedia(&quot;plugin://plugin.video.youtube/play/?video_id=NOeJZOrKpWU&amp;sf_options=fanart%3Dspecial%3A%2F%2Fhome%2Faddons%2Fplugin.video.youtube%2Fresources%2Fmedia%2Ffanart.jpg%26winID%3D10025%26desc%3D%5BUPPERCASE%5D%5BB%5DUCVTV+Cap%C3%ADtulos+Completos%5B%2FB%5D%5B%2FUPPERCASE%5D%5BCR%5D%5BCR%5D%26_options_sf&quot;)</favourite>
	<favourite name="NTVNauta - S06E01" thumb="https://i.ytimg.com/vi/o9vtuSKj_lg/hqdefault.jpg">PlayMedia(&quot;plugin://plugin.video.youtube/play/?video_id=o9vtuSKj_lg&amp;sf_options=fanart%3Dspecial%3A%2F%2Fhome%2Faddons%2Fplugin.video.youtube%2Fresources%2Fmedia%2Ffanart.jpg%26winID%3D10025%26desc%3D%5BUPPERCASE%5D%5BB%5DUCVTV+Cap%C3%ADtulos+Completos%5B%2FB%5D%5B%2FUPPERCASE%5D%5BCR%5D%5BCR%5D%26_options_sf&quot;)</favourite>
	<favourite name="NTVnuata Fido" thumb="https://upload.wikimedia.org/wikipedia/en/thumb/b/bd/CJON-TV.PNG/205px-CJON-TV.PNG">PlayMedia(&quot;plugin://plugin.video.sanctuary/?url=http%3A%2F%2F1-fss27-s0.streamhoster.com%2Flv_ntv%2F_definst_%2Fbroadcast1%2Fchunklist.m3u8&amp;mode=1112&amp;sf_options=fanart%3Dhttp%3A%2F%2Ffantazyrepo.uk%2Faddonimages%2Flivetv%2FLiveTV.jpg%26winID%3D10025%26_options_sf&quot;)</favourite>
</favourites>