<favourites>
	<favourite name="ITV1 - FILMON.TV SD" thumb="http://static.filmon.com/couch/channels/11/extra_big_logo.png">PlayMedia(&quot;plugin://plugin.video.F.T.V/?url=11&amp;mode=125&amp;name=ITV+%2811%29&amp;iconimage=http%3A%2F%2Fstatic.filmon.com%2Fcouch%2Fchannels%2F11%2Fextra_big_logo.png&amp;start=na&amp;ch_fanart=na&amp;sf_options=fanart%3Dspecial%3A%2F%2Fhome%2Faddons%2Fplugin.video.F.T.V%2Ffanart.jpg%26winID%3D10025%26desc%3Ddescription%26_options_sf&quot;)</favourite>
	<favourite name="ITV1 - TVPlayer" thumb="https://assets.tvplayer.com/common/logos/256/Inverted/204.png">PlayMedia(&quot;plugin://plugin.video.freeview/?url=204&amp;mode=2&amp;name=ITV1+%7C+TVPlayer&amp;sf_options=fanart%3Dspecial%3A%2F%2Fhome%2Faddons%2Fplugin.video.freeview%2Ffanart.jpg%26winID%3D10025%26_options_sf&quot;)</favourite>
	<favourite name="ITV1" thumb="http://vps.oblivionbuilds.com/Oblivionlogo.png">PlayMedia(&quot;plugin://plugin.video.OblivionStreams/?url=http%3A%2F%2Fitv1liveios-i.akamaihd.net%2Fhls%2Flive%2F203437%2Fitvlive%2FITV1MN%2Fmaster_Main1800.m3u8&amp;mode=12&amp;sf_options=winID%3D10025%26_options_sf&quot;)</favourite>
	<favourite name="ITV1 oblivion S1" thumb="http://oblivionbuilds.com/Oblivionlogo.png">PlayMedia(&quot;plugin://plugin.video.sanctuary/?url=plugin%3A%2F%2Fplugin.video.f4mTester%2F%3Fstreamtype%3DTSDOWNLOADER%26amp%3Burl%3Dhttp%3A%2F%2F51.254.197.40%3A25461%2Flive%2Fhastings%2Fhastings%2F1834.ts%3Bname%3DOblivion+TV&amp;mode=906&amp;regexs=&amp;setCookie=&amp;sf_options=meta%3Dlabel%253DITV%2526title%253DITV%26winID%3D10025%26_options_sf&quot;)</favourite>
	<favourite name="ITV1 HD oblivion S1" thumb="http://oblivionbuilds.com/Oblivionlogo.png">PlayMedia(&quot;plugin://plugin.video.sanctuary/?url=plugin%3A%2F%2Fplugin.video.f4mTester%2F%3Fstreamtype%3DTSDOWNLOADER%26amp%3Burl%3Dhttp%3A%2F%2F51.254.197.40%3A25461%2Flive%2Fhastings%2Fhastings%2F1826.ts%3Bname%3DOblivion+TV&amp;mode=906&amp;regexs=&amp;setCookie=&amp;sf_options=meta%3Dlabel%253DITV%252BHD%2526title%253DITV%252BHD%26winID%3D10025%26_options_sf&quot;)</favourite>
	<favourite name="ITV1 Fido" thumb="http://freepngimages.com/wp-content/uploads/2015/10/ITV-logo.png">PlayMedia(&quot;plugin://plugin.video.sanctuary/?url=http%3A%2F%2Fitv1liveios-i.akamaihd.net%2Fhls%2Flive%2F203437%2Fitvlive%2FITV1MN%2Fmaster_Main1800.m3u8&amp;mode=1112&amp;sf_options=fanart%3Dhttp%3A%2F%2Ffantazyrepo.uk%2Faddonimages%2Flivetv%2FLiveTV.jpg%26winID%3D10025%26_options_sf&quot;)</favourite>
</favourites>