<favourites>
	<favourite name="[B][COLOR white]DISCOVERY CHANNEL[/COLOR]  NAKED AND AFRAID[/B]" thumb="http://mc.ustvnow.com/images/DSC.png">PlayMedia(&quot;http://ilv52.is.ustvnow.com:80/ilv52/mp4:7828BDISCUSTVNOW3/playlist.m3u8?key=tbd&amp;sf_options=fanart%3Dhttps%3A%2F%2Fimages3.alphacoders.com%2F799%2F79955.jpg%26meta%3Dcastandrole%253D%25255B%25255D%2526label%253D%25255BB%25255D%25255BCOLOR%252Bwhite%25255DDISCOVERY%252BCHANNEL%25255B%25252FCOLOR%25255D%252B%252BNAKED%252BAND%252BAFRAID%25255B%25252FB%25255D%26winID%3D10025%26_options_sf&quot;)</favourite>
	<favourite name="Discovery - UKTV - 25/08/2016" thumb="https://app.uktvnow.net/images/channel_imgs/160116011400disc.jpg|User-Agent=Dalvik/2.1.0 (Linux; U; Android 6.0.1; SM-G935F Build/MMB29K)">PlayMedia(&quot;plugin://plugin.video.uktvnow/?url=url&amp;mode=2&amp;name=Discovery&amp;channelid=91&amp;iconimage=https%3A%2F%2Fapp.uktvnow.net%2Fimages%2Fchannel_imgs%2F160116011400disc.jpg%7CUser-Agent%3DDalvik%2F2.1.0+%28Linux%3B+U%3B+Android+6.0.1%3B+SM-G935F+Build%2FMMB29K%29&amp;sf_options=fanart%3Dspecial%3A%2F%2Fhome%2Faddons%5Cplugin.video.uktvnow%5Cfanart.jpg%26meta%3Dplot%253D91%2526label%253DDiscovery%2526title%253DDiscovery%26winID%3D10025%26desc%3D91%26_options_sf&quot;)</favourite>
	<favourite name="Discovery. - UKTV - 25/08/2016" thumb="https://app.uktvnow.net/images/channel_imgs/160116011727disc.jpg|User-Agent=Dalvik/2.1.0 (Linux; U; Android 6.0.1; SM-G935F Build/MMB29K)">PlayMedia(&quot;plugin://plugin.video.uktvnow/?url=url&amp;mode=2&amp;name=Discovery.&amp;channelid=94&amp;iconimage=https%3A%2F%2Fapp.uktvnow.net%2Fimages%2Fchannel_imgs%2F160116011727disc.jpg%7CUser-Agent%3DDalvik%2F2.1.0+%28Linux%3B+U%3B+Android+6.0.1%3B+SM-G935F+Build%2FMMB29K%29&amp;sf_options=fanart%3Dspecial%3A%2F%2Fhome%2Faddons%5Cplugin.video.uktvnow%5Cfanart.jpg%26meta%3Dplot%253D94%2526label%253DDiscovery.%2526title%253DDiscovery.%26winID%3D10025%26desc%3D94%26_options_sf&quot;)</favourite>
	<favourite name="Discovery - Vidtime - 12/08/2016" thumb="http://rapidiptv.com/images/picons/discoverychannel.png">PlayMedia(&quot;plugin://plugin.video.f4mTester/?url=http://mediaipro.com:8000/live/fr443500/75019pa/313.ts&amp;streamtype=TSDOWNLOADER&amp;name=Discovery&amp;sf_options=fanart%3Dhttp%3A%2F%2Fs20.postimg.org%2Fdoltr1fu5%2FVTTVBackground.png%26meta%3Dlabel%253D%25255BCOLOR%252Borange%25255DDiscovery%252BChannel%25255B%25252FCOLOR%25255D%26winID%3D10025%26_options_sf&quot;)</favourite>
</favourites>