<favourites>
	<favourite name="Renegades Darts - European Darts Open LIVE" thumb="http://sport-xplosion.com/DELIVERANCE%20TXT%20FILES/PDC.jpg">PlayMedia(&quot;plugin://plugin.video.quantum/?url=plugin%3A%2F%2Fplugin.video.SportsDevil%2F%3Fmode%3D1%26amp%3Bitem%3Dcatcher%253dstreams%2526url%3Dhttp%3A%2F%2Fcricfree.sc%2Fiframe%2Fsportsnetwork%2Fst11.php%2526referer%3Dhttp%3A%2F%2Fcricfree.sc%2Fiframe%2Fsportsnetwork%2Fst11.php&amp;mode=1112&amp;sf_options=fanart%3Dhttp%3A%2F%2Fsport-xplosion.com%2FDELIVERANCE%2520TXT%2520FILES%2FSportsChannels%2Fbackgrounds%2Fworldsport.jpg%26winID%3D10025%26_options_sf&quot;)</favourite>
	<favourite name="Renegades Darts - Round 1 Mark Walsh v Nathan Aspinall" thumb="https://i.ytimg.com/vi/EVmbMxIFq4Q/hqdefault.jpg">PlayMedia(&quot;plugin://plugin.video.youtube/play/?video_id=EVmbMxIFq4Q&amp;sf_options=winID%3D10025%26desc%3DMark+Walsh+v+Nathan+Aspinall.%26_options_sf&quot;)</favourite>
	<favourite name="Renegades Darts - Round 1 James Richardson v Mark Webster" thumb="https://i.ytimg.com/vi/WmyRdFM-qkQ/hqdefault.jpg">PlayMedia(&quot;plugin://plugin.video.youtube/play/?video_id=WmyRdFM-qkQ&amp;sf_options=winID%3D10025%26desc%3DJames+Richardson+v+Mark+Webster+%0A%0AAll+content+owned+by+the+Professional+Darts+Corporation.%26_options_sf&quot;)</favourite>
	<favourite name="Renegades Darts - Round 1 John Henderson v Ray Campbell" thumb="https://i.ytimg.com/vi/PeH4ZZNIO1w/hqdefault.jpg">PlayMedia(&quot;plugin://plugin.video.youtube/play/?video_id=PeH4ZZNIO1w&amp;sf_options=winID%3D10025%26desc%3DJohn+Henderson+v+Ray+Campbell%26_options_sf&quot;)</favourite>
	<favourite name="Renegades Darts - Round 1 Krzysztof Ratajski v Mark Barilli" thumb="https://i.ytimg.com/vi/lVQQuja_ulQ/hqdefault.jpg">PlayMedia(&quot;plugin://plugin.video.youtube/play/?video_id=lVQQuja_ulQ&amp;sf_options=winID%3D10025%26desc%3DKrzysztof+Ratajski+v+Mark+Barilli%26_options_sf&quot;)</favourite>
	<favourite name="Renegades Darts - Round 1 Steffen Siepmann v Jermaine Wattimena" thumb="https://i.ytimg.com/vi/F5jHof36zxw/hqdefault.jpg">PlayMedia(&quot;plugin://plugin.video.youtube/play/?video_id=F5jHof36zxw&amp;sf_options=winID%3D10025%26desc%3DSteffen+Siepmann+v+Jermaine+Wattimena%26_options_sf&quot;)</favourite>
	<favourite name="Renegades Darts - Round 1 Aden Kirk v Michael Plooy" thumb="https://i.ytimg.com/vi/jvnd-zHQ4Ew/hqdefault.jpg">PlayMedia(&quot;plugin://plugin.video.youtube/play/?video_id=jvnd-zHQ4Ew&amp;sf_options=winID%3D10025%26desc%3DAden+Kirk+v+Michael+Plooy%26_options_sf&quot;)</favourite>
	<favourite name="Renegades Darts - Round 1 Robbie Green v Martin Schindler" thumb="https://i.ytimg.com/vi/BuIwVuOTrYI/hqdefault.jpg">PlayMedia(&quot;plugin://plugin.video.youtube/play/?video_id=BuIwVuOTrYI&amp;sf_options=winID%3D10025%26desc%3DRobbie+Green+v+Martin+Schindler%26_options_sf&quot;)</favourite>
	<favourite name="Renegades Darts - Round 1 Dimitri Van den Bergh v Matt Clark" thumb="https://i.ytimg.com/vi/f5RZIrtzo5c/hqdefault.jpg">PlayMedia(&quot;plugin://plugin.video.youtube/play/?video_id=f5RZIrtzo5c&amp;sf_options=winID%3D10025%26desc%3DDimitri+Van+den+Bergh+v+Matt+Clark%26_options_sf&quot;)</favourite>
	<favourite name="Renegades Darts - Round 1 Justin Pipe v James Wade" thumb="https://i.ytimg.com/vi/ts6AFNphtFE/hqdefault.jpg">PlayMedia(&quot;plugin://plugin.video.youtube/play/?video_id=ts6AFNphtFE&amp;sf_options=winID%3D10025%26desc%3DJustin+Pipe+v+James+Wade%26_options_sf&quot;)</favourite>
	<favourite name="Renegades Darts - Round 1 Jerry Hendriks v Christian Bunse" thumb="https://i.ytimg.com/vi/-q_3U35zwS0/hqdefault.jpg">PlayMedia(&quot;plugin://plugin.video.youtube/play/?video_id=-q_3U35zwS0&amp;sf_options=winID%3D10025%26desc%3DJerry+Hendriks+v+Christian+Bunse%26_options_sf&quot;)</favourite>
	<favourite name="Renegades Darts - Round 1 Zoran Lerchbacher v Christian Kist" thumb="https://i.ytimg.com/vi/x8ttcBV9ARc/hqdefault.jpg">PlayMedia(&quot;plugin://plugin.video.youtube/play/?video_id=x8ttcBV9ARc&amp;sf_options=winID%3D10025%26desc%3DZoran+Lerchbacher+v+Christian+Kist%26_options_sf&quot;)</favourite>
	<favourite name="Renegades Darts - Round 1 Kyle Anderson v Peter Jacques" thumb="https://i.ytimg.com/vi/RedYg46T0b0/hqdefault.jpg">PlayMedia(&quot;plugin://plugin.video.youtube/play/?video_id=RedYg46T0b0&amp;sf_options=winID%3D10025%26desc%3DKyle+Anderson+v+Peter+Jacques%26_options_sf&quot;)</favourite>
	<favourite name="Renegades Darts - Round 1 Mervyn King v Kim Viljanen" thumb="https://i.ytimg.com/vi/CqchlV-6t-4/hqdefault.jpg">PlayMedia(&quot;plugin://plugin.video.youtube/play/?video_id=CqchlV-6t-4&amp;sf_options=winID%3D10025%26desc%3DMervyn+King+v+Kim+Viljanen%26_options_sf&quot;)</favourite>
	<favourite name="Renegades Darts - Round 1 Vincent van der Voort v Cristo Reyes" thumb="https://i.ytimg.com/vi/uP-Dsw3ORU8/hqdefault.jpg">PlayMedia(&quot;plugin://plugin.video.youtube/play/?video_id=uP-Dsw3ORU8&amp;sf_options=winID%3D10025%26desc%3DVincent+van+der+Voort+v+Cristo+Reyes%26_options_sf&quot;)</favourite>
	<favourite name="Renegades Darts - Round 1 Robert Allenstein v Dragutin Horvat" thumb="https://i.ytimg.com/vi/MM26NGNWRGk/hqdefault.jpg">PlayMedia(&quot;plugin://plugin.video.youtube/play/?video_id=MM26NGNWRGk&amp;sf_options=winID%3D10025%26desc%3DRobert+Allenstein+v+Dragutin+Horvat%26_options_sf&quot;)</favourite>
	<favourite name="Renegades Darts - Round 1 Richard North v Devon Petersen" thumb="https://i.ytimg.com/vi/vYPcepgiHGw/hqdefault.jpg">PlayMedia(&quot;plugin://plugin.video.youtube/play/?video_id=vYPcepgiHGw&amp;sf_options=winID%3D10025%26desc%3DRichard+North+v+Devon+Petersen%26_options_sf&quot;)</favourite>
</favourites>