<?xml version="1.0" encoding="utf-8"?>
<window type="dialog">
    <allowoverlay>no</allowoverlay>
    <defaultcontrol always="true">1000</defaultcontrol>
    <coordinates>
        <system>1</system>
        <posx>0</posx>
        <posy>0</posy>
    </coordinates>
    <animation effect="fade" start="0" end="100" time="250">WindowOpen</animation>
    <animation effect="fade" start="100" end="0" time="250">WindowClose</animation>
    <controls>
        <control type="image">
            <posx>0</posx>
            <posy>0</posy>
            <width>1280</width>
            <height>720</height>
            <texture>black-fade.png</texture>
        </control>
		<control type="image">
            <posx>0</posx>
            <posy>0</posy>
            <width>1280</width>
            <height>720</height>
            <texture>black-fade.png</texture>
        </control>
        <control type="image">
            <posx>0</posx>
            <posy>110</posy>
            <width>1280</width>
            <height>504</height>
            <texture>grey.png</texture>
        </control>
		<control type="image">
            <posx>0</posx>
            <posy>112</posy>
            <width>1280</width>
            <height>500</height>
            <texture>black-back.png</texture>
        </control>
		<control type="image">
            <posx>0</posx>
            <posy>116</posy>
            <width>1280</width>
            <height>493</height>
            <texture>background.png</texture>
        </control>

        <control type="label" id="4000">
            <posx>330</posx>
            <posy>400</posy>
            <width>600</width>
            <height>80</height>
            <textcolor>ffffffff</textcolor>
            <font>font10_title</font>
            <align>center</align>
            <label>[B]$ADDON[script.renegadestv 30700][/B]</label>
            <wrapmultiline>true</wrapmultiline>
        </control>
		
		<control type="grouplist" id="2000">
			<posx>0</posx>
            <posy>500</posy>
			<itemgap>5</itemgap>
			<onup>1000</onup>
			<height>60</height>
			<width>1280</width>
			<align>center</align>
			<orientation>horizontal</orientation>
			<control type="button" id="2001">
                <description>Superfavs</description>
                <width>220</width>
                <height>50</height>
                <aligny>center</aligny>
                <align>center</align>
                <texturefocus>tvg-button-focus.png</texturefocus>
                <texturenofocus>tvg-button-nofocus.png</texturenofocus>
                <font>font10_title</font>
                <textcolor>white</textcolor>
				<focusedcolor>black</focusedcolor>
                <onclick>ActivateWindow(10025,&quot;plugin://plugin.program.super.favourites/?folder=Renegades&quot;,return)</onclick>
				<onclick>back</onclick>
                <label>Super Favourites</label>
				<visible>System.HasAddon(plugin.program.super.favourites)</visible>
            </control>
			<control type="button" id="2002">
                <description>Meta</description>
                <width>220</width>
                <height>50</height>
                <aligny>center</aligny>
                <align>center</align>
                <texturefocus>tvg-button-focus.png</texturefocus>
                <texturenofocus>tvg-button-nofocus.png</texturenofocus>
                <font>font10_title</font>
                <textcolor>white</textcolor>
				<focusedcolor>black</focusedcolor>
                <onclick>ActivateWindow(10025,plugin://plugin.video.meta/live/search/)</onclick>
				<onclick>back</onclick>
                <label>Meta Search</label>
				<visible>System.HasAddon(plugin.video.meta)</visible>
            </control>
			<control type="button" id="2003">
                <description>MetalliK</description>
                <width>220</width>
                <height>50</height>
                <aligny>center</aligny>
                <align>center</align>
                <texturefocus>tvg-button-focus.png</texturefocus>
                <texturenofocus>tvg-button-nofocus.png</texturenofocus>
                <font>font10_title</font>
                <textcolor>white</textcolor>
				<focusedcolor>black</focusedcolor>
                <onclick>ActivateWindow(10025,plugin://plugin.video.metallik/live/search/)</onclick>
				<onclick>back</onclick>
                <label>MetalliK Search</label>
				<visible>System.HasAddon(plugin.video.metallik)</visible>
            </control>
			<control type="button" id="2004">
                <description>MetalliQ 4Qed</description>
                <width>220</width>
                <height>50</height>
                <aligny>center</aligny>
                <align>center</align>
                <texturefocus>tvg-button-focus.png</texturefocus>
                <texturenofocus>tvg-button-nofocus.png</texturenofocus>
                <font>font10_title</font>
                <textcolor>white</textcolor>
				<focusedcolor>black</focusedcolor>
                <onclick>ActivateWindow(10025,plugin://plugin.video.metalliq-forqed/live/search/)</onclick>
				<onclick>back</onclick>
                <label>MetalliQ 4Qed Search</label>
				<visible>System.HasAddon(plugin.video.metalliq-forqed)</visible>
            </control>
			<control type="button" id="2005">
                <description>MetalliK</description>
                <width>220</width>
                <height>50</height>
                <aligny>center</aligny>
                <align>center</align>
                <texturefocus>tvg-button-focus.png</texturefocus>
                <texturenofocus>tvg-button-nofocus.png</texturenofocus>
                <font>font10_title</font>
                <textcolor>white</textcolor>
				<focusedcolor>black</focusedcolor>
                <onclick>ActivateWindow(10025,plugin://plugin.video.metallik/live/search/)</onclick>
				<onclick>back</onclick>
                <label>MetalliK Search</label>
				<visible>System.HasAddon(plugin.video.metallik)</visible>
            </control>
		</control>

        <control type="fixedlist" id="1000">
            <posx>0</posx>
            <posy>200</posy>
            <width>1280</width>
            <height>180</height>
            <viewtype label="list">list</viewtype>
			<ondown>2000</ondown>
            <orientation>horizontal</orientation>
            <focusposition>3</focusposition>

            <itemlayout width="200" height="200">
                <control type="image">
                    <posx>0</posx>
                    <posy>0</posy>
                    <width>200</width>
                    <height>20180</height>
                    <texture>tvg-button-nofocus.png</texture>
                </control>
                <control type="image">
                    <posx>31</posx>
                    <posy>16</posy>
                    <width>128</width>
                    <height>128</height>
                    <info>ListItem.Icon</info>
                </control>
                <control type="label">
                    <posx>0</posx>
                    <posy>150</posy>
                    <width>200</width>
                    <height>40</height>
                    <align>center</align>
                    <font>font10_title</font>
                    <textcolor>ffffffff</textcolor>
                    <info>ListItem.Label</info>
                </control>
            </itemlayout>
            <focusedlayout width="200" height="200">
                <control type="image">
                    <posx>0</posx>
                    <posy>0</posy>
                    <width>200</width>
                    <height>180</height>
                    <texture>tvg-button-focus.png</texture>
                    <visible>Control.HasFocus(1000)</visible>
                </control>
                <control type="image">
                    <posx>35</posx>
                    <posy>16</posy>
                    <width>128</width>
                    <height>128</height>
                    <aspectratio>keep</aspectratio>
                    <info>ListItem.Icon</info>
                </control>
                <control type="label">
                    <posx>0</posx>
                    <posy>150</posy>
                    <width>200</width>
                    <height>40</height>
                    <align>center</align>
                    <font>font10_title</font>
                    <textcolor>black</textcolor>
                    <info>ListItem.Label</info>
                </control>
            </focusedlayout>
        </control>
    </controls>
</window>