<?xml version="1.0" encoding="utf-8"?>
<window type="dialog">
    <allowoverlay>no</allowoverlay>
    <defaultcontrol always="false">101</defaultcontrol>
    <coordinates>
        <system>1</system>
        <posx>0</posx>
        <posy>0</posy>
    </coordinates>

    <controls>
        <control type="label" id="100">
            <description>tabs visibility marker</description>
            <visible>false</visible>
        </control>
        <control type="image">
            <posx>0</posx>
            <posy>0</posy>
            <width>1280</width>
            <height>720</height>
            <texture>background.png</texture>
            <visible>true</visible>
        </control>
        <control type="image">
            <posx>1280</posx>
            <posy>720</posy>
            <width>-346</width>
            <height>-203</height>
            <texture>video-mask.png</texture>
            <visible>false</visible>
        </control>
        <control type="image">
            <posx>1280</posx>
            <posy>720</posy>
            <width>-346</width>
            <height>-203</height>
            <texture>video-mask.png</texture>
            <visible>false</visible>
        </control>


        <control type="image">
            <description>top buttons mount</description>
            <posx>10</posx>
            <posy>30</posy>
            <width>1260</width>
            <height>60</height>
            <texture>black-back.png</texture>
            <visible>true</visible>
        </control>

        <control type="image">
            <description>bottom buttons mount</description>
            <posx>10</posx>
            <posy>640</posy>
            <width>1260</width>
            <height>60</height>
            <texture>black-back.png</texture>
            <visible>true</visible>
        </control>

        <control type="image">
            <description>main mount</description>
            <posx>10</posx>
            <posy>100</posy>
            <width>1260</width>
            <height>530</height>
            <texture>black-back.png</texture>
            <visible>true</visible>
        </control>

        <control type="image" id="4023">
            <description>Channel Logo</description>
            <posx>20</posx>
            <posy>40</posy>
            <width>170</width>
            <height>40</height>
            <aspectratio>keep</aspectratio>
            <align>left</align>
            <texture>-</texture>
            <visible>true</visible>
        </control>

        <control type="label" id="4024">
            <description>Channel Name</description>
            <posx>200</posx>
            <posy>40</posy>
            <width>170</width>
            <height>40</height>
            <align>left</align>
            <aligny>center</aligny>
            <font>font13_title</font>
            <textcolor>white</textcolor>
            <label/>
            <align>left</align>
            <scroll>true</scroll>
        </control>

        <control type="image" id="4025">
            <description>Addon Logo</description>
            <posx>20</posx>
            <posy>645</posy>
            <width>170</width>
            <height>50</height>
            <aspectratio>keep</aspectratio>
            <align>left</align>
            <texture>-</texture>
            <visible>true</visible>
        </control>

        <control type="label" id="4026">
            <description>Addon Name</description>
            <posx>200</posx>
            <posy>650</posy>
            <width>240</width>
            <height>40</height>
            <align>left</align>
            <aligny>center</aligny>
            <font>font13_title</font>
            <textcolor>white</textcolor>
            <label></label>
            <align>left</align>
            <scroll>true</scroll>
        </control>

        <control type="image">
            <posx>40</posx>
            <posy>100</posy>
            <width>1010</width>
            <height>510</height>
            <texture>menu-stream.png</texture>
            <visible>false</visible>
        </control>

        <control type="label">
            <!-- Set Up Stream Text -->
            <posx>40</posx>
            <posy>80</posy>
            <width>500</width>
            <height>40</height>
            <label>$ADDON[script.renegadestv 30600]</label>
            <align>left</align>
            <visible>false</visible>
        </control>

        <control type="button" id="101">
            <posx>450</posx>
            <posy>40</posy>
            <width>170</width>
            <height>40</height>
            <align>center</align>
            <aligny>center</aligny>
            <font>font13</font>
            <textcolor>white</textcolor>
            <focusedcolor>white</focusedcolor>
            <label>strm|m3u</label>
            <texturefocus>tvg-program-focus.png</texturefocus>
            <texturenofocus>tvg-program-nofocus.png</texturenofocus>
            <onleft>104</onleft>
            <onright>102</onright>
            <ondown>1001</ondown>
        </control>
        <control type="button" id="102">
            <posx>650</posx>
            <posy>40</posy>
            <width>170</width>
            <height>40</height>
            <align>center</align>
            <aligny>center</aligny>
            <font>font13</font>
            <textcolor>white</textcolor>
            <focusedcolor>white</focusedcolor>
            <label>$ADDON[script.renegadestv 30602]</label>
            <texturefocus>tvg-program-focus.png</texturefocus>
            <texturenofocus>tvg-program-nofocus.png</texturenofocus>
            <onleft>101</onleft>
            <onright>103</onright>
            <ondown>2001</ondown>
        </control>
        <control type="button" id="103">
            <posx>850</posx>
            <posy>40</posy>
            <width>170</width>
            <height>40</height>
            <align>center</align>
            <aligny>center</aligny>
            <font>font13</font>
            <textcolor>white</textcolor>
            <focusedcolor>white</focusedcolor>
            <label>$ADDON[script.renegadestv 30603]</label>
            <texturefocus>tvg-program-focus.png</texturefocus>
            <texturenofocus>tvg-program-nofocus.png</texturenofocus>
            <onleft>102</onleft>
            <onright>104</onright>
            <ondown>3001</ondown>
        </control>

        <control type="button" id="104">
            <posx>1050</posx>
            <posy>40</posy>
            <width>170</width>
            <height>40</height>
            <align>center</align>
            <aligny>center</aligny>
            <font>font13</font>
            <textcolor>white</textcolor>
            <focusedcolor>white</focusedcolor>
            <label>Browse</label>
            <texturefocus>tvg-program-focus.png</texturefocus>
            <texturenofocus>tvg-program-nofocus.png</texturenofocus>
            <onleft>103</onleft>
            <onright>101</onright>
            <ondown>4001</ondown>
        </control>


        <control type="group" id="1000">
            <posx>0</posx>
            <posy>120</posy>
            <width>800</width>
            <height>340</height>
            <visible>String.IsEqual(Control.GetLabel(100),strm)</visible>

            <control type="textbox">
                <posx>140</posx>
                <posy>60</posy>
                <width>560</width>
                <height>80</height>
                <align>left</align>
                <label>Choose stream or substream from strm|m3u playlist.</label>
                <wrapmultiline>true</wrapmultiline>
            </control>

            <control type="button" id="1001">
                <description>Single Stream From Playlist</description>
                <posx>300</posx>
                <posy>160</posy>
                <width>170</width>
                <height>50</height>
                <label>strm|m3u File</label>
                <align>center</align>
                <aligny>center</aligny>
                <font>font13</font>
                <textcolor>white</textcolor>
                <focusedcolor>white</focusedcolor>
                <texturefocus>tvg-program-focus.png</texturefocus>
                <texturenofocus>tvg-program-nofocus.png</texturenofocus>
                <onup>101</onup>
                <onright>1006</onright>
                <ondown>1002</ondown>
            </control>

            <control type="button" id="1006">
                <description>Import Playlist</description>
                <posx>500</posx>
                <posy>160</posy>
                <width>170</width>
                <height>50</height>
                <label>Import Playlist</label>
                <align>center</align>
                <aligny>center</aligny>
                <font>font13</font>
                <textcolor>white</textcolor>
                <focusedcolor>white</focusedcolor>
                <texturefocus>tvg-program-focus.png</texturefocus>
                <texturenofocus>tvg-program-nofocus.png</texturenofocus>
                <onup>101</onup>
                <onleft>1001</onleft>
                <onright>1007</onright>
                <ondown>1002</ondown>
            </control>

            <control type="button" id="1007">
                <description>Import PVR </description>
                <posx>700</posx>
                <posy>160</posy>
                <width>170</width>
                <height>50</height>
                <label>Import PVR</label>
                <align>center</align>
                <aligny>center</aligny>
                <font>font13</font>
                <textcolor>white</textcolor>
                <focusedcolor>white</focusedcolor>
                <texturefocus>tvg-program-focus.png</texturefocus>
                <texturenofocus>tvg-program-nofocus.png</texturenofocus>
                <onup>101</onup>
                <onleft>1006</onleft>
                <onright>1008</onright>
                <ondown>1002</ondown>
            </control>
			
			<control type="button" id="1008">
                <description>catchup</description>
                <posx>900</posx>
                <posy>160</posy>
                <width>220</width>
                <height>50</height>
                <label>Always Catchup</label>
                <align>center</align>
                <aligny>center</aligny>
                <font>font13</font>
                <textcolor>white</textcolor>
                <focusedcolor>black</focusedcolor>
                <texturefocus>tvg-program-focus.png</texturefocus>
                <texturenofocus>tvg-program-nofocus.png</texturenofocus>
                <onup>101</onup>
                <onleft>1007</onleft>
                <onright>1002</onright>
                <ondown>1002</ondown>
            </control>

            <control type="textbox" id="1005">
                <posx>140</posx>
                <posy>240</posy>
                <width>1280</width>
                <height>80</height>
                <wrapmultiline>true</wrapmultiline>

            </control>


            <control type="button" id="1002">
                <posx>450</posx>
                <posy>530</posy>
                <width>170</width>
                <height>40</height>
                <align>center</align>
                <aligny>center</aligny>
                <font>font13</font>
                <textcolor>white</textcolor>
                <focusedcolor>white</focusedcolor>
                <label>$ADDON[script.renegadestv 30604]</label>
                <texturefocus>tvg-program-focus.png</texturefocus>
                <texturenofocus>tvg-program-nofocus.png</texturenofocus>
                <onup>101</onup>
                <onleft>1006</onleft>
                <onright>1003</onright>
            </control>
            <control type="button" id="1003">
                <posx>650</posx>
                <posy>530</posy>
                <width>170</width>
                <height>40</height>
                <align>center</align>
                <aligny>center</aligny>
                <font>font13</font>
                <textcolor>white</textcolor>
                <focusedcolor>white</focusedcolor>
                <label>$ADDON[script.renegadestv 30605]</label>
                <texturefocus>tvg-program-focus.png</texturefocus>
                <texturenofocus>tvg-program-nofocus.png</texturenofocus>
                <onup>101</onup>
                <onleft>1002</onleft>
                <onright>1004</onright>
            </control>
            <control type="button" id="1004">
                <posx>850</posx>
                <posy>530</posy>
                <width>170</width>
                <height>40</height>
                <align>center</align>
                <aligny>center</aligny>
                <font>font13</font>
                <textcolor>white</textcolor>
                <focusedcolor>white</focusedcolor>
                <label>$ADDON[script.renegadestv 30606]</label>
                <texturefocus>tvg-program-focus.png</texturefocus>
                <texturenofocus>tvg-program-nofocus.png</texturenofocus>
                <onup>101</onup>
                <onleft>1003</onleft>
                <onright>1009</onright>
            </control>
            <control type="button" id="1009">
                <posx>1050</posx>
                <posy>530</posy>
                <width>170</width>
                <height>40</height>
                <align>center</align>
                <aligny>center</aligny>
                <font>font13</font>
                <textcolor>white</textcolor>
                <focusedcolor>white</focusedcolor>
                <label>Clear Alt Stream</label>
                <texturefocus>tvg-program-focus.png</texturefocus>
                <texturenofocus>tvg-program-nofocus.png</texturenofocus>
                <onup>101</onup>
                <onleft>1004</onleft>
            </control>
        </control>

        <control type="group" id="2000">
            <!-- Favourites -->
            <posx>0</posx>
            <posy>120</posy>
            <width>800</width>
            <height>340</height>
            <visible>String.IsEqual(Control.GetLabel(100),favourites)</visible>

            <control type="textbox">
                <posx>140</posx>
                <posy>60</posy>
                <width>350</width>
                <height>80</height>
                <align>left</align>
                <label>Choose a Favourite Stream.</label>
                <wrapmultiline>true</wrapmultiline>
            </control>

            <control type="list" id="2001">
                <posx>550</posx>
                <posy>20</posy>
                <width>400</width>
                <height>480</height>
                <viewtype label="list">list</viewtype>
                <orientation>vertical</orientation>
                <focusposition>7</focusposition>
                <onleft>102</onleft>
                <onright>2002</onright>

                <itemlayout width="400" height="40">
                    <control type="image">
                        <posx>0</posx>
                        <posy>0</posy>
                        <width>400</width>
                        <height>38</height>
                        <texture>tvg-program-nofocus.png</texture>
                    </control>
                    <control type="label">
                        <posx>16</posx>
                        <posy>0</posy>
                        <width>400</width>
                        <height>38</height>
                        <aligny>center</aligny>
                        <font>font13</font>
                        <textcolor>white</textcolor>
                        <focusedcolor>white</focusedcolor>
                        <info>ListItem.Label</info>
                    </control>
                </itemlayout>
                <focusedlayout width="400" height="40">
                    <control type="image">
                        <posx>0</posx>
                        <posy>0</posy>
                        <width>400</width>
                        <height>38</height>
                        <texture>tvg-program-focus.png</texture>
                        <visible>true</visible>
                    </control>
                    <control type="label">
                        <posx>16</posx>
                        <posy>0</posy>
                        <width>400</width>
                        <height>38</height>
                        <aligny>center</aligny>
                        <font>font13</font>
                        <textcolor>white</textcolor>
                        <focusedcolor>white</focusedcolor>
                        <info>ListItem.Label</info>
                        <visible>!Control.HasFocus(2001)</visible>
                    </control>
                    <control type="label">
                        <posx>16</posx>
                        <posy>0</posy>
                        <width>400</width>
                        <height>38</height>
                        <aligny>center</aligny>
                        <font>font13</font>
                        <textcolor>black</textcolor>
                        <focusedcolor>white</focusedcolor>
                        <info>ListItem.Label</info>
                        <visible>Control.HasFocus(2001)</visible>
                    </control>
                </focusedlayout>
            </control>

            <control type="button" id="2002">
                <posx>450</posx>
                <posy>530</posy>
                <width>170</width>
                <height>40</height>
                <align>center</align>
                <aligny>center</aligny>
                <font>font13</font>
                <textcolor>white</textcolor>
                <focusedcolor>white</focusedcolor>
                <label>$ADDON[script.renegadestv 30604]</label>
                <texturefocus>tvg-program-focus.png</texturefocus>
                <texturenofocus>tvg-program-nofocus.png</texturenofocus>
                <onup>102</onup>
                <onleft>2001</onleft>
                <onright>2003</onright>
            </control>
            <control type="button" id="2003">
                <posx>650</posx>
                <posy>530</posy>
                <width>170</width>
                <height>40</height>
                <align>center</align>
                <aligny>center</aligny>
                <font>font13</font>
                <textcolor>white</textcolor>
                <focusedcolor>white</focusedcolor>
                <label>$ADDON[script.renegadestv 30605]</label>
                <texturefocus>tvg-program-focus.png</texturefocus>
                <texturenofocus>tvg-program-nofocus.png</texturenofocus>
                <onup>102</onup>
                <onleft>2002</onleft>
                <onright>2004</onright>
            </control>
            <control type="button" id="2004">
                <posx>850</posx>
                <posy>530</posy>
                <width>170</width>
                <height>40</height>
                <align>center</align>
                <aligny>center</aligny>
                <font>font13</font>
                <textcolor>white</textcolor>
                <focusedcolor>white</focusedcolor>
                <label>$ADDON[script.renegadestv 30606]</label>
                <texturefocus>tvg-program-focus.png</texturefocus>
                <texturenofocus>tvg-program-nofocus.png</texturenofocus>
                <onup>102</onup>
                <onleft>2003</onleft>
                <onright>2005</onright>
            </control>
            <control type="button" id="2005">
                <posx>1050</posx>
                <posy>530</posy>
                <width>170</width>
                <height>40</height>
                <align>center</align>
                <aligny>center</aligny>
                <font>font13</font>
                <textcolor>white</textcolor>
                <focusedcolor>white</focusedcolor>
                <label>Alt Stream</label>
                <texturefocus>tvg-program-focus.png</texturefocus>
                <texturenofocus>tvg-program-nofocus.png</texturenofocus>
                <onup>102</onup>
                <onleft>2004</onleft>
                <visible>true</visible>
            </control>
        </control>


        <control type="group" id="3000">
            <!-- Addons -->
            <posx>0</posx>
            <posy>120</posy>
            <width>1280</width>
            <height>600</height>
            <visible>String.IsEqual(Control.GetLabel(100),addons)</visible>

            <control type="image">
                <posx>90</posx>
                <posy>20</posy>
                <width>40</width>
                <height>12</height>
                <texture>tvguide-channel-arrow.png</texture>
            </control>

            <control type="image">
                <posx>90</posx>
                <posy>230</posy>
                <width>40</width>
                <height>-12</height>
                <texture>tvguide-channel-arrow.png</texture>
            </control>

            <control type="wraplist" id="3001">
                <posx>40</posx>
                <posy>65</posy>
                <width>150</width>
                <height>150</height>
                <aspectratio>keep</aspectratio>
                <viewtype label="list">list</viewtype>
                <orientation>vertical</orientation>
                <focusposition>0</focusposition>
                <onleft>103</onleft>
                <onright>3002</onright>

                <itemlayout width="150" height="150">
                    <control type="image">
                        <posx>0</posx>
                        <posy>0</posy>
                        <width>150</width>
                        <height>150</height>
                        <texture>tvg-program-nofocus.png</texture>
                    </control>
                    <control type="image">
                        <posx>10</posx>
                        <posy>10</posy>
                        <width>130</width>
                        <height>130</height>
                        <info>ListItem.Icon</info>
                    </control>
                </itemlayout>
                <focusedlayout width="150" height="150">
                    <control type="image">
                        <posx>0</posx>
                        <posy>0</posy>
                        <width>150</width>
                        <height>150</height>
                        <texture>tvg-program-nofocus.png</texture>
                        <visible>!Control.HasFocus(3001)</visible>
                    </control>
                    <control type="image">
                        <posx>0</posx>
                        <posy>0</posy>
                        <width>150</width>
                        <height>150</height>
                        <texture>tvg-program-focus.png</texture>
                        <visible>Control.HasFocus(3001)</visible>
                    </control>
                    <control type="image">
                        <posx>10</posx>
                        <posy>10</posy>
                        <width>130</width>
                        <height>130</height>
                        <info>ListItem.Icon</info>
                    </control>
                </focusedlayout>
            </control>

            <control type="label" id="3003">
                <posx>40</posx>
                <posy>280</posy>
                <width>330</width>
                <height>40</height>
                <label>[B][/B]</label>
                <textcolor>white</textcolor>
            </control>
            <control type="textbox" id="3004">
                <description>addon info</description>
                <posx>40</posx>
                <posy>310</posy>
                <width>450</width>
                <height>190</height>
                <font>font12</font>
                <label/>
                <align>left</align>
                <wrapmultiline>true</wrapmultiline>
                <autoscroll time="3600" delay="6000" repeat="6000">true</autoscroll>
                <visible>!Player.HasMedia</visible>
            </control>

            <control type="list" id="3002">
                <posx>550</posx>
                <posy>20</posy>
                <width>400</width>
                <height>480</height>
                <viewtype label="list">list</viewtype>
                <orientation>vertical</orientation>
                <focusposition>7</focusposition>
                <onleft>3001</onleft>
                <onright>3005</onright>

                <itemlayout width="400" height="40">
                    <control type="image">
                        <posx>0</posx>
                        <posy>0</posy>
                        <width>400</width>
                        <height>38</height>
                        <texture>tvg-program-nofocus.png</texture>
                    </control>
                    <control type="label">
                        <posx>16</posx>
                        <posy>0</posy>
                        <width>400</width>
                        <height>38</height>
                        <aligny>center</aligny>
                        <font>font13</font>
                        <textcolor>white</textcolor>
                        <focusedcolor>white</focusedcolor>
                        <info>ListItem.Label</info>
                    </control>
                </itemlayout>
                <focusedlayout width="400" height="40">
                    <control type="image">
                        <posx>0</posx>
                        <posy>0</posy>
                        <width>400</width>
                        <height>38</height>
                        <texture>tvg-program-focus.png</texture>
                        <visible>true</visible>
                    </control>
                    <control type="label">
                        <posx>16</posx>
                        <posy>0</posy>
                        <width>400</width>
                        <height>38</height>
                        <aligny>center</aligny>
                        <font>font13</font>
                        <textcolor>white</textcolor>
                        <focusedcolor>white</focusedcolor>
                        <info>ListItem.Label</info>
                        <visible>!Control.HasFocus(3002)</visible>
                    </control>
                    <control type="label">
                        <posx>16</posx>
                        <posy>0</posy>
                        <width>400</width>
                        <height>38</height>
                        <aligny>center</aligny>
                        <font>font13</font>
                        <textcolor>black</textcolor>
                        <focusedcolor>white</focusedcolor>
                        <info>ListItem.Label</info>
                        <visible>Control.HasFocus(3002)</visible>
                    </control>
                </focusedlayout>
            </control>

            <control type="button" id="3005">
                <posx>450</posx>
                <posy>530</posy>
                <width>170</width>
                <height>40</height>
                <align>center</align>
                <aligny>center</aligny>
                <font>font13</font>
                <textcolor>white</textcolor>
                <focusedcolor>white</focusedcolor>
                <label>$ADDON[script.renegadestv 30604]</label>
                <texturefocus>tvg-program-focus.png</texturefocus>
                <texturenofocus>tvg-program-nofocus.png</texturenofocus>
                <onup>103</onup>
                <onleft>3002</onleft>
                <onright>3006</onright>
            </control>
            <control type="button" id="3006">
                <posx>650</posx>
                <posy>530</posy>
                <width>170</width>
                <height>40</height>
                <align>center</align>
                <aligny>center</aligny>
                <font>font13</font>
                <textcolor>white</textcolor>
                <focusedcolor>white</focusedcolor>
                <label>$ADDON[script.renegadestv 30605]</label>
                <texturefocus>tvg-program-focus.png</texturefocus>
                <texturenofocus>tvg-program-nofocus.png</texturenofocus>
                <onup>103</onup>
                <onleft>3005</onleft>
                <onright>3007</onright>
            </control>
            <control type="button" id="3007">
                <posx>850</posx>
                <posy>530</posy>
                <width>170</width>
                <height>40</height>
                <align>center</align>
                <aligny>center</aligny>
                <font>font13</font>
                <textcolor>white</textcolor>
                <focusedcolor>white</focusedcolor>
                <label>$ADDON[script.renegadestv 30606]</label>
                <texturefocus>tvg-program-focus.png</texturefocus>
                <texturenofocus>tvg-program-nofocus.png</texturenofocus>
                <onup>103</onup>
                <onleft>3006</onleft>
                <onright>3009</onright>
            </control>
            <control type="button" id="3009">
                <posx>1050</posx>
                <posy>530</posy>
                <width>170</width>
                <height>40</height>
                <align>center</align>
                <aligny>center</aligny>
                <font>font13</font>
                <textcolor>white</textcolor>
                <focusedcolor>white</focusedcolor>
                <label>Alt Stream</label>
                <texturefocus>tvg-program-focus.png</texturefocus>
                <texturenofocus>tvg-program-nofocus.png</texturenofocus>
                <onup>103</onup>
                <onleft>3007</onleft>
            </control>
        </control>

        <control type="group" id="4000">
            <!-- browse -->
            <posx>0</posx>
            <posy>120</posy>
            <width>1280</width>
            <height>600</height>
            <visible>String.IsEqual(Control.GetLabel(100),browse)</visible>

            <control type="image">
                <posx>90</posx>
                <posy>20</posy>
                <width>40</width>
                <height>12</height>
                <texture>tvguide-channel-arrow.png</texture>
            </control>

            <control type="image">
                <posx>90</posx>
                <posy>280</posy>
                <width>40</width>
                <height>-12</height>
                <texture>tvguide-channel-arrow.png</texture>
            </control>

            <control type="list" id="4001">
                <posx>40</posx>
                <posy>65</posy>
                <width>300</width>
                <height>200</height>
                <aspectratio>keep</aspectratio>
                <viewtype label="list">list</viewtype>
                <orientation>vertical</orientation>
                <focusposition>0</focusposition>
                <onleft>104</onleft>
                <onright>4008</onright>

                <itemlayout width="150" height="200">
                    <control type="image">
                        <posx>0</posx>
                        <posy>0</posy>
                        <width>150</width>
                        <height>150</height>
                        <texture>tvg-program-nofocus.png</texture>
                    </control>
                    <control type="image">
                        <posx>10</posx>
                        <posy>10</posy>
                        <width>130</width>
                        <height>130</height>
                        <info>ListItem.Icon</info>
                    </control>
                    <control type="label">
                        <posx>10</posx>
                        <posy>150</posy>
                        <width>300</width>
                        <height>40</height>
                        <aligny>center</aligny>
                        <font>font13</font>
                        <textcolor>white</textcolor>
                        <info>ListItem.Label</info>
                    </control>
                </itemlayout>
                <focusedlayout width="150" height="200">
                    <control type="image">
                        <posx>0</posx>
                        <posy>0</posy>
                        <width>150</width>
                        <height>150</height>
                        <texture>tvg-program-nofocus.png</texture>
                        <visible>!Control.HasFocus(4001)</visible>
                    </control>
                    <control type="image">
                        <posx>0</posx>
                        <posy>0</posy>
                        <width>150</width>
                        <height>150</height>
                        <texture>tvg-program-focus.png</texture>
                        <visible>Control.HasFocus(4001)</visible>
                    </control>
                    <control type="image">
                        <posx>10</posx>
                        <posy>10</posy>
                        <width>130</width>
                        <height>130</height>
                        <info>ListItem.Icon</info>
                    </control>
                    <control type="label">
                        <posx>10</posx>
                        <posy>150</posy>
                        <width>300</width>
                        <height>40</height>
                        <aligny>center</aligny>
                        <font>font13</font>
                        <textcolor>white</textcolor>
                        <focusedcolor>white</focusedcolor>
                        <info>ListItem.Label</info>
                    </control>
                </focusedlayout>
            </control>

            <control type="label">
                <posx>400</posx>
                <posy>-20</posy>
                <width>760</width>
                <height>38</height>
                <aligny>center</aligny>
                <font>font13</font>
                <textcolor>white</textcolor>
                <focusedcolor>white</focusedcolor>
                <label>Click and Wait to Load</label>
            </control>

            <control type="list" id="4008">
                <posx>400</posx>
                <posy>20</posy>
                <width>300</width>
                <height>480</height>
                <viewtype label="list">list</viewtype>
                <orientation>vertical</orientation>
                <focusposition>7</focusposition>
                <onleft>4001</onleft>
                <onright>4002</onright>

                <itemlayout width="300" height="40">
                    <control type="image">
                        <posx>0</posx>
                        <posy>0</posy>
                        <width>300</width>
                        <height>38</height>
                        <texture>tvg-program-nofocus.png</texture>
                    </control>
                    <control type="label">
                        <posx>16</posx>
                        <posy>0</posy>
                        <width>300</width>
                        <height>38</height>
                        <aligny>center</aligny>
                        <font>font13</font>
                        <textcolor>white</textcolor>
                        <focusedcolor>white</focusedcolor>
                        <info>ListItem.Label</info>
                    </control>
                </itemlayout>
                <focusedlayout width="300" height="40">
                    <control type="image">
                        <posx>0</posx>
                        <posy>0</posy>
                        <width>300</width>
                        <height>38</height>
                        <texture>tvg-program-focus.png</texture>
                        <visible>true</visible>
                    </control>
                    <control type="label">
                        <posx>16</posx>
                        <posy>0</posy>
                        <width>300</width>
                        <height>38</height>
                        <aligny>center</aligny>
                        <font>font13</font>
                        <textcolor>white</textcolor>
                        <focusedcolor>white</focusedcolor>
                        <info>ListItem.Label</info>
                        <visible>!Control.HasFocus(4008)</visible>
                    </control>
                    <control type="label">
                        <posx>16</posx>
                        <posy>0</posy>
                        <width>300</width>
                        <height>38</height>
                        <aligny>center</aligny>
                        <font>font13</font>
                        <textcolor>black</textcolor>
                        <focusedcolor>white</focusedcolor>
                        <info>ListItem.Label</info>
                        <visible>Control.HasFocus(4008)</visible>
                    </control>
                </focusedlayout>
            </control>

            <control type="label" id="4003">
                <description>addon name</description>
                <posx>40</posx>
                <posy>280</posy>
                <width>350</width>
                <height>40</height>
                <label>[B][/B]</label>
                <textcolor>white</textcolor>
            </control>
            <control type="textbox" id="4004">
                <description>addon info</description>
                <posx>40</posx>
                <posy>310</posy>
                <width>350</width>
                <height>190</height>
                <font>font12</font>
                <label/>
                <align>left</align>
                <wrapmultiline>true</wrapmultiline>
                <autoscroll time="3600" delay="6000" repeat="6000">true</autoscroll>
                <visible>!Player.HasMedia</visible>
            </control>

            <control type="list" id="4002">
                <posx>750</posx>
                <posy>20</posy>
                <width>400</width>
                <height>480</height>
                <viewtype label="list">list</viewtype>
                <orientation>vertical</orientation>
                <focusposition>7</focusposition>
                <onleft>4008</onleft>
                <onright>4005</onright>

                <itemlayout width="400" height="40">
                    <control type="image">
                        <posx>0</posx>
                        <posy>0</posy>
                        <width>400</width>
                        <height>38</height>
                        <texture>tvg-program-nofocus.png</texture>
                    </control>
                    <control type="label">
                        <posx>16</posx>
                        <posy>0</posy>
                        <width>400</width>
                        <height>38</height>
                        <aligny>center</aligny>
                        <font>font13</font>
                        <textcolor>white</textcolor>
                        <focusedcolor>white</focusedcolor>
                        <info>ListItem.Label</info>
                    </control>
                </itemlayout>
                <focusedlayout width="400" height="40">
                    <control type="image">
                        <posx>0</posx>
                        <posy>0</posy>
                        <width>400</width>
                        <height>38</height>
                        <texture>tvg-program-focus.png</texture>
                        <visible>true</visible>
                    </control>
                    <control type="label">
                        <posx>16</posx>
                        <posy>0</posy>
                        <width>400</width>
                        <height>38</height>
                        <aligny>center</aligny>
                        <font>font13</font>
                        <textcolor>white</textcolor>
                        <focusedcolor>white</focusedcolor>
                        <info>ListItem.Label</info>
                        <visible>!Control.HasFocus(4002)</visible>
                    </control>
                    <control type="label">
                        <posx>16</posx>
                        <posy>0</posy>
                        <width>400</width>
                        <height>38</height>
                        <aligny>center</aligny>
                        <font>font13</font>
                        <textcolor>black</textcolor>
                        <focusedcolor>white</focusedcolor>
                        <info>ListItem.Label</info>
                        <visible>Control.HasFocus(4002)</visible>
                    </control>
                </focusedlayout>
            </control>


            <control type="button" id="4005">
                <posx>450</posx>
                <posy>530</posy>
                <width>140</width>
                <height>40</height>
                <align>center</align>
                <aligny>center</aligny>
                <font>font13</font>
                <textcolor>white</textcolor>
                <focusedcolor>white</focusedcolor>
                <label>Preview</label>
                <texturefocus>tvg-program-focus.png</texturefocus>
                <texturenofocus>tvg-program-nofocus.png</texturenofocus>
                <onup>104</onup>
                <onleft>4002</onleft>
                <onright>4006</onright>
            </control>
            <control type="button" id="4006">
                <posx>600</posx>
                <posy>530</posy>
                <width>140</width>
                <height>40</height>
                <align>center</align>
                <aligny>center</aligny>
                <font>font13</font>
                <textcolor>white</textcolor>
                <focusedcolor>white</focusedcolor>
                <label>$ADDON[script.renegadestv 30605]</label>
                <texturefocus>tvg-program-focus.png</texturefocus>
                <texturenofocus>tvg-program-nofocus.png</texturenofocus>
                <onup>104</onup>
                <onleft>4005</onleft>
                <onright>4007</onright>
            </control>
            <control type="button" id="4007">
                <posx>750</posx>
                <posy>530</posy>
                <width>140</width>
                <height>40</height>
                <align>center</align>
                <aligny>center</aligny>
                <font>font13</font>
                <textcolor>white</textcolor>
                <focusedcolor>white</focusedcolor>
                <label>$ADDON[script.renegadestv 30606]</label>
                <texturefocus>tvg-program-focus.png</texturefocus>
                <texturenofocus>tvg-program-nofocus.png</texturenofocus>
                <onup>104</onup>
                <onleft>4006</onleft>
                <onright>4010</onright>
            </control>
            <control type="button" id="4010">
                <posx>900</posx>
                <posy>530</posy>
                <width>140</width>
                <height>40</height>
                <align>center</align>
                <aligny>center</aligny>
                <font>font13</font>
                <textcolor>white</textcolor>
                <focusedcolor>white</focusedcolor>
                <label>Alt Stream</label>
                <texturefocus>tvg-program-focus.png</texturefocus>
                <texturenofocus>tvg-program-nofocus.png</texturenofocus>
                <onup>104</onup>
                <onleft>4007</onleft>
                <onright>4009</onright>
            </control>
            <control type="button" id="4009">
                <posx>1050</posx>
                <posy>530</posy>
                <width>160</width>
                <height>40</height>
                <align>center</align>
                <aligny>center</aligny>
                <font>font13</font>
                <textcolor>white</textcolor>
                <focusedcolor>white</focusedcolor>
                <label>Add Folder</label>
                <texturefocus>tvg-program-focus.png</texturefocus>
                <texturenofocus>tvg-program-nofocus.png</texturenofocus>
                <onup>104</onup>
                <onleft>4010</onleft>
            </control>
        </control>

        <control type="image">
            <description>video mount</description>
            <posx>0</posx>
            <posy>244r</posy>
            <width>428</width>
            <height>244</height>
            <texture>grey.png</texture>
            <visible>Player.HasMedia</visible>
        </control>
        <control type="image">
            <description>video background</description>
            <posx>2</posx>
            <posy>242r</posy>
            <width>424</width>
            <height>240</height>
            <texture>black-back.png</texture>
            <visible>Player.HasMedia</visible>
        </control>

        <control type="videowindow">
            <description>video window</description>
            <posx>2</posx>
            <posy>242r</posy>
            <width>424</width>
            <height>240</height>
            <aligny>top</aligny>
            <aspectratio>scale</aspectratio>
            <visible>true</visible>
        </control>

    </controls>
</window>