<?xml version="1.0" encoding="utf-8"?>
<window type="dialog">
    <allowoverlay>no</allowoverlay>
    <defaultcontrol always="true">90000</defaultcontrol>
    <coordinates>
        <system>1</system>
        <posx>0</posx>
        <posy>0</posy>
    </coordinates>

    <controls>

		<!-- BACKGROUND IMAGES -->
        <control type="image">
            <description>background</description>
            <posx>0</posx>
            <posy>0</posy>
            <width>1280</width>
            <height>720</height>
            <texture>background.png</texture>
            <visible>true</visible>
        </control>
		<control type="image">
			<description>category background</description>
			<posx>30</posx>
			<posy>72</posy>
			<width>220</width>
			<height>105</height>
			<texture>black-fade.png</texture>
			<visible>true</visible>
		</control>
		<control type="image">
			<description>category background</description>
			<posx>30</posx>
			<posy>177</posy>
			<width>220</width>
			<height>520</height>
			<texture>black-fade.png</texture>
			<visible>true</visible>
		</control>
		<control type="image">
			<posx>28</posx>
			<posy>48</posy>
			<width>224</width>
			<height>34</height>
			<texture>black.png</texture>
			<aspectratio>stretch</aspectratio>
		</control>
		<control type="image">
			<posx>30</posx>
			<posy>50</posy>
			<width>220</width>
			<height>30</height>
			<texture>blue-back.png</texture>
			<aspectratio>stretch</aspectratio>
		</control>
		<control type="label">
			<description>time label</description>
			<posx>55</posx>
			<posy>50</posy>
			<width>380</width>
			<height>30</height>
			<font>font10_title</font>
			<align>left</align>
			<aligny>center</aligny>
			<textcolor>white</textcolor>
			<shadowcolor>black</shadowcolor>
			<label>[UPPERCASE]Today's Sports »[/UPPERCASE]</label>
		</control>
		
		<control type="image">
			<description>category background</description>
			<posx>300</posx>
			<posy>55</posy>
			<width>940</width>
			<height>630</height>
			<texture>black-fade.png</texture>
			<visible>true</visible>
		</control>
		<control type="image">
			<posx>298</posx>
			<posy>53</posy>
			<width>944</width>
			<height>34</height>
			<texture>black.png</texture>
			<aspectratio>stretch</aspectratio>
		</control>
		<control type="image">
			<posx>300</posx>
			<posy>55</posy>
			<width>940</width>
			<height>30</height>
			<texture>blue-back.png</texture>
			<aspectratio>stretch</aspectratio>
		</control>
		<control type="label">
			<description>time label</description>
			<posx>325</posx>
			<posy>55</posy>
			<width>380</width>
			<height>30</height>
			<font>font10_title</font>
			<align>left</align>
			<aligny>center</aligny>
			<textcolor>white</textcolor>
			<shadowcolor>black</shadowcolor>
			<label>[UPPERCASE]Listings »[/UPPERCASE]</label>
		</control>
		<control type="label">
            <description>time label</description>
            <posx>1220</posx>
            <posy>55</posy>
            <width>180</width>
            <height>30</height>
            <font>font10_title</font>
            <align>right</align>
            <aligny>center</aligny>
            <textcolor>white</textcolor>
            <shadowcolor>black</shadowcolor>
            <label>NOW: $INFO[System.Time]</label>
        </control>
		
		<!-- SPORTS BUTTONS -->
		
		<control type="button" id="90000">
			<posx>40</posx>
			<posy>95</posy>
			<width>200</width>
			<height>40</height>
			<texturefocus>tvg-menu-focus.png</texturefocus>
			<texturenofocus>tvg-menu-nofocus.png</texturenofocus>
			<align>center</align>
			<aligny>center</aligny>
			<font>font10_title</font>
			<textcolor>white</textcolor>
			<focusedcolor>white</focusedcolor>
			<label>All Sports</label>
			<onright>900001</onright>
			<onup>90012</onup>
			<ondown>90001</ondown>
		</control>
		<control type="button" id="90001">
			<posx>40</posx>
			<posy>140</posy>
			<width>200</width>
			<height>40</height>
			<texturefocus>tvg-menu-focus.png</texturefocus>
			<texturenofocus>tvg-menu-nofocus.png</texturenofocus>
			<align>center</align>
			<aligny>center</aligny>
			<font>font10_title</font>
			<textcolor>white</textcolor>
			<focusedcolor>white</focusedcolor>
			<label>Football</label>
			<onright>900011</onright>
			<onup>90000</onup>
			<ondown>90002</ondown>
		</control>
		<control type="button" id="90002">
			<posx>40</posx>
			<posy>185</posy>
			<width>200</width>
			<height>40</height>
			<texturefocus>tvg-menu-focus.png</texturefocus>
			<texturenofocus>tvg-menu-nofocus.png</texturenofocus>
			<align>center</align>
			<aligny>center</aligny>
			<font>font10_title</font>
			<textcolor>white</textcolor>
			<focusedcolor>white</focusedcolor>
			<label>Rugby</label>
			<onright>900021</onright>
			<onup>90001</onup>
			<ondown>90003</ondown>
		</control>
		<control type="button" id="90003">
			<posx>40</posx>
			<posy>230</posy>
			<width>200</width>
			<height>40</height>
			<texturefocus>tvg-menu-focus.png</texturefocus>
			<texturenofocus>tvg-menu-nofocus.png</texturenofocus>
			<align>center</align>
			<aligny>center</aligny>
			<font>font10_title</font>
			<textcolor>white</textcolor>
			<focusedcolor>white</focusedcolor>
			<label>American Football</label>
			<onright>900031</onright>
			<onup>90002</onup>
			<ondown>90004</ondown>
		</control>
		<control type="button" id="90004">
			<posx>40</posx>
			<posy>275</posy>
			<width>200</width>
			<height>40</height>
			<texturefocus>tvg-menu-focus.png</texturefocus>
			<texturenofocus>tvg-menu-nofocus.png</texturenofocus>
			<align>center</align>
			<aligny>center</aligny>
			<font>font10_title</font>
			<textcolor>white</textcolor>
			<focusedcolor>white</focusedcolor>
			<label>Cricket</label>
			<onright>900041</onright>
			<onup>90003</onup>
			<ondown>90005</ondown>
		</control>
		<control type="button" id="90005">
			<posx>40</posx>
			<posy>320</posy>
			<width>200</width>
			<height>40</height>
			<texturefocus>tvg-menu-focus.png</texturefocus>
			<texturenofocus>tvg-menu-nofocus.png</texturenofocus>
			<align>center</align>
			<aligny>center</aligny>
			<font>font10_title</font>
			<textcolor>white</textcolor>
			<focusedcolor>white</focusedcolor>
			<label>Basketball</label>
			<onright>900051</onright>
			<onup>90004</onup>
			<ondown>90006</ondown>
		</control>
		<control type="button" id="90006">
			<posx>40</posx>
			<posy>365</posy>
			<width>200</width>
			<height>40</height>
			<texturefocus>tvg-menu-focus.png</texturefocus>
			<texturenofocus>tvg-menu-nofocus.png</texturenofocus>
			<align>center</align>
			<aligny>center</aligny>
			<font>font10_title</font>
			<textcolor>white</textcolor>
			<focusedcolor>white</focusedcolor>
			<label>Ice Hockey</label>
			<onright>900061</onright>
			<onup>90005</onup>
			<ondown>90007</ondown>
		</control>
		<control type="button" id="90007">
			<posx>40</posx>
			<posy>410</posy>
			<width>200</width>
			<height>40</height>
			<texturefocus>tvg-menu-focus.png</texturefocus>
			<texturenofocus>tvg-menu-nofocus.png</texturenofocus>
			<align>center</align>
			<aligny>center</aligny>
			<font>font10_title</font>
			<textcolor>white</textcolor>
			<focusedcolor>white</focusedcolor>
			<label>Golf</label>
			<onright>900071</onright>
			<onup>90006</onup>
			<ondown>90008</ondown>
		</control>
		<control type="button" id="90008">
			<posx>40</posx>
			<posy>455</posy>
			<width>200</width>
			<height>40</height>
			<texturefocus>tvg-menu-focus.png</texturefocus>
			<texturenofocus>tvg-menu-nofocus.png</texturenofocus>
			<align>center</align>
			<aligny>center</aligny>
			<font>font10_title</font>
			<textcolor>white</textcolor>
			<focusedcolor>white</focusedcolor>
			<label>Motorsports</label>
			<onright>900081</onright>
			<onup>90007</onup>
			<ondown>90009</ondown>
		</control>
		<control type="button" id="90009">
			<posx>40</posx>
			<posy>500</posy>
			<width>200</width>
			<height>40</height>
			<texturefocus>tvg-menu-focus.png</texturefocus>
			<texturenofocus>tvg-menu-nofocus.png</texturenofocus>
			<align>center</align>
			<aligny>center</aligny>
			<font>font10_title</font>
			<textcolor>white</textcolor>
			<focusedcolor>white</focusedcolor>
			<label>Tennis</label>
			<onright>900091</onright>
			<onup>90008</onup>
			<ondown>90010</ondown>
		</control>
		<control type="button" id="90010">
			<posx>40</posx>
			<posy>545</posy>
			<width>200</width>
			<height>40</height>
			<texturefocus>tvg-menu-focus.png</texturefocus>
			<texturenofocus>tvg-menu-nofocus.png</texturenofocus>
			<align>center</align>
			<aligny>center</aligny>
			<font>font10_title</font>
			<textcolor>white</textcolor>
			<focusedcolor>white</focusedcolor>
			<label>Baseball</label>
			<onright>900101</onright>
			<onup>90009</onup>
			<ondown>90011</ondown>
		</control>
		<control type="button" id="90011">
			<posx>40</posx>
			<posy>590</posy>
			<width>200</width>
			<height>40</height>
			<texturefocus>tvg-menu-focus.png</texturefocus>
			<texturenofocus>tvg-menu-nofocus.png</texturenofocus>
			<align>center</align>
			<aligny>center</aligny>
			<font>font10_title</font>
			<textcolor>white</textcolor>
			<focusedcolor>white</focusedcolor>
			<label>Cycling</label>
			<onright>900111</onright>
			<onup>90010</onup>
			<ondown>90012</ondown>
		</control>
		<control type="button" id="90012">
			<posx>40</posx>
			<posy>635</posy>
			<width>200</width>
			<height>40</height>
			<texturefocus>tvg-menu-focus.png</texturefocus>
			<texturenofocus>tvg-menu-nofocus.png</texturenofocus>
			<align>center</align>
			<aligny>center</aligny>
			<font>font10_title</font>
			<textcolor>white</textcolor>
			<focusedcolor>white</focusedcolor>
			<label>Other Sports</label>
			<onright>900121</onright>
			<onup>90011</onup>
			<ondown>90001</ondown>
		</control>
		
		<!-- GET FIXTURES -->
		
		<control type="list" id="900001">
			<description>All Sports</description>
			<posx>305</posx>
            <posy>95</posy>
            <width>930</width>
            <height>585</height>
			<itemgap>5</itemgap>
			<onup>900001</onup>
			<onleft>90000</onleft>
			<orientation>vertical</orientation>
			<preloaditems>2</preloaditems>
			<onclick>back</onclick>
			<onclick>ActivateWindow(10001,$INFO[ListItem.FileNameAndPath],return)</onclick>
			<visible>Control.HasFocus(90000) | Control.HasFocus(900001)</visible>
			<itemlayout width="930" height="42">
				<control type="image">
					<left>0</left>
					<top>0</top>
					<width>930</width>
					<height>40</height>
					<texture>tvg-program-nofocus.png</texture>
				</control>
				<control type="textbox">
					<left>00</left>
					<top>0</top>
					<width>930</width>
					<label> $INFO[ListItem.Label]</label>
					<textcolor>ffffffff</textcolor>
					<shadowcolor>-</shadowcolor>
					<font>font10_title</font>
					<align>left</align>
					<aligny>center</aligny>
					<height>40</height>
					<wrapmultiline>true</wrapmultiline>
				</control>
			</itemlayout>
			<focusedlayout width="930" height="42">
				<control type="image">
					<left>0</left>
					<top>0</top>
					<width>930</width>
					<height>40</height>
					<texture>tvg-program-focus.png</texture>
				</control>
				<control type="textbox">
					<left>0</left>
					<top>0</top>
					<width>930</width>
					<label> $INFO[ListItem.Label]</label>
					<textcolor>ffffffff</textcolor>
					<shadowcolor>-</shadowcolor>
					<font>font10_title</font>
					<align>left</align>
					<aligny>center</aligny>
					<height>40</height>
					<wrapmultiline>true</wrapmultiline>
				</control>
			</focusedlayout>
			<content target="" sortby="label" sortorder="ascending">plugin://plugin.program.fixtures/listing/http%3A%2F%2Fwww.getyourfixtures.com%2Fall%2Flive%2Ftoday%2FanySport</content>
		</control>
		
		<control type="list" id="900011">
			<description>Football</description>
			<posx>305</posx>
            <posy>95</posy>
            <width>930</width>
            <height>585</height>
			<itemgap>5</itemgap>
			<onup>900011</onup>
			<onleft>90001</onleft>
			<orientation>vertical</orientation>
			<preloaditems>2</preloaditems>
			<onclick>back</onclick>
			<onclick>ActivateWindow(10001,$INFO[ListItem.FileNameAndPath],return)</onclick>
			<visible>Control.HasFocus(90001) | Control.HasFocus(900011)</visible>
			<itemlayout width="930" height="42">
				<control type="image">
					<left>0</left>
					<top>0</top>
					<width>930</width>
					<height>40</height>
					<texture>tvg-program-nofocus.png</texture>
				</control>
				<control type="textbox">
					<left>00</left>
					<top>0</top>
					<width>930</width>
					<label> $INFO[ListItem.Label]</label>
					<textcolor>ffffffff</textcolor>
					<shadowcolor>-</shadowcolor>
					<font>font10_title</font>
					<align>left</align>
					<aligny>center</aligny>
					<height>40</height>
					<wrapmultiline>true</wrapmultiline>
				</control>
			</itemlayout>
			<focusedlayout width="930" height="42">
				<control type="image">
					<left>0</left>
					<top>0</top>
					<width>930</width>
					<height>40</height>
					<texture>tvg-program-focus.png</texture>
				</control>
				<control type="textbox">
					<left>0</left>
					<top>0</top>
					<width>930</width>
					<label> $INFO[ListItem.Label]</label>
					<textcolor>ffffffff</textcolor>
					<shadowcolor>-</shadowcolor>
					<font>font10_title</font>
					<align>left</align>
					<aligny>center</aligny>
					<height>40</height>
					<wrapmultiline>true</wrapmultiline>
				</control>
			</focusedlayout>
			<content target="" sortby="label" sortorder="ascending">plugin://plugin.program.fixtures/listing/http%3A%2F%2Fwww.getyourfixtures.com%2Fall%2Flive%2Ftoday%2Ffootball</content>
		</control>
		
		<control type="list" id="900021">
			<description>Rugby</description>
			<posx>305</posx>
            <posy>95</posy>
            <width>930</width>
            <height>585</height>
			<itemgap>5</itemgap>
			<onup>900021</onup>
			<onleft>90002</onleft>
			<orientation>vertical</orientation>
			<preloaditems>2</preloaditems>
			<onclick>back</onclick>
			<onclick>ActivateWindow(10001,$INFO[ListItem.FileNameAndPath],return)</onclick>
			<visible>Control.HasFocus(90002) | Control.HasFocus(900021)</visible>
			<itemlayout width="930" height="42">
				<control type="image">
					<left>0</left>
					<top>0</top>
					<width>930</width>
					<height>40</height>
					<texture>tvg-program-nofocus.png</texture>
				</control>
				<control type="textbox">
					<left>00</left>
					<top>0</top>
					<width>930</width>
					<label> $INFO[ListItem.Label]</label>
					<textcolor>ffffffff</textcolor>
					<shadowcolor>-</shadowcolor>
					<font>font10_title</font>
					<align>left</align>
					<aligny>center</aligny>
					<height>40</height>
					<wrapmultiline>true</wrapmultiline>
				</control>
			</itemlayout>
			<focusedlayout width="930" height="42">
				<control type="image">
					<left>0</left>
					<top>0</top>
					<width>930</width>
					<height>40</height>
					<texture>tvg-program-focus.png</texture>
				</control>
				<control type="textbox">
					<left>0</left>
					<top>0</top>
					<width>930</width>
					<label> $INFO[ListItem.Label]</label>
					<textcolor>ffffffff</textcolor>
					<shadowcolor>-</shadowcolor>
					<font>font10_title</font>
					<align>left</align>
					<aligny>center</aligny>
					<height>40</height>
					<wrapmultiline>true</wrapmultiline>
				</control>
			</focusedlayout>
			<content target="" sortby="label" sortorder="ascending">plugin://plugin.program.fixtures/listing/http%3A%2F%2Fwww.getyourfixtures.com%2Fall%2Flive%2Ftoday%2Frugby</content>
		</control>
		
		<control type="list" id="900031">
			<description>American Football</description>
			<posx>305</posx>
            <posy>95</posy>
            <width>930</width>
            <height>585</height>
			<itemgap>5</itemgap>
			<onup>900031</onup>
			<onleft>90003</onleft>
			<orientation>vertical</orientation>
			<preloaditems>2</preloaditems>
			<onclick>back</onclick>
			<onclick>ActivateWindow(10001,$INFO[ListItem.FileNameAndPath],return)</onclick>
			<visible>Control.HasFocus(90003) | Control.HasFocus(900031)</visible>
			<itemlayout width="930" height="42">
				<control type="image">
					<left>0</left>
					<top>0</top>
					<width>930</width>
					<height>40</height>
					<texture>tvg-program-nofocus.png</texture>
				</control>
				<control type="textbox">
					<left>00</left>
					<top>0</top>
					<width>930</width>
					<label> $INFO[ListItem.Label]</label>
					<textcolor>ffffffff</textcolor>
					<shadowcolor>-</shadowcolor>
					<font>font10_title</font>
					<align>left</align>
					<aligny>center</aligny>
					<height>40</height>
					<wrapmultiline>true</wrapmultiline>
				</control>
			</itemlayout>
			<focusedlayout width="930" height="42">
				<control type="image">
					<left>0</left>
					<top>0</top>
					<width>930</width>
					<height>40</height>
					<texture>tvg-program-focus.png</texture>
				</control>
				<control type="textbox">
					<left>0</left>
					<top>0</top>
					<width>930</width>
					<label> $INFO[ListItem.Label]</label>
					<textcolor>ffffffff</textcolor>
					<shadowcolor>-</shadowcolor>
					<font>font10_title</font>
					<align>left</align>
					<aligny>center</aligny>
					<height>40</height>
					<wrapmultiline>true</wrapmultiline>
				</control>
			</focusedlayout>
			<content target="" sortby="label" sortorder="ascending">plugin://plugin.program.fixtures/listing/http%3A%2F%2Fwww.getyourfixtures.com%2Fall%2Flive%2Ftoday%2Famericanfootbal
			</content>
		</control>
			
		<control type="list" id="900041">
			<description>Cricket</description>
			<posx>305</posx>
            <posy>95</posy>
            <width>930</width>
            <height>585</height>
			<itemgap>5</itemgap>
			<onup>900041</onup>
			<onleft>90004</onleft>
			<orientation>vertical</orientation>
			<preloaditems>2</preloaditems>
			<onclick>back</onclick>
			<onclick>ActivateWindow(10001,$INFO[ListItem.FileNameAndPath],return)</onclick>
			<visible>Control.HasFocus(90004) | Control.HasFocus(900041)</visible>
			<itemlayout width="930" height="42">
				<control type="image">
					<left>0</left>
					<top>0</top>
					<width>930</width>
					<height>40</height>
					<texture>tvg-program-nofocus.png</texture>
				</control>
				<control type="textbox">
					<left>00</left>
					<top>0</top>
					<width>930</width>
					<label> $INFO[ListItem.Label]</label>
					<textcolor>ffffffff</textcolor>
					<shadowcolor>-</shadowcolor>
					<font>font10_title</font>
					<align>left</align>
					<aligny>center</aligny>
					<height>40</height>
					<wrapmultiline>true</wrapmultiline>
				</control>
			</itemlayout>
			<focusedlayout width="930" height="42">
				<control type="image">
					<left>0</left>
					<top>0</top>
					<width>930</width>
					<height>40</height>
					<texture>tvg-program-focus.png</texture>
				</control>
				<control type="textbox">
					<left>0</left>
					<top>0</top>
					<width>930</width>
					<label> $INFO[ListItem.Label]</label>
					<textcolor>ffffffff</textcolor>
					<shadowcolor>-</shadowcolor>
					<font>font10_title</font>
					<align>left</align>
					<aligny>center</aligny>
					<height>40</height>
					<wrapmultiline>true</wrapmultiline>
				</control>
			</focusedlayout>
			<content target="" sortby="label" sortorder="ascending">plugin://plugin.program.fixtures/listing/http%3A%2F%2Fwww.getyourfixtures.com%2Fall%2Flive%2Ftoday%2Fcricket</content>
		</control>
			
		<control type="list" id="900051">
			<description>Basketball</description>
			<posx>305</posx>
            <posy>95</posy>
            <width>930</width>
            <height>585</height>
			<itemgap>5</itemgap>
			<onup>900051</onup>
			<onleft>90005</onleft>
			<orientation>vertical</orientation>
			<preloaditems>2</preloaditems>
			<onclick>back</onclick>
			<onclick>ActivateWindow(10001,$INFO[ListItem.FileNameAndPath],return)</onclick>
			<visible>Control.HasFocus(90005) | Control.HasFocus(900051)</visible>
			<itemlayout width="930" height="42">
				<control type="image">
					<left>0</left>
					<top>0</top>
					<width>930</width>
					<height>40</height>
					<texture>tvg-program-nofocus.png</texture>
				</control>
				<control type="textbox">
					<left>00</left>
					<top>0</top>
					<width>930</width>
					<label> $INFO[ListItem.Label]</label>
					<textcolor>ffffffff</textcolor>
					<shadowcolor>-</shadowcolor>
					<font>font10_title</font>
					<align>left</align>
					<aligny>center</aligny>
					<height>40</height>
					<wrapmultiline>true</wrapmultiline>
				</control>
			</itemlayout>
			<focusedlayout width="930" height="42">
				<control type="image">
					<left>0</left>
					<top>0</top>
					<width>930</width>
					<height>40</height>
					<texture>tvg-program-focus.png</texture>
				</control>
				<control type="textbox">
					<left>0</left>
					<top>0</top>
					<width>930</width>
					<label> $INFO[ListItem.Label]</label>
					<textcolor>ffffffff</textcolor>
					<shadowcolor>-</shadowcolor>
					<font>font10_title</font>
					<align>left</align>
					<aligny>center</aligny>
					<height>40</height>
					<wrapmultiline>true</wrapmultiline>
				</control>
			</focusedlayout>
			<content target="" sortby="label" sortorder="ascending">plugin://plugin.program.fixtures/listing/http%3A%2F%2Fwww.getyourfixtures.com%2Fall%2Flive%2Ftoday%2Fbasketball</content>
		</control>
		
		<control type="list" id="900061">
			<description>Ice Hockey</description>
			<posx>305</posx>
            <posy>95</posy>
            <width>930</width>
            <height>585</height>
			<itemgap>5</itemgap>
			<onup>900061</onup>
			<onleft>90006</onleft>
			<orientation>vertical</orientation>
			<preloaditems>2</preloaditems>
			<onclick>back</onclick>
			<onclick>ActivateWindow(10001,$INFO[ListItem.FileNameAndPath],return)</onclick>
			<visible>Control.HasFocus(90006) | Control.HasFocus(900061)</visible>
			<itemlayout width="930" height="42">
				<control type="image">
					<left>0</left>
					<top>0</top>
					<width>930</width>
					<height>40</height>
					<texture>tvg-program-nofocus.png</texture>
				</control>
				<control type="textbox">
					<left>00</left>
					<top>0</top>
					<width>930</width>
					<label> $INFO[ListItem.Label]</label>
					<textcolor>ffffffff</textcolor>
					<shadowcolor>-</shadowcolor>
					<font>font10_title</font>
					<align>left</align>
					<aligny>center</aligny>
					<height>40</height>
					<wrapmultiline>true</wrapmultiline>
				</control>
			</itemlayout>
			<focusedlayout width="930" height="42">
				<control type="image">
					<left>0</left>
					<top>0</top>
					<width>930</width>
					<height>40</height>
					<texture>tvg-program-focus.png</texture>
				</control>
				<control type="textbox">
					<left>0</left>
					<top>0</top>
					<width>930</width>
					<label> $INFO[ListItem.Label]</label>
					<textcolor>ffffffff</textcolor>
					<shadowcolor>-</shadowcolor>
					<font>font10_title</font>
					<align>left</align>
					<aligny>center</aligny>
					<height>40</height>
					<wrapmultiline>true</wrapmultiline>
				</control>
			</focusedlayout>
			<content target="" sortby="label" sortorder="ascending">plugin://plugin.program.fixtures/listing/http%3A%2F%2Fwww.getyourfixtures.com%2Fall%2Flive%2Ftoday%2Ficehockey</content>
		</control>
		
		<control type="list" id="900071">
			<description>Golf</description>
			<posx>305</posx>
            <posy>95</posy>
            <width>930</width>
            <height>585</height>
			<itemgap>5</itemgap>
			<onup>900071</onup>
			<onleft>90007</onleft>
			<orientation>vertical</orientation>
			<preloaditems>2</preloaditems>
			<onclick>back</onclick>
			<onclick>ActivateWindow(10001,$INFO[ListItem.FileNameAndPath],return)</onclick>
			<visible>Control.HasFocus(90007) | Control.HasFocus(900071)</visible>
			<itemlayout width="930" height="42">
				<control type="image">
					<left>0</left>
					<top>0</top>
					<width>930</width>
					<height>40</height>
					<texture>tvg-program-nofocus.png</texture>
				</control>
				<control type="textbox">
					<left>00</left>
					<top>0</top>
					<width>930</width>
					<label> $INFO[ListItem.Label]</label>
					<textcolor>ffffffff</textcolor>
					<shadowcolor>-</shadowcolor>
					<font>font10_title</font>
					<align>left</align>
					<aligny>center</aligny>
					<height>40</height>
					<wrapmultiline>true</wrapmultiline>
				</control>
			</itemlayout>
			<focusedlayout width="930" height="42">
				<control type="image">
					<left>0</left>
					<top>0</top>
					<width>930</width>
					<height>40</height>
					<texture>tvg-program-focus.png</texture>
				</control>
				<control type="textbox">
					<left>0</left>
					<top>0</top>
					<width>930</width>
					<label> $INFO[ListItem.Label]</label>
					<textcolor>ffffffff</textcolor>
					<shadowcolor>-</shadowcolor>
					<font>font10_title</font>
					<align>left</align>
					<aligny>center</aligny>
					<height>40</height>
					<wrapmultiline>true</wrapmultiline>
				</control>
			</focusedlayout>
			<content target="" sortby="label" sortorder="ascending">plugin://plugin.program.fixtures/listing/http%3A%2F%2Fwww.getyourfixtures.com%2Fall%2Flive%2Ftoday%2Fgolf</content>
		</control>
		
		<control type="list" id="900081">
			<description>Motorsports</description>
			<posx>305</posx>
            <posy>95</posy>
            <width>930</width>
            <height>585</height>
			<itemgap>5</itemgap>
			<onup>900081</onup>
			<onleft>90008</onleft>
			<orientation>vertical</orientation>
			<preloaditems>2</preloaditems>
			<onclick>back</onclick>
			<onclick>ActivateWindow(10001,$INFO[ListItem.FileNameAndPath],return)</onclick>
			<visible>Control.HasFocus(90008) | Control.HasFocus(900081)</visible>
			<itemlayout width="930" height="42">
				<control type="image">
					<left>0</left>
					<top>0</top>
					<width>930</width>
					<height>40</height>
					<texture>tvg-program-nofocus.png</texture>
				</control>
				<control type="textbox">
					<left>00</left>
					<top>0</top>
					<width>930</width>
					<label> $INFO[ListItem.Label]</label>
					<textcolor>ffffffff</textcolor>
					<shadowcolor>-</shadowcolor>
					<font>font10_title</font>
					<align>left</align>
					<aligny>center</aligny>
					<height>40</height>
					<wrapmultiline>true</wrapmultiline>
				</control>
			</itemlayout>
			<focusedlayout width="930" height="42">
				<control type="image">
					<left>0</left>
					<top>0</top>
					<width>930</width>
					<height>40</height>
					<texture>tvg-program-focus.png</texture>
				</control>
				<control type="textbox">
					<left>0</left>
					<top>0</top>
					<width>930</width>
					<label> $INFO[ListItem.Label]</label>
					<textcolor>ffffffff</textcolor>
					<shadowcolor>-</shadowcolor>
					<font>font10_title</font>
					<align>left</align>
					<aligny>center</aligny>
					<height>40</height>
					<wrapmultiline>true</wrapmultiline>
				</control>
			</focusedlayout>
			<content target="" sortby="label" sortorder="ascending">plugin://plugin.program.fixtures/listing/http%3A%2F%2Fwww.getyourfixtures.com%2Fall%2Flive%2Ftoday%2Fmotorsports</content>
		</control>
		
		<control type="list" id="900091">
			<description>Tennis</description>
			<posx>305</posx>
            <posy>95</posy>
            <width>930</width>
            <height>585</height>
			<itemgap>5</itemgap>
			<onup>900091</onup>
			<onleft>90009</onleft>
			<orientation>vertical</orientation>
			<preloaditems>2</preloaditems>
			<onclick>back</onclick>
			<onclick>ActivateWindow(10001,$INFO[ListItem.FileNameAndPath],return)</onclick>
			<visible>Control.HasFocus(90009) | Control.HasFocus(900091)</visible>
			<itemlayout width="930" height="42">
				<control type="image">
					<left>0</left>
					<top>0</top>
					<width>930</width>
					<height>40</height>
					<texture>tvg-program-nofocus.png</texture>
				</control>
				<control type="textbox">
					<left>00</left>
					<top>0</top>
					<width>930</width>
					<label> $INFO[ListItem.Label]</label>
					<textcolor>ffffffff</textcolor>
					<shadowcolor>-</shadowcolor>
					<font>font10_title</font>
					<align>left</align>
					<aligny>center</aligny>
					<height>40</height>
					<wrapmultiline>true</wrapmultiline>
				</control>
			</itemlayout>
			<focusedlayout width="930" height="42">
				<control type="image">
					<left>0</left>
					<top>0</top>
					<width>930</width>
					<height>40</height>
					<texture>tvg-program-focus.png</texture>
				</control>
				<control type="textbox">
					<left>0</left>
					<top>0</top>
					<width>930</width>
					<label> $INFO[ListItem.Label]</label>
					<textcolor>ffffffff</textcolor>
					<shadowcolor>-</shadowcolor>
					<font>font10_title</font>
					<align>left</align>
					<aligny>center</aligny>
					<height>40</height>
					<wrapmultiline>true</wrapmultiline>
				</control>
			</focusedlayout>
			<content target="" sortby="label" sortorder="ascending">plugin://plugin.program.fixtures/listing/http%3A%2F%2Fwww.getyourfixtures.com%2Fall%2Flive%2Ftoday%2Ftennis</content>
		</control>
		
		<control type="list" id="900101">
			<description>Baseball</description>
			<posx>305</posx>
            <posy>95</posy>
            <width>930</width>
            <height>585</height>
			<itemgap>5</itemgap>
			<onup>900101</onup>
			<onleft>90010</onleft>
			<orientation>vertical</orientation>
			<preloaditems>2</preloaditems>
			<onclick>back</onclick>
			<onclick>ActivateWindow(10001,$INFO[ListItem.FileNameAndPath],return)</onclick>
			<visible>Control.HasFocus(90010) | Control.HasFocus(900101)</visible>
			<itemlayout width="930" height="42">
				<control type="image">
					<left>0</left>
					<top>0</top>
					<width>930</width>
					<height>40</height>
					<texture>tvg-program-nofocus.png</texture>
				</control>
				<control type="textbox">
					<left>00</left>
					<top>0</top>
					<width>930</width>
					<label> $INFO[ListItem.Label]</label>
					<textcolor>ffffffff</textcolor>
					<shadowcolor>-</shadowcolor>
					<font>font10_title</font>
					<align>left</align>
					<aligny>center</aligny>
					<height>40</height>
					<wrapmultiline>true</wrapmultiline>
				</control>
			</itemlayout>
			<focusedlayout width="930" height="42">
				<control type="image">
					<left>0</left>
					<top>0</top>
					<width>930</width>
					<height>40</height>
					<texture>tvg-program-focus.png</texture>
				</control>
				<control type="textbox">
					<left>0</left>
					<top>0</top>
					<width>930</width>
					<label> $INFO[ListItem.Label]</label>
					<textcolor>ffffffff</textcolor>
					<shadowcolor>-</shadowcolor>
					<font>font10_title</font>
					<align>left</align>
					<aligny>center</aligny>
					<height>40</height>
					<wrapmultiline>true</wrapmultiline>
				</control>
			</focusedlayout>
			<content target="" sortby="label" sortorder="ascending">plugin://plugin.program.fixtures/listing/http%3A%2F%2Fwww.getyourfixtures.com%2Fall%2Flive%2Ftoday%2Fbaseball</content>
		</control>
		
		<control type="list" id="900111">
			<description>Baseball</description>
			<posx>305</posx>
            <posy>95</posy>
            <width>930</width>
            <height>585</height>
			<itemgap>5</itemgap>
			<onup>900111</onup>
			<onleft>90011</onleft>
			<orientation>vertical</orientation>
			<preloaditems>2</preloaditems>
			<onclick>back</onclick>
			<onclick>ActivateWindow(10001,$INFO[ListItem.FileNameAndPath],return)</onclick>
			<visible>Control.HasFocus(90011) | Control.HasFocus(900111)</visible>
			<itemlayout width="930" height="42">
				<control type="image">
					<left>0</left>
					<top>0</top>
					<width>930</width>
					<height>40</height>
					<texture>tvg-program-nofocus.png</texture>
				</control>
				<control type="textbox">
					<left>00</left>
					<top>0</top>
					<width>930</width>
					<label> $INFO[ListItem.Label]</label>
					<textcolor>ffffffff</textcolor>
					<shadowcolor>-</shadowcolor>
					<font>font10_title</font>
					<align>left</align>
					<aligny>center</aligny>
					<height>40</height>
					<wrapmultiline>true</wrapmultiline>
				</control>
			</itemlayout>
			<focusedlayout width="930" height="42">
				<control type="image">
					<left>0</left>
					<top>0</top>
					<width>930</width>
					<height>40</height>
					<texture>tvg-program-focus.png</texture>
				</control>
				<control type="textbox">
					<left>0</left>
					<top>0</top>
					<width>930</width>
					<label> $INFO[ListItem.Label]</label>
					<textcolor>ffffffff</textcolor>
					<shadowcolor>-</shadowcolor>
					<font>font10_title</font>
					<align>left</align>
					<aligny>center</aligny>
					<height>40</height>
					<wrapmultiline>true</wrapmultiline>
				</control>
			</focusedlayout>
			<content target="" sortby="label" sortorder="ascending">plugin://plugin.program.fixtures/listing/http%3A%2F%2Fwww.getyourfixtures.com%2Fall%2Flive%2Ftoday%2Fcycling</content>
		</control>
		
		<control type="list" id="900121">
			<description>Other Sports</description>
			<posx>305</posx>
            <posy>95</posy>
            <width>930</width>
            <height>585</height>
			<itemgap>5</itemgap>
			<onup>900121</onup>
			<onleft>90012</onleft>
			<orientation>vertical</orientation>
			<preloaditems>2</preloaditems>
			<onclick>back</onclick>
			<onclick>ActivateWindow(10001,$INFO[ListItem.FileNameAndPath],return)</onclick>
			<visible>Control.HasFocus(90012) | Control.HasFocus(900121)</visible>
			<itemlayout width="930" height="42">
				<control type="image">
					<left>0</left>
					<top>0</top>
					<width>930</width>
					<height>40</height>
					<texture>tvg-program-nofocus.png</texture>
				</control>
				<control type="textbox">
					<left>00</left>
					<top>0</top>
					<width>930</width>
					<label> $INFO[ListItem.Label]</label>
					<textcolor>ffffffff</textcolor>
					<shadowcolor>-</shadowcolor>
					<font>font10_title</font>
					<align>left</align>
					<aligny>center</aligny>
					<height>40</height>
					<wrapmultiline>true</wrapmultiline>
				</control>
			</itemlayout>
			<focusedlayout width="930" height="42">
				<control type="image">
					<left>0</left>
					<top>0</top>
					<width>930</width>
					<height>40</height>
					<texture>tvg-program-focus.png</texture>
				</control>
				<control type="textbox">
					<left>0</left>
					<top>0</top>
					<width>930</width>
					<label> $INFO[ListItem.Label]</label>
					<textcolor>ffffffff</textcolor>
					<shadowcolor>-</shadowcolor>
					<font>font10_title</font>
					<align>left</align>
					<aligny>center</aligny>
					<height>40</height>
					<wrapmultiline>true</wrapmultiline>
				</control>
			</focusedlayout>
			<content target="" sortby="label" sortorder="ascending">plugin://plugin.program.fixtures/listing/http%3A%2F%2Fwww.getyourfixtures.com%2Fall%2Flive%2Ftoday%2Fother</content>
		</control>
		
    </controls>
</window>