<favourites>
	<favourite name="TSN2 vidtime 16/11/2016" thumb=" ">PlayMedia(&quot;plugin://plugin.video.f4mTester/?url=http://portalipt.ddns.net:12000/live/pack.bntv@gmail.com/baidyfrance/7217.ts&amp;streamtype=TSDOWNLOADER&amp;name=Vidtime&amp;sf_options=fanart%3Dhttp%3A%2F%2Fs20.postimg.org%2Fdoltr1fu5%2FVTTVBackground.png%26winID%3D10025%26_options_sf&quot;)</favourite>
	<favourite name="TSN2 oblivion server 18/11/2016" thumb="http://oblivionbuilds.com/Oblivionlogo.png">PlayMedia(&quot;plugin://plugin.video.OblivionStreams/?url=plugin%3A%2F%2Fplugin.video.SportsDevil%2F%3Fmode%3D1%26amp%3Bitem%3Dcatcher%253dstreams%2526url%3Dhttp%3A%2F%2Fwww.shadow-net.org%2Fchannels%2FTSN-2.html&amp;mode=12&amp;sf_options=fanart%3Dhttp%3A%2F%2Foblivionbuilds.com%2Ffanart.jpg%26winID%3D10025%26_options_sf&quot;)</favourite>
	<favourite name="TSN2 mic 24/11/2016" thumb="http://www.thelogodb.com/images/media/logo/sutruq1433379787.png">PlayMedia(&quot;plugin://plugin.video.mic/?url=plugin%3A%2F%2Fplugin.video.f4mTester%2F%3Fstreamtype%3DTSDOWNLOADER%3Bname%3DTSN+2%26url%3Dhttp%3A%2F%2F37.187.139.155%3A8000%2Flive%2Flightwrath%40live.com%2FWatchNow%21%2F632.ts&amp;mode=12&amp;sf_options=fanart%3Dhttp%3A%2F%2Fgamerlimit.com%2Fwp-content%2Fuploads%2F2016%2F04%2Foriginal.jpg%26winID%3D10025%26_options_sf&quot;)</favourite>
	<favourite name="TSN2 zem 30/11/2016" thumb="DefaultFolder.png">PlayMedia(&quot;plugin://plugin.video.ZemTV-shani/?url=aXBib3g6aHR0cDovL2lwdHYubW9ua2V5Y2xpbmUuY29tOjI1NDYxL2xpdmUvamFzbmUvamFzbmUvODk1Ni50c3xVc2VyLUFnZW50PVZMQy8yLjMuMSBMaWJWTEMvMi4yLjE3JkljeS1NZXRhRGF0YT0x&amp;mode=11&amp;name=%5BCOLOR+FF11b500%5DVip+%3A+tsn+hd+2%0D+ipbox%5B%2FCOLOR%5D&amp;sf_options=winID%3D10025%26_options_sf&quot;)</favourite>
	<favourite name="TSN2 HD bamf 30/11/2016" thumb="DefaultVideo.png">PlayMedia(&quot;plugin://plugin.video.sanctuary/?url=plugin%3A%2F%2Fplugin.video.f4mTester%2F%3Fstreamtype%3DTSDOWNLOADER%26amp%3Burl%3Dhttp%3A%2F%2Fkodi-fireiptv.ddns.net%3A8000%2Flive%2FWIL%2FBIS%2F931.ts%3Bname%3DBAMF+TV&amp;mode=1112&amp;sf_options=winID%3D10025%26_options_sf&quot;)</favourite>
	<favourite name="[COLORgreen][B]•[/COLOR][/B]TSN2 oblivion 30/11/2016" thumb="http://oblivionbuilds.com/Oblivionlogo.png">PlayMedia(&quot;plugin://plugin.video.sanctuary/?url=plugin%3A%2F%2Fplugin.video.f4mTester%2F%3Fstreamtype%3DTSDOWNLOADER%26amp%3Burl%3Dhttp%3A%2F%2Flive.softiptv.com%3A9900%2Flive%2F3month%2F3month%2F12597.ts%3Bname%3DOblivion+TV&amp;mode=1112&amp;sf_options=winID%3D10025%26_options_sf&quot;)</favourite>
	<favourite name="TSN2 sports devil 01/12/2016" thumb="http://www.shadow-net.org/product_images/b/342/tsn2__61112_thumb.jpg|Referer=http://www.shadow-net.org/&amp;User-Agent=Mozilla/5.0 (Windows NT 6.3) AppleWebKit/537.36 (KHTML, like Gecko) Chrome/53.0.2785.143 Safari/537.36">ActivateWindow(10025,&quot;plugin://plugin.video.SportsDevil/?item=catcher%3dstreams%26title%3dTSN%2b2%26url%3dhttp%253A%252F%252Fwww.shadow-net.org%252Fchannels%252FTSN-2.html%26cfg%3dshadownet.ro.cfg%2540Channels%26videoTitle%3dTSN%2b2%26director%3dShadowNet.ro%26genre%3dLive%2bTV%26referer%3dhttp%253A%252F%252Fwww.shadow-net.org%252Fcategories%252FSPORTS-Channels%252F%253Fsort%253Dalphaasc%2526page%253D2%26definedIn%3dshadownet.ro.cfg%26icon.tmp%3dhttp%253A%252F%252Fwww.shadow-net.org%252Fproduct_images%252Fb%252F342%252Ftsn2__61112_thumb.jpg%26type%3drss%26icon%3dhttp%253A%252F%252Fwww.shadow-net.org%252Fproduct_images%252Fb%252F342%252Ftsn2__61112_thumb.jpg%257CReferer%253Dhttp%253A%252F%252Fwww.shadow-net.org%252F%2526User-Agent%253DMozilla%252F5.0%2b%2528Windows%2bNT%2b6.3%2529%2bAppleWebKit%252F537.36%2b%2528KHTML%252C%2blike%2bGecko%2529%2bChrome%252F53.0.2785.143%2bSafari%252F537.36&amp;mode=1&amp;sf_options=fanart%3Dspecial%3A%2F%2Fhome%2Faddons%2Fplugin.video.SportsDevil-2016.30.30%2Ffanart.jpg%26_options_sf&quot;,return)</favourite>
	<favourite name="TSN2 zem 01/12/2016" thumb="http://shani.offshorepastebin.com/ZemLogos/tsnsports2.png">PlayMedia(&quot;plugin://plugin.video.ZemTV-shani/?url=ZGlyZWN0MjpodHRwOi8vMTQ5LjIwMi4yMDcuODo4MDgwL2JvUEFyYWFpL3RlZXNuMi9pbmRleC5tM3U4fFVzZXItQWdlbnQ9QXBwbGVDb3JlTWVkaWEvMS4wLjAuMTNBNDUyIChpUGhvbmU7IFU7IENQVSBPUyA5XzBfMiBsaWtlIE1hYyBPUyBYOyBlbl9nYik%3D&amp;mode=11&amp;name=%5BCOLOR+FF11b500%5DTsn+sports+2%5B%2FCOLOR%5D&amp;sf_options=winID%3D10025%26_options_sf&quot;)</favourite>
</favourites>