<favourites>
	<favourite name="[COLOR blue][B]TSN[/COLOR][COLOR red] 2[/COLOR][/B][COLOR white] [720p][/COLOR] - Evolve - 25/08/2016" thumb="http://i.imgur.com/BuuhD16.png">PlayMedia(&quot;plugin://plugin.video.Evolve/?url=plugin%3A%2F%2Fplugin.video.f4mTester%2F%3Furl%3Dhttp%3A%2F%2Fipsatpro.com%3A8000%2Flive%2F10002%2F100021%2F1438.ts%26amp%3Bstreamtype%3DTSDOWNLOADER%26amp%3Bname%3DTSN+2+HD&amp;mode=2&amp;name=%5BCOLOR+blue%5D%5BB%5DTSN%5B%2FCOLOR%5D%5BCOLOR+red%5D+2%5B%2FCOLOR%5D%5B%2FB%5D%5BCOLOR+white%5D+%5B720p%5D%5B%2FCOLOR%5D&amp;description=&amp;fanart=http%3A%2F%2Fi.imgur.com%2FBuuhD16.png&amp;sf_options=fanart%3Dhttp%3A%2F%2Fi.imgur.com%2FBuuhD16.png%26meta%3Dlabel%253D%25255BCOLOR%252Bblue%25255D%25255BB%25255DTSN%25255B%25252FCOLOR%25255D%25255BCOLOR%252Bred%25255D%252B2%25255B%25252FCOLOR%25255D%25255B%25252FB%25255D%25255BCOLOR%252Bwhite%25255D%252B%25255B720p%25255D%25255B%25252FCOLOR%25255D%26winID%3D10025%26_options_sf&quot;)</favourite>
	<favourite name="TSN 2 - UKTV - 25/08/2016" thumb="https://app.uktvnow.net/images/channel_imgs/200116043314ts2.png|User-Agent=Dalvik/2.1.0 (Linux; U; Android 6.0.1; SM-G935F Build/MMB29K)">PlayMedia(&quot;plugin://plugin.video.uktvnow/?url=url&amp;mode=2&amp;name=TSN+2&amp;channelid=234&amp;iconimage=https%3A%2F%2Fapp.uktvnow.net%2Fimages%2Fchannel_imgs%2F200116043314ts2.png%7CUser-Agent%3DDalvik%2F2.1.0+%28Linux%3B+U%3B+Android+6.0.1%3B+SM-G935F+Build%2FMMB29K%29&amp;sf_options=fanart%3Dspecial%3A%2F%2Fhome%2Faddons%5Cplugin.video.uktvnow%5Cfanart.jpg%26meta%3Dplot%253D234%2526label%253DTSN%252B2%2526title%253DTSN%252B2%26winID%3D10025%26desc%3D234%26_options_sf&quot;)</favourite>
	<favourite name="TSN 2 - Vidtime - 12/08/2016" thumb=" ">PlayMedia(&quot;plugin://plugin.video.f4mTester/?url=http://globiptv.com:8000/live/CLIENTX484/3222065487/2704.ts&amp;streamtype=TSDOWNLOADER&amp;name=TSN 2&amp;sf_options=fanart%3Dhttp%3A%2F%2Fs20.postimg.org%2Fdoltr1fu5%2FVTTVBackground.png%26meta%3Dlabel%253D%25255BCOLOR%252Blimegreen%25255DTSN%252B2%25255B%25252FCOLOR%25255D%26winID%3D10025%26_options_sf&quot;)</favourite>
	<favourite name="TSN 2 - DC Sports - 25/08/2016" thumb="http://www.thelogodb.com/images/media/logo/sutruq1433379787.png">PlayMedia(&quot;plugin://plugin.video.DCSports/?url=plugin%3A%2F%2Fplugin.video.f4mTester%2F%3Furl%3Dhttp%3A%2F%2Fcp.dmbshare.net%3A8000%2Flive%2Fmichele%2Fmichele%2F6972.ts%26streamtype%3DTSDOWNLOADER%3Bname%3DTSN2+%23DCSPORTSADDON%7CUser-Agent%3DMozilla%2F5.0+%28iPad%3B+CPU+OS+6_0+like+Mac+OS+X%29+AppleWebKit%2F536.26+%28KHTML%2C+like+Gecko%29+Version%2F6.0+Mobile%2F10A5376e+Safari%2F8536.25%26swf%3B%3DNone%26auth%3B%26simpledownloader%3B%3Dfals%24use_proxy_for_chunks%3Dtrue%26streamtype%3B%3DTSDOWNLOADER%26maxbitrate%3B%3D0%26proxy%3B%3DNone%26url%3B&amp;mode=12&amp;sf_options=fanart%3Dhttps%3A%2F%2Fgoo.gl%2Fzc31dv%26meta%3Dlabel%253DTSN%252B2%2526title%253DTSN%252B2%26winID%3D10025%26_options_sf&quot;)</favourite>
</favourites>