<favourites>
	<favourite name="RTE2 oblivion 18/11/2016" thumb="http://oblivionbuilds.com/Oblivionlogo.png">PlayMedia(&quot;plugin://plugin.video.OblivionStreams/?url=plugin%3A%2F%2Fplugin.video.f4mTester%2F%3Fstreamtype%3DTSDOWNLOADER%26amp%3Burl%3Dhttp%3A%2F%2Flive.softiptv.com%3A9900%2Flive%2F3month%2F3month%2F10136.ts%3Bname%3DOblivion+TV&amp;mode=12&amp;sf_options=winID%3D10025%26_options_sf&quot;)</favourite>
	<favourite name="RTE2 mic 18/11/2016" thumb="https://upload.wikimedia.org/wikipedia/en/2/2b/UKTV_logo.png">PlayMedia(&quot;plugin://plugin.video.mic/?url=plugin%3A%2F%2Fplugin.video.f4mTester%2F%3Fstreamtype%3DTSDOWNLOADER%3Bname%3DRTE+Two%26url%3Dhttp%3A%2F%2F37.187.139.155%3A8000%2Flive%2Flightwrath%40live.com%2FWatchNow%21%2F559.ts&amp;mode=12&amp;sf_options=fanart%3Dhttp%3A%2F%2Fwallpapercave.com%2Fwp%2FPaxa7aH.jpg%26winID%3D10025%26_options_sf&quot;)</favourite>
	<favourite name="RTE2 sanctuary 21/11/2016" thumb="http://files.broadsheet.ie/wp-content/uploads/2012/01/rte2trainBIG.jpg">PlayMedia(&quot;plugin://plugin.video.sanctuary/?url=plugin%3A%2F%2Fplugin.video.f4mTester%2F%3Fstreamtype%3DTSDOWNLOADER%26url%3Dhttp%3A%2F%2F151.80.29.203%3A9900%2Flive%2F3month%2F3month%2F10136.ts%26streamtype%3D.TSDOWNLOADER%3Bname%3DRTE+Two&amp;mode=1112&amp;sf_options=fanart%3Dspecial%3A%2F%2Fhome%2Faddons%2Fplugin.video.sanctuary%2Ffanart.jpg%26winID%3D10025%26_options_sf&quot;)</favourite>
	<favourite name="RTE2 sanctuary 25/11/2016" thumb="http://files.broadsheet.ie/wp-content/uploads/2012/01/rte2trainBIG.jpg">PlayMedia(&quot;plugin://plugin.video.sanctuary/?url=plugin%3A%2F%2Fplugin.video.f4mTester%2F%3Fstreamtype%3DTSDOWNLOADER%26url%3Dhttp%3A%2F%2Fcableking-iptv.com%3A8000%2Flive%2Fsaif%2Fsaif%2F992.ts%26streamtype%3D.TSDOWNLOADER%3Bname%3DRTE+Two&amp;mode=1112&amp;sf_options=fanart%3Dspecial%3A%2F%2Fhome%2Faddons%2Fplugin.video.sanctuary%2Ffanart.jpg%26winID%3D10025%26_options_sf&quot;)</favourite>
	<favourite name="RTE2 bamf 30/11/2016" thumb="https://www.dropbox.com/s/velmnh6ocrxhj0l/icon.png?dl=1">PlayMedia(&quot;plugin://plugin.video.sanctuary/?url=plugin%3A%2F%2Fplugin.video.f4mTester%2F%3Fstreamtype%3DTSDOWNLOADER%26amp%3Burl%3Dhttp%3A%2F%2Fipsatpro.com%3A8000%2Flive%2Fmik%2Fmik%2F478.ts%3Bname%3DBAMF+TV&amp;mode=1112&amp;sf_options=winID%3D10025%26_options_sf&quot;)</favourite>
	<favourite name="[COLORgreen][B]•[/COLOR][/B]RTE2 HD oblivion 30/11/2016" thumb="http://oblivionbuilds.com/Oblivionlogo.png">PlayMedia(&quot;plugin://plugin.video.sanctuary/?url=plugin%3A%2F%2Fplugin.video.f4mTester%2F%3Fstreamtype%3DTSDOWNLOADER%26amp%3Burl%3Dhttp%3A%2F%2Flive.softiptv.com%3A9900%2Flive%2F3month%2F3month%2F20583.ts%3Bname%3DOblivion+TV&amp;mode=1112&amp;sf_options=winID%3D10025%26_options_sf&quot;)</favourite>
	<favourite name="[COLORgreen][B]•[/COLOR][/B]RTE2 Oblivion S1" thumb="http://oblivionbuilds.com/Oblivionlogo.png">PlayMedia(&quot;plugin://plugin.video.sanctuary/?url=plugin%3A%2F%2Fplugin.video.f4mTester%2F%3Fstreamtype%3DTSDOWNLOADER%26amp%3Burl%3Dhttp%3A%2F%2F164.132.182.253%3A22921%2Flive%2FMiguel%2Fskype%2F340.ts%26amp%3Bname%3DOblivion+TV&amp;mode=1112&amp;sf_options=winID%3D10025%26_options_sf&quot;)</favourite>
	<favourite name="[COLORgreen][B]•[/COLOR][/B]RTE1 HD oblivion s1 01/12/2016" thumb="http://oblivionbuilds.com/Oblivionlogo.png">PlayMedia(&quot;plugin://plugin.video.sanctuary/?url=plugin%3A%2F%2Fplugin.video.f4mTester%2F%3Fstreamtype%3DTSDOWNLOADER%26amp%3Burl%3Dhttp%3A%2F%2F164.132.182.253%3A22921%2Flive%2FMiguel%2Fskype%2F339.ts%26amp%3Bname%3DOblivion+TV&amp;mode=1112&amp;sf_options=winID%3D10025%26_options_sf&quot;)</favourite>
	<favourite name="RTE2 sanctuary 03/12/2016" thumb="DefaultVideo.png">PlayMedia(&quot;plugin://plugin.video.sanctuary/?url=plugin%3A%2F%2Fplugin.video.SportsDevil%2F%3Fmode%3D1%26amp%3Bitem%3Dcatcher%253dstreams%2526url%3Dhttp%3A%2F%2Fwww.shadow-net.org%2Fchannels%2FRTE-Two.html%2526referer%3Dhttp%3A%2F%2Fwww.filmon.com%2F&amp;mode=1112&amp;sf_options=fanart%3Dspecial%3A%2F%2Fhome%2Faddons%2Fplugin.video.sanctuary%2Ffanart.jpg%26winID%3D10025%26_options_sf&quot;)</favourite>
	<favourite name="RTE2 zem S4" thumb="DefaultFolder.png">PlayMedia(&quot;plugin://plugin.video.ZemTV-shani/?url=aXBib3g6aHR0cDovL0lQVFZGUkVFMS5DT006Njk2OS9saXZlLz09Pl93d3cuaXB0dnJlc3RyZWFtLm5ldF88PT0vPT0%2BX3d3dy5pcHR2cmVzdHJlYW0ubmV0Xzw9PS8xNDI1LnRzfFVzZXItQWdlbnQ9aXB0dnJlc3RyZWFtLm5ldDE%3D&amp;mode=11&amp;name=%5BCOLOR+FF11b500%5DUk%3A+rte+two%0D+ipbox%5B%2FCOLOR%5D&amp;sf_options=winID%3D10025%26_options_sf&quot;)</favourite>
</favourites>