{
 "name"         : "Direct [COLOR FF0084FF]-[/COLOR] 1080 Movies ([COLOR FF0084FF]A[/COLOR])",
 "repository"   : "repository.dandymedia",
 "plugin"       : "plugin.video.1080pmovies_gw",
 "priority"     : 200,
 "id"           : "direct.1080movies.a",
 "filters"      : {},
 "postprocess"  : "",
 "movies"       : [
  [
   {
    "link"      : "plugin://plugin.video.1080pmovies_gw/?url=http%3A%2F%2F1080pmovies.org%2F%3Fp%3D3104&amp;mode=100&amp;name=%5BB%5D%5BCOLOR+white%5D{name_+}%5B%2FCOLOR%5D%5B%2FB%5D&amp;iconimage=&amp;description=",
    "steps"     : [],
    "action"    : "Activate"
   }
  ]
 ],
 "tvshows"      : [],
 "musicvideos"  : [],
 "music"        : [],
 "live"         : []
}