{
 "name"         : "Direct [COLOR red]Oblivion Streams[/COLOR] [COLOR FF0084FF]-[/COLOR]  ([COLOR FF0084FF]A[/COLOR])",
 "repository"   : "",
 "plugin"       : "plugin.video.OblivionStreams",
 "priority"     : 800,
 "id"           : "direct.oblivionstreams.a",
 "filters"      : {},
 "postprocess"  : "",
 "movies"       : [],
 "tvshows"      : [],
 "music"        : [],
 "musicvideos"  : [],
 "live"         : [
  [
   {
    "link"      : "plugin://plugin.video.OblivionStreams/",
    "steps"     : [
     "{name}"
     ],
    "action"    : "PLAY"
   },
   {
    "link"      : "plugin://plugin.video.OblivionStreams/",
    "steps"     : [
     ".*{name}.*"
     ],
    "action"    : "PLAY"
   },
   {
    "link"      : "plugin://plugin.video.OblivionStreams/",
    "steps"     : [
     ".*{basename}.*({extension}|{extension|text_to_number()}).*"
     ],
    "action"    : "PLAY"
   },
   {
    "link"      : "plugin://plugin.video.OblivionStreams/",
    "steps"     : [
     "({basename}|{basename|ws(-)}).({extension}|{extension|number_to_text()}|{extension|text_to_number()})"
     ],
    "action"    : "PLAY"
   },
   {
    "link"      : "plugin://plugin.video.OblivionStreams/",
    "steps"     : [
     ".*({basename}|{basename|ws(-)}).({extension}|{extension|number_to_text()}|{extension|text_to_number()}).*"
     ],
    "action"    : "PLAY"
   }
  ]
 ]
}