{
 "name"         : "Direct [COLOR FF0084FF]-[/COLOR] Elysium ([COLOR FF0084FF]A[/COLOR])",
 "repository"   : "",
 "plugin"       : "plugin.video.elysium",
 "priority"     : 200,
 "id"           : "direct.elysium.a",
 "filters"      : {},
 "postprocess"  : "",
 "movies"       : [
  [
   {
    "link"      : "plugin://plugin.video.elysium/?action=play&amp;title={title}&amp;year={year}&amp;imdb={imdb}&amp;meta=%7B%22rating%22%3A+%22%22%2C+%22code%22%3A+%22{imdb}%22%2C+%22tmdb%22%3A+%22{id}%22%2C+%22imdb%22%3A+%22{imdb}%22%2C+%22year%22%3A+%22{year}%22%2C+%22duration%22%3A+%22%22%2C+%22plot%22%3A+%22%22%2C+%22votes%22%3A+%22%2C%22%2C+%22title%22%3A+%22{title}%22%2C+%22fanart%22%3A+%22%22%2C+%22tagline%22%3A+%22%22%2C+%22writer%22%3A+%22%22%2C+%22next%22%3A+%22%22%2C+%22poster%22%3A+%22%22%2C+%22mediatype%22%3A+%22movie%22%2C+%22director%22%3A+%22%22%2C+%22studio%22%3A+%22%22%2C+%22genre%22%3A+%22%22%2C+%22metacache%22%3A+false%2C+%22premiered%22%3A+%22%22%2C+%22originaltitle%22%3A+%22{title}%22%2C+%22cast%22%3A+%5B%5B%22%22%5D%5D%2C+%22mpaa%22%3A+%22%22%2C+%22trailer%22%3A+%22plugin%3A%2F%2Fplugin.video.zen%2F%3Faction%3Dtrailer%26name%3D{title}%22%7D&amp;t={year}{year}{year}{year}{year}",
    "steps"     : [],
    "action"    : "ACTIVATE"
   }
  ]
 ],
 "tvshows"      : [
  [
   {
    "link"      :"plugin://plugin.video.elysium/?action=play&amp;title={title}&amp;year={year}&amp;imdb={imdb}&amp;tvdb={tvdb}&amp;season={season}&amp;episode={episode}&amp;tvshowtitle={clearname}&amp;premiered={firstaired}&amp;meta=%7B%22rating%22%3A+%22%22%2C+%22code%22%3A+%22{imdb}%22%2C+%22imdb%22%3A+%22{imdb}%22%2C+%22year%22%3A+%22{year}%22%2C+%22duration%22%3A+%22%22%2C+%22plot%22%3A+%22%22%2C+%22votes%22%3A+%22%22%2C+%22thumb%22%3A+%22%22%2C+%22title%22%3A+%22{title}%22%2C+%22tvdb%22%3A+%22{id}%22%2C+%22mpaa%22%3A+%22%22%2C+%22writer%22%3A+%22%22%2C+%22label%22%3A+%22{title}%22%2C+%22poster%22%3A+%22%22%2C+%22status%22%3A+%22%22%2C+%22season%22%3A+%22{season}%22%2C+%22tvshowtitle%22%3A+%22{name}%22%2C+%22mediatype%22%3A+%22episode%22%2C+%22director%22%3A+%22%22%2C+%22studio%22%3A+%22%22%2C+%22genre%22%3A+%22%22%2C+%22banner%22%3A+%22%22%2C+%22fanart%22%3A+%22%22%2C+%22original_year%22%3A+%22{firstaired}%22%2C+%22episode%22%3A+%22{episode}%22%2C+%22premiered%22%3A+%22{firstaired}%22%2C+%22cast%22%3A+%5B%5B%22%22%2C+%22%22%5D%2C+%5B%22%22%2C+%22%22%5D%5D%2C+%22trailer%22%3A+%22plugin%3A%2F%2Fplugin.video.zen%2F%3Faction%3Dtrailer%26name%3D{name}%22%7D&amp;t={year}{year}{year}{year}{year}",
    "steps"     : [
			],
    "action"    : "ACTIVATE"
   }
  ]
 ],
 "musicvideos"  : [],
 "music"        : [],
 "live"         : []
}