{
 "name"         : "Direct [COLOR red]Oblivion Streams New[/COLOR] [COLOR FF0084FF]-[/COLOR]  ([COLOR FF0084FF]A[/COLOR]) - 14-03-2017",
 "repository"   : "",
 "plugin"       : "plugin.video.OblivionStreams",
 "priority"     : 800,
 "id"           : "direct.oblivionstreams.a",
 "filters"      : {},
 "postprocess"  : "",
 "movies"       : [],
 "tvshows"      : [],
 "music"        : [],
 "musicvideos"  : [],
 "live"         : [
  [
   {
    "link"      : "plugin://plugin.video.OblivionStreams/",
    "steps"     : [
	".*on.line.*",
 	"{basename}.({extension}|{extension|number_to_text()}|{extension|text_to_number()})"
     ],
    "action"    : "ACTIVATE"
   },
   {
    "link"      : "plugin://plugin.video.OblivionStreams/",
    "steps"     : [
	".*on.line.*",
	".*{basename}.({extension}|{extension|number_to_text()}|{extension|text_to_number()}).*"
     ],
    "action"    : "ACTIVATE"
   },
   {
    "link"      : "plugin://plugin.video.OblivionStreams/",
    "steps"     : [
	".*on.line.*",
	 "{name}"
     ],
    "action"    : "ACTIVATE"
   },
   {
    "link"      : "plugin://plugin.video.OblivionStreams/",
    "steps"     : [
	".*on.line.*",
	 ".*{name}.*"
     ],
    "action"    : "ACTIVATE"
   }
  ]
 ]
}