{
 "name"         : "Explore - Addons.ini Creator (A) - 14-03-2017",
 "repository"   : "repository.primaeval",
 "plugin"       : "plugin.video.addons.ini.creator",
 "priority"     : 200,
 "id"           : "Explore.videoaddonsini.a",
 "filters"      : {},
 "postprocess"  : "",
 "movies"       : [],
 "tvshows"      : [],
 "musicvideos"  : [],
 "music"        : [],
 "live"         : [
 [
   {
    "link"      : "special://home/userdata/addon_data/script.renegadestv/testaddons",
    "steps"     : [
	
	".*{name|ws()}.*"
	],
    "action"    : "ACTIVATE"
   },
   {
    "link"      : "special://home/userdata/addon_data/script.renegadestv/testaddons",
    "steps"     : [
	
	".*{name}.*"
	],
    "action"    : "ACTIVATE"
   },
   {
    "link"      : "special://home/userdata/addon_data/script.renegadestv/testaddons",
    "steps"     : [
	
	".*{name|ws(_)}.*"
	],
    "action"    : "ACTIVATE"
   }
  ]
  ]
}