{
 "name"         : "Play [COLOR FF0084FF]-[/COLOR] NJMSoccer Extra Time([COLOR FF0084FF]A[/COLOR]) - 14-03-2017",
 "repository"   : "repository.aresproject",
 "plugin"       : "plugin.video.NJMSoccer",
 "priority"     : 800,
 "id"           : "play.NJMExtraTime.a",
 "filters"      : {},
 "postprocess"  : "",
 "movies"       : [],
 "tvshows"      : [],
 "musicvideos"  : [],
 "music"        : [],
 "live"         : [
  [
   {
    "link"      : "plugin://plugin.video.NJMSoccer/?fanart&amp;mode=1&amp;name=%5bB%5d---%3d%3d%3d%5bCOLOR%20red%5dEXTRA%5b%2fCOLOR%5d%5bCOLOR%20blue%5d%20TIME%5b%2fCOLOR%5d%3d%3d%3d---%5b%2fB%5d&amp;url=http%3a%2f%2fnjmsoccer.ares-project.com%2fSiv7for21_NJMSoccer.xml&quot;,return",
    "steps"     : [
   	".*({basename}|{basename|ws(-)}).({extension}|{extension|number_to_text()}|{extension|text_to_number()}).*"
     ],
    "action"    : "Play"
   },
   {
    "link"      : "plugin://plugin.video.NJMSoccer/?fanart&amp;mode=1&amp;name=%5bB%5d---%3d%3d%3d%5bCOLOR%20red%5dEXTRA%5b%2fCOLOR%5d%5bCOLOR%20blue%5d%20TIME%5b%2fCOLOR%5d%3d%3d%3d---%5b%2fB%5d&amp;url=http%3a%2f%2fnjmsoccer.ares-project.com%2fSiv7for21_NJMSoccer.xml&quot;,return",
    "steps"     : [
     "{name}"
    ],
    "action"    : "Play"
   },
   {
    "link"      : "plugin://plugin.video.NJMSoccer/?fanart&amp;mode=1&amp;name=%5bB%5d---%3d%3d%3d%5bCOLOR%20red%5dEXTRA%5b%2fCOLOR%5d%5bCOLOR%20blue%5d%20TIME%5b%2fCOLOR%5d%3d%3d%3d---%5b%2fB%5d&amp;url=http%3a%2f%2fnjmsoccer.ares-project.com%2fSiv7for21_NJMSoccer.xml&quot;,return",
    "steps"     : [
     ".*{name}.*"
    ],
    "action"    : "Play"
   },
   {
    "link"      : "plugin://plugin.video.NJMSoccer/?fanart&amp;mode=1&amp;name=%5bB%5d---%3d%3d%3d%5bCOLOR%20red%5dEXTRA%5b%2fCOLOR%5d%5bCOLOR%20blue%5d%20TIME%5b%2fCOLOR%5d%3d%3d%3d---%5b%2fB%5d&amp;url=http%3a%2f%2fnjmsoccer.ares-project.com%2fSiv7for21_NJMSoccer.xml&quot;,return",
    "steps"     : [
     "{basename}.({extension}|{extension|number_to_text()}|{extension|text_to_number()})"
    ],
    "action"    : "Play"
   }
  ]
 ]
}