{
 "name"         : "Navigate [COLOR FF0084FF]-[/COLOR] ProjectM ([COLOR FF0084FF]A[/COLOR])",
 "repository"   : "repository.merlin-1.0.1",
 "plugin"       : "plugin.video.projectm",
 "priority"     : 800,
 "id"           : "navigate.projectm.a",
 "filters"      : {},
 "postprocess"  : "",
 "movies"       : [],
 "tvshows"      : [],
 "musicvideos"  : [],
 "music"        : [],
 "live"         : [
  [
   {
    "link"      : "plugin://plugin.video.projectm/",
    "steps"     : [
     ".*sporting.*",
	 "@any",
     "{name}"
    ],
    "action"    : "ACTIVATE"
   },
   {
    "link"      : "plugin://plugin.video.projectm/",
    "steps"     : [
     ".*sporting.*",
	 "@any",
     ".*{name}.*"
    ],
    "action"    : "ACTIVATE"
   },
   {
    "link"      : "plugin://plugin.video.projectm/",
    "steps"     : [
     ".*sporting.*",
	 "@any",
     "{basename}.({extension}|{extension|number_to_text()}|{extension|text_to_number()})"
    ],
    "action"    : "ACTIVATE"
   },
   {
    "link"      : "plugin://plugin.video.projectm/",
    "steps"     : [
     ".*sporting.*",
	 "@any",
     ".*{basename}.({extension}|{extension|number_to_text()}|{extension|text_to_number()}).*"
    ],
    "action"    : "ACTIVATE"
   }
  ]
 ]
}