{
 "name"         : "Navigate [COLOR FF0084FF]-[/COLOR] Made in Canada Sports Central ([COLOR FF0084FF]A[/COLOR]) - 14-03-2017",
 "repository"   : "",
 "plugin"       : "plugin.video.mic",
 "priority"     : 800,
 "id"           : "navigate.micsportscentral.a",
 "filters"      : {},
 "postprocess"  : "",
 "movies"       : [],
 "tvshows"      : [],
 "musicvideos"  : [],
 "music"        : [],
 "live"         : [
  [
   {
    "link"      : "plugin://plugin.video.mic/?fanart=http%3a%2f%2fgamerlimit.com%2fwp-content%2fuploads%2f2016%2f04%2foriginal.jpg&amp;mode=1&amp;name=MiC%20-%20Sports%20Central&amp;url=http%3a%2f%2fpastebin.com%2fraw%2fiuaz8WGJ%24%24LSProEncKey%3d5QW1uC86kzh03BaT%24%24&quot;,return",
    "steps"     : [
     ".*sport.*",
     "{name}"
     ],
    "action"    : "ACTIVATE"
   },
   {
    "link"      : "plugin://plugin.video.mic/?fanart=http%3a%2f%2fgamerlimit.com%2fwp-content%2fuploads%2f2016%2f04%2foriginal.jpg&amp;mode=1&amp;name=MiC%20-%20Sports%20Central&amp;url=http%3a%2f%2fpastebin.com%2fraw%2fiuaz8WGJ%24%24LSProEncKey%3d5QW1uC86kzh03BaT%24%24&quot;,return",
    "steps"     : [
     ".*sport.*",
     ".*{name}.*"
     ],
    "action"    : "ACTIVATE"
   },
   {
    "link"      : "plugin://plugin.video.mic/?fanart=http%3a%2f%2fgamerlimit.com%2fwp-content%2fuploads%2f2016%2f04%2foriginal.jpg&amp;mode=1&amp;name=MiC%20-%20Sports%20Central&amp;url=http%3a%2f%2fpastebin.com%2fraw%2fiuaz8WGJ%24%24LSProEncKey%3d5QW1uC86kzh03BaT%24%24&quot;,return",
    "steps"     : [
     ".*sport.*",
     ".*{basename}.*({extension}|{extension|text_to_number()}).*"
     ],
    "action"    : "ACTIVATE"
   },
   {
    "link"      : "plugin://plugin.video.mic/?fanart=http%3a%2f%2fgamerlimit.com%2fwp-content%2fuploads%2f2016%2f04%2foriginal.jpg&amp;mode=1&amp;name=MiC%20-%20Sports%20Central&amp;url=http%3a%2f%2fpastebin.com%2fraw%2fiuaz8WGJ%24%24LSProEncKey%3d5QW1uC86kzh03BaT%24%24&quot;,return",
    "steps"     : [
     ".*sport.*",
     "({basename}|{basename|ws(-)}).({extension}|{extension|number_to_text()}|{extension|text_to_number()})"
     ],
    "action"    : "ACTIVATE"
   },
   {
    "link"      : "plugin://plugin.video.mic/?fanart=http%3a%2f%2fgamerlimit.com%2fwp-content%2fuploads%2f2016%2f04%2foriginal.jpg&amp;mode=1&amp;name=MiC%20-%20Sports%20Central&amp;url=http%3a%2f%2fpastebin.com%2fraw%2fiuaz8WGJ%24%24LSProEncKey%3d5QW1uC86kzh03BaT%24%24&quot;,return",
    "steps"     : [
     ".sport*",
     ".*({basename}|{basename|ws(-)}).({extension}|{extension|number_to_text()}|{extension|text_to_number()}).*"
     ],
    "action"    : "ACTIVATE"
   }
  ]
 ]
}