{
 "name"         : "Navigate [COLOR red]Sports Fixtures Today [/COLOR] [COLOR FF0084FF]-[/COLOR]  ([COLOR FF0084FF]A[/COLOR])",
 "repository"   : "",
 "plugin"       : "plugin.program.fixtures",
 "priority"     : 900,
 "id"           : "navigate.sportsfixtures.a",
 "filters"      : {},
 "postprocess"  : "",
 "movies"       : [],
 "tvshows"      : [],
 "live"         : [
  [
   {
    "link"      : "plugin://plugin.program.fixtures/sports_index/today",
    "steps"     : [
	".*any.*",
	"{name}"
     ],
    "action"    : "ACTIVATE"
   },
   {
    "link"      : "plugin://plugin.program.fixtures/sports_index/today",
    "steps"     : [
	".*any.*",
	".*{name}.*"
     ],
    "action"    : "ACTIVATE"
   }
  ]
 ]
}