{
 "name"         : "Navigate [COLOR red]Zem Net TV - All Categories[/COLOR] [COLOR FF0084FF]-[/COLOR]  ([COLOR FF0084FF]A[/COLOR]) - 14-03-2107",
 "repository"   : "repository.shani",
 "plugin"       : "plugin.video.ZemTV-shani",
 "priority"     : 900,
 "id"           : "navigate.ZemTV-NetTV-All.a",
 "filters"      : {},
 "postprocess"  : "",
 "movies"       : [],
 "tvshows"      : [],
 "live"         : [
  [
   {
    "link"      : "plugin://plugin.video.ZemTV-shani/?mode=66&amp;name=%5bCOLOR%20red%5d%3e%3eclick%20here%20for%20all%20categories%3c%3c%5b%2fCOLOR%5d&amp;url=networktv&quot;,return",
    "steps"     : [
	"@any",
     ".*{basename} ({extension}|{extension|text_to_number()}).*"
     ],
    "action"    : "ACTIVATE"
   },
   {
    "link"      : "plugin://plugin.video.ZemTV-shani/?mode=66&amp;name=%5bCOLOR%20red%5d%3e%3eclick%20here%20for%20all%20categories%3c%3c%5b%2fCOLOR%5d&amp;url=networktv&quot;,return",
    "steps"     : [
	"@any",
    ".*{basename|replace(*, star)}"
     ],
    "action"    : "ACTIVATE"
   },
   {
    "link"      : "plugin://plugin.video.ZemTV-shani/?mode=66&amp;name=%5bCOLOR%20red%5d%3e%3eclick%20here%20for%20all%20categories%3c%3c%5b%2fCOLOR%5d&amp;url=networktv&quot;,return",
    "steps"     : [
	"@any",
	 ".*{name}.*"
	     ],
    "action"    : "ACTIVATE"
   },
   {
    "link"      : "plugin://plugin.video.ZemTV-shani/?mode=66&amp;name=%5bCOLOR%20red%5d%3e%3eclick%20here%20for%20all%20categories%3c%3c%5b%2fCOLOR%5d&amp;url=networktv&quot;,return",
    "steps"     : [
	"@any",
	 "{name}"
	     ],
    "action"    : "ACTIVATE"
   }
  ]
 ]
}