{
 "name"         : "Navigate [COLOR red]BAMFTV USATV [/COLOR] [COLOR FF0084FF]-[/COLOR]  ([COLOR FF0084FF]A[/COLOR]) - 14-0302017",
 "repository"   : "",
 "plugin"       : "plugin.video.BAMFTV",
 "priority"     : 900,
 "id"           : "navigate.bamftv-usatv.a",
 "filters"      : {},
 "postprocess"  : "",
 "movies"       : [],
 "tvshows"      : [],
 "live"         : [
  [
   {
    "link"      : "plugin://plugin.video.BAMFTV/?fanart&amp;mode=1&amp;name=%5bCOLORgreen%5d%5bB%5dUSA%20TV%5b%2fB%5d%5b%2fCOLOR%5d&amp;url=http%3a%2f%2fgenietvcunts.co.uk%2fbamffff%2fusa.m3u&quot;,return",
    "steps"     : [
	".*{basename} ({extension}|{extension|text_to_number()}).*"
     ],
    "action"    : "ACTIVATE"
   },
   {
    "link"      : "plugin://plugin.video.BAMFTV/?fanart&amp;mode=1&amp;name=%5bCOLORgreen%5d%5bB%5dUSA%20TV%5b%2fB%5d%5b%2fCOLOR%5d&amp;url=http%3a%2f%2fgenietvcunts.co.uk%2fbamffff%2fusa.m3u&quot;,return",
    "steps"     : [
	".*{basename|replace(*, star)}"
     ],
    "action"    : "ACTIVATE"
   },
   {
    "link"      : "plugin://plugin.video.BAMFTV/?fanart&amp;mode=1&amp;name=%5bCOLORgreen%5d%5bB%5dUSA%20TV%5b%2fB%5d%5b%2fCOLOR%5d&amp;url=http%3a%2f%2fgenietvcunts.co.uk%2fbamffff%2fusa.m3u&quot;,return",
    "steps"     : [
	".*{name}.*"
	     ],
    "action"    : "ACTIVATE"
   },
   {
    "link"      : "plugin://plugin.video.BAMFTV/?fanart&amp;mode=1&amp;name=%5bCOLORgreen%5d%5bB%5dUSA%20TV%5b%2fB%5d%5b%2fCOLOR%5d&amp;url=http%3a%2f%2fgenietvcunts.co.uk%2fbamffff%2fusa.m3u&quot;,return",
    "steps"     : [
	"{name_-}"
	     ],
    "action"    : "ACTIVATE"
   },
   {
    "link"      : "plugin://plugin.video.BAMFTV/?fanart&amp;mode=1&amp;name=%5bCOLORgreen%5d%5bB%5dUSA%20TV%5b%2fB%5d%5b%2fCOLOR%5d&amp;url=http%3a%2f%2fgenietvcunts.co.uk%2fbamffff%2fusa.m3u&quot;,return",
    "steps"     : [
	".*{name-_}.*"
	     ],
    "action"    : "ACTIVATE"
   },
   {
    "link"      : "plugin://plugin.video.BAMFTV/?fanart&amp;mode=1&amp;name=%5bCOLORgreen%5d%5bB%5dUSA%20TV%5b%2fB%5d%5b%2fCOLOR%5d&amp;url=http%3a%2f%2fgenietvcunts.co.uk%2fbamffff%2fusa.m3u&quot;,return",
    "steps"     : [
	"{name}"
	     ],
    "action"    : "ACTIVATE"
   }
  ]
 ]
}