{
 "name"         : "Navigate [COLOR FF0084FF]-[/COLOR] Made in Canada Mobdro Sports ([COLOR FF0084FF]A[/COLOR]) - 14-03-2017",
 "repository"   : "",
 "plugin"       : "plugin.video.mic",
 "priority"     : 800,
 "id"           : "navigate.micmobdrosports.a",
 "filters"      : {},
 "postprocess"  : "",
 "movies"       : [],
 "tvshows"      : [],
 "musicvideos"  : [],
 "music"        : [],
 "live"         : [
  [
   {
    "link"      : "plugin://plugin.video.mic/?mode=53&amp;name=Sports&amp;url=plugin%3a%2f%2fplugin.video.SportsDevil%2f%3fmode%3d1%26item%3dtitle%253DSports%2526url%253Dhttp%25253A%25252F%25252Fwww.tvone1.tv%2526cfg%253Dtvone1.tv.cfg%252540Streams%252540Sports%2526definedIn%253Dtvone1.tv.cfg%2526director%253Dtvone1.tv%2526genre%253DLive%252BTV%2526type%253Drss&quot;,return)",
    "steps"     : [
      "{name}"
     ],
    "action"    : "ACTIVATE"
   },
   {
    "link"      : "plugin://plugin.video.mic/?mode=53&amp;name=Sports&amp;url=plugin%3a%2f%2fplugin.video.SportsDevil%2f%3fmode%3d1%26item%3dtitle%253DSports%2526url%253Dhttp%25253A%25252F%25252Fwww.tvone1.tv%2526cfg%253Dtvone1.tv.cfg%252540Streams%252540Sports%2526definedIn%253Dtvone1.tv.cfg%2526director%253Dtvone1.tv%2526genre%253DLive%252BTV%2526type%253Drss&quot;,return)",
    "steps"     : [
    ".*{name}.*"
     ],
    "action"    : "ACTIVATE"
   },
   {
    "link"      : "plugin://plugin.video.mic/?mode=53&amp;name=Sports&amp;url=plugin%3a%2f%2fplugin.video.SportsDevil%2f%3fmode%3d1%26item%3dtitle%253DSports%2526url%253Dhttp%25253A%25252F%25252Fwww.tvone1.tv%2526cfg%253Dtvone1.tv.cfg%252540Streams%252540Sports%2526definedIn%253Dtvone1.tv.cfg%2526director%253Dtvone1.tv%2526genre%253DLive%252BTV%2526type%253Drss&quot;,return)",
    "steps"     : [
     ".*{basename}.*({extension}|{extension|text_to_number()}).*"
     ],
    "action"    : "ACTIVATE"
   },
   {
    "link"      : "plugin://plugin.video.mic/?mode=53&amp;name=Sports&amp;url=plugin%3a%2f%2fplugin.video.SportsDevil%2f%3fmode%3d1%26item%3dtitle%253DSports%2526url%253Dhttp%25253A%25252F%25252Fwww.tvone1.tv%2526cfg%253Dtvone1.tv.cfg%252540Streams%252540Sports%2526definedIn%253Dtvone1.tv.cfg%2526director%253Dtvone1.tv%2526genre%253DLive%252BTV%2526type%253Drss&quot;,return)",
    "steps"     : [
    "({basename}|{basename|ws(-)}).({extension}|{extension|number_to_text()}|{extension|text_to_number()})"
     ],
    "action"    : "ACTIVATE"
   },
   {
    "link"      : "plugin://plugin.video.mic/?mode=53&amp;name=Sports&amp;url=plugin%3a%2f%2fplugin.video.SportsDevil%2f%3fmode%3d1%26item%3dtitle%253DSports%2526url%253Dhttp%25253A%25252F%25252Fwww.tvone1.tv%2526cfg%253Dtvone1.tv.cfg%252540Streams%252540Sports%2526definedIn%253Dtvone1.tv.cfg%2526director%253Dtvone1.tv%2526genre%253DLive%252BTV%2526type%253Drss&quot;,return)",
    "steps"     : [
    ".*({basename}|{basename|ws(-)}).({extension}|{extension|number_to_text()}|{extension|text_to_number()}).*"
     ],
    "action"    : "ACTIVATE"
   }
  ]
 ]
}