{
 "name"         : "Navigate [COLOR FF0084FF]-[/COLOR] ADRIAN SPORTS - 24/7 ([COLOR FF0084FF]A[/COLOR]) - 14-03-2017",
 "repository"   : "repository.adriansports",
 "plugin"       : "plugin.video.adriansports",
 "priority"     : 800,
 "id"           : "navigate.adriansports247.a",
 "filters"      : {},
 "postprocess"  : "",
 "movies"       : [],
 "tvshows"      : [],
 "musicvideos"  : [],
 "music"        : [],
 "live"         : [
  [
   {
    "link"      : "plugin://plugin.video.adriansports/",
    "steps"     : [
    ".*sports.*",
	"{name}"
    ],
    "action"    : "PLAY"
   },
   {
    "link"      : "plugin://plugin.video.adriansports/",
    "steps"     : [
     ".*sports.*",
	 ".*{name}.*"
    ],
    "action"    : "PLAY"
   },
   {
    "link"      : "plugin://plugin.video.adriansports/",
    "steps"     : [
	".*sports.*",
     "{basename}.({extension}|{extension|number_to_text()}|{extension|text_to_number()})"
    ],
    "action"    : "PLAY"
   },
   {
    "link"      : "plugin://plugin.video.adriansports/",
    "steps"     : [
	".*sports.*",
    ".*{basename}.({extension}|{extension|number_to_text()}|{extension|text_to_number()}).*"
    ],
    "action"    : "PLAY"
   },
   {
    "link"      : "plugin://plugin.video.adriansports/",
    "steps"     : [
	".*sports.*",
    "{name}"
    ],
    "action"    : "PLAY"
   }
  ]
 ]
}