{
 "name"         : "Navigate [COLOR FF0084FF]-[/COLOR] Made in Canada USAlist ([COLOR FF0084FF]A[/COLOR]) 14-03-2017",
 "repository"   : "",
 "plugin"       : "plugin.video.mic",
 "priority"     : 800,
 "id"           : "navigate.micusalist.a",
 "filters"      : {},
 "postprocess"  : "",
 "movies"       : [],
 "tvshows"      : [],
 "musicvideos"  : [],
 "music"        : [],
 "live"         : [
  [
   {
    "link"      : "plugin://plugin.video.mic/?fanart=http%3a%2f%2fwww.pngall.com%2fwp-content%2fuploads%2f2016%2f05%2fAmerica-Flag-PNG-Picture.png&amp;mode=1&amp;name=%5bCOLOR%20red%5dU%5b%2fCOLOR%5d%20%5bCOLOR%20white%5dS%5b%2fCOLOR%5d%20%5bCOLOR%20blue%5dA%5b%2fCOLOR%5d%20LIST&amp;url=http%3a%2f%2fpastebin.com%2fraw%2fR3ZQDpm5%24%24LSProEncKey%3do41Yvy2r7zDEc9q0%24%24",
    "steps"     : [
    "{name}"
     ],
    "action"    : "ACTIVATE"
   },
   {
    "link"      : "plugin://plugin.video.mic/?fanart=http%3a%2f%2fwww.pngall.com%2fwp-content%2fuploads%2f2016%2f05%2fAmerica-Flag-PNG-Picture.png&amp;mode=1&amp;name=%5bCOLOR%20red%5dU%5b%2fCOLOR%5d%20%5bCOLOR%20white%5dS%5b%2fCOLOR%5d%20%5bCOLOR%20blue%5dA%5b%2fCOLOR%5d%20LIST&amp;url=http%3a%2f%2fpastebin.com%2fraw%2fR3ZQDpm5%24%24LSProEncKey%3do41Yvy2r7zDEc9q0%24%24",
    "steps"     : [
    ".*{name}.*"
     ],
    "action"    : "ACTIVATE"
   },
   {
    "link"      : "plugin://plugin.video.mic/?fanart=http%3a%2f%2fwww.pngall.com%2fwp-content%2fuploads%2f2016%2f05%2fAmerica-Flag-PNG-Picture.png&amp;mode=1&amp;name=%5bCOLOR%20red%5dU%5b%2fCOLOR%5d%20%5bCOLOR%20white%5dS%5b%2fCOLOR%5d%20%5bCOLOR%20blue%5dA%5b%2fCOLOR%5d%20LIST&amp;url=http%3a%2f%2fpastebin.com%2fraw%2fR3ZQDpm5%24%24LSProEncKey%3do41Yvy2r7zDEc9q0%24%24",
    "steps"     : [
    ".*{basename}.*({extension}|{extension|text_to_number()}).*"
     ],
    "action"    : "ACTIVATE"
   },
   {
    "link"      : "plugin://plugin.video.mic/?fanart=http%3a%2f%2fwww.pngall.com%2fwp-content%2fuploads%2f2016%2f05%2fAmerica-Flag-PNG-Picture.png&amp;mode=1&amp;name=%5bCOLOR%20red%5dU%5b%2fCOLOR%5d%20%5bCOLOR%20white%5dS%5b%2fCOLOR%5d%20%5bCOLOR%20blue%5dA%5b%2fCOLOR%5d%20LIST&amp;url=http%3a%2f%2fpastebin.com%2fraw%2fR3ZQDpm5%24%24LSProEncKey%3do41Yvy2r7zDEc9q0%24%24",
    "steps"     : [
    "({basename}|{basename|ws(-)}).({extension}|{extension|number_to_text()}|{extension|text_to_number()})"
     ],
    "action"    : "ACTIVATE"
   },
   {
    "link"      : "plugin://plugin.video.mic/?fanart=http%3a%2f%2fwww.pngall.com%2fwp-content%2fuploads%2f2016%2f05%2fAmerica-Flag-PNG-Picture.png&amp;mode=1&amp;name=%5bCOLOR%20red%5dU%5b%2fCOLOR%5d%20%5bCOLOR%20white%5dS%5b%2fCOLOR%5d%20%5bCOLOR%20blue%5dA%5b%2fCOLOR%5d%20LIST&amp;url=http%3a%2f%2fpastebin.com%2fraw%2fR3ZQDpm5%24%24LSProEncKey%3do41Yvy2r7zDEc9q0%24%24",
    "steps"     : [
    ".*({basename}|{basename|ws(-)}).({extension}|{extension|number_to_text()}|{extension|text_to_number()}).*"
     ],
    "action"    : "ACTIVATE"
   }
  ]
 ]
}