{
 "name"         : "Navigate [COLOR red]Sanctuary Streams Lily Sports - Todays Matches[/COLOR] [COLOR FF0084FF]-[/COLOR]  ([COLOR FF0084FF]A[/COLOR]) - 14-03-2017",
 "repository"   : "",
 "plugin"       : "plugin.video.sanctuary",
 "priority"     : 800,
 "id"           : "navigate.sanctuarylilysportsmatches.a",
 "filters"      : {},
 "postprocess"  : "",
 "movies"       : [],
 "tvshows"      : [],
 "music"        : [],
 "musicvideos"  : [],
 "live"         : [
  [
   {
    "link"      : "plugin://plugin.video.sanctuary/?description&amp;mode=1101&amp;name=Lily%20Sports%20-%20Today%27s%20Matches&amp;url=http%3a%2f%2fkodeeresurrection.com%2fLILYSPORTStxts%2fLiveEvents.txt&quot;,return",
    "steps"     : [
    ".*{name}.*"
	     ],
    "action"    : "ACTIVATE"
   },
   {
    "link"      : "plugin://plugin.video.sanctuary/?description&amp;mode=1101&amp;name=Lily%20Sports%20-%20Today%27s%20Matches&amp;url=http%3a%2f%2fkodeeresurrection.com%2fLILYSPORTStxts%2fLiveEvents.txt&quot;,return",
    "steps"     : [
	"{name}"
	     ],
    "action"    : "ACTIVATE"
   }
  ]
 ]
}