{
 "name"         : "Navigate [COLOR red]Ini Player [/COLOR] [COLOR FF0084FF]-[/COLOR]  ([COLOR FF0084FF]A[/COLOR]) - 14-03-2017",
 "repository"   : "",
 "plugin"       : "plugin.video.addons.ini.player",
 "priority"     : 900,
 "id"           : "navigate.addonsiniplayer.a",
 "filters"      : {},
 "postprocess"  : "",
 "movies"       : [],
 "tvshows"      : [],
 "live"         : [
  [
   {
    "link"      : "plugin://plugin.video.addons.ini.player/",
    "steps"     : [
	".*plugin.*",
	"{name}"
     ],
    "action"    : "ACTIVATE"
   },
   {
    "link"      : "plugin://plugin.video.addons.ini.player/",
    "steps"     : [
	".*plugin.*",
	".*{name}.*"
     ],
    "action"    : "ACTIVATE"
   }
  ]
 ]
}