{
 "name"         : "Navigate [COLOR FF0084FF]-[/COLOR] SPORTS DEVIL TVOne ([COLOR FF0084FF]A[/COLOR])",
 "repository"   : "repository.unofficialsportsdevil-",
 "plugin"       : "plugin.video.SportsDevil",
 "priority"     : 800,
 "id"           : "navigate.sportsdeviltvone.a",
 "filters"      : {},
 "postprocess"  : "",
 "movies"       : [],
 "tvshows"      : [],
 "musicvideos"  : [],
 "music"        : [],
 "live"         : [
  [
   {
    "link"      : "plugin://plugin.video.SportsDevil/",
    "steps"     : [
     ".*Live TV.*",
     ".*tvone.*",
	 "@any",
     "{name}"
     ],
    "action"    : "ACTIVATE"
   },
   {
    "link"      : "plugin://plugin.video.SportsDevil/",
    "steps"     : [
     ".*Live TV.*",
     ".*tvone.*",
	 "@any",
     ".*{name}.*"
     ],
    "action"    : "ACTIVATE"
   },
   {
    "link"      : "plugin://plugin.video.SportsDevil/",
    "steps"     : [
     ".*tvone.*",
     "@any",
     ".*{basename}.*({extension}|{extension|text_to_number()}).*"
     ],
    "action"    : "ACTIVATE"
   },
   {
    "link"      : "plugin://plugin.video.SportsDevil/",
    "steps"     : [
     ".*tvone.*",
     "@any",     "({basename}|{basename|ws(-)}).({extension}|{extension|number_to_text()}|{extension|text_to_number()})"
     ],
    "action"    : "ACTIVATE"
   },
   {
    "link"      : "plugin://plugin.video.SportsDevil/",
    "steps"     : [
     ".*tvone.*",
     "@any",     ".*({basename}|{basename|ws(-)}).({extension}|{extension|number_to_text()}|{extension|text_to_number()}).*"
     ],
    "action"    : "ACTIVATE"
   }
  ]
 ]
}