{
 "name"         : "Navigate [COLOR FF0084FF]-[/COLOR] TheJoker SPORTS ([COLOR FF0084FF]A[/COLOR])",
 "repository"   : "",
 "plugin"       : "plugin.video.TheJoker",
 "priority"     : 800,
 "id"           : "navigate.thejoker.a",
 "filters"      : {},
 "postprocess"  : "",
 "movies"       : [],
 "tvshows"      : [],
 "musicvideos"  : [],
 "music"        : [],
 "live"         : [
  [
   {
    "link"      : "plugin://plugin.video.TheJoker/",
    "steps"     : [
     ".*sports.*",
	 "@any",
     "{name}"
    ],
    "action"    : "ACTIVATE"
   },
   {
    "link"      : "plugin://plugin.video.TheJoker",
    "steps"     : [
     ".*sports.*",
	 "@any",
     ".*{name}.*"
    ],
    "action"    : "ACTIVATE"
   },
   {
    "link"      : "plugin://plugin.video.TheJoker",
    "steps"     : [
     ".*sports.*",
	 "@any",
     "{basename}.({extension}|{extension|number_to_text()}|{extension|text_to_number()})"
    ],
    "action"    : "ACTIVATE"
   },
   {
    "link"      : "plugin://plugin.video.TheJoker",
    "steps"     : [
     ".*sports.*",
	 "@any",
     ".*{basename}.({extension}|{extension|number_to_text()}|{extension|text_to_number()}).*"
    ],
    "action"    : "ACTIVATE"
   }
  ]
 ]
}