{
 "name"         : "Navigate [COLOR FF0084FF]-[/COLOR] Made in Canada IPTV - hidden ([COLOR FF0084FF]A[/COLOR])",
 "repository"   : "",
 "plugin"       : "plugin.video.mic",
 "priority"     : 800,
 "id"           : "navigate.mic.a",
 "filters"      : {},
 "postprocess"  : "",
 "movies"       : [],
 "tvshows"      : [],
 "musicvideos"  : [],
 "music"        : [],
 "live"         : [
  [
   {
    "link"      : "plugin://plugin.video.mic/",
    "steps"     : [
     ".*_.*",
     "{name}"
     ],
    "action"    : "ACTIVATE"
   },
   {
    "link"      : "plugin://plugin.video.mic/",
    "steps"     : [
     ".*_.*",
     ".*{name}.*"
     ],
    "action"    : "ACTIVATE"
   },
   {
    "link"      : "plugin://plugin.video.mic/",
    "steps"     : [
      ".*_.*",
     ".*{basename}.*({extension}|{extension|text_to_number()}).*"
     ],
    "action"    : "ACTIVATE"
   },
   {
    "link"      : "plugin://plugin.video.mic/",
    "steps"     : [
      ".*_.*",
     "({basename}|{basename|ws(-)}).({extension}|{extension|number_to_text()}|{extension|text_to_number()})"
     ],
    "action"    : "ACTIVATE"
   },
   {
    "link"      : "plugin://plugin.video.mic/",
    "steps"     : [
      ".*_.*",
     ".*({basename}|{basename|ws(-)}).({extension}|{extension|number_to_text()}|{extension|text_to_number()}).*"
     ],
    "action"    : "ACTIVATE"
   }
  ]
 ]
}