{
 "name"         : "Navigate [COLOR red]Project Cypher[/COLOR] [COLOR FF0084FF]-[/COLOR]  ([COLOR FF0084FF]A[/COLOR]) - 14-03-2017",
 "repository"   : "repository.Cypherslocker",
 "plugin"       : "plugin.video.ProjectCypher",
 "priority"     : 900,
 "id"           : "navigate.ProjectCypher.a",
 "filters"      : {},
 "postprocess"  : "",
 "movies"       : [],
 "tvshows"      : [],
 "live"         : [
  [
   {
    "link"      : "plugin://plugin.video.ProjectCypher/?fanart=http%3a%2f%2fcypher-media.com%2fcypher%2fimages%2ffanart.jpg&amp;mode=1&amp;name=%5bB%5d%5bCOLOR%20yellow%5d---%5b%2fCOLOR%5d%20%5bCOLOR%20red%5dCypher%5b%2fCOLOR%5d%5bCOLOR%20white%5d%20IPTV%5b%2fCOLOR%5d%5bCOLOR%20blue%5d%20Channels%5b%2fCOLOR%5d%5bCOLOR%20yellow%5d---%5b%2fCOLOR%5d%5b%2fB%5d&amp;url=http%3a%2f%2fcypher-media.com%2fcypher%2fcyphermedia.xml%24%24LSProEncKey%3dcypher%24%24",
    "steps"     : [
     ".*IPTV.*",
	 ".*{basename}$$*({extension}|{extension|number_to_text()}).*"
     ],
    "action"    : "PLAY"
   },
   {
    "link"      : "plugin://plugin.video.ProjectCypher/?fanart=http%3a%2f%2fcypher-media.com%2fcypher%2fimages%2ffanart.jpg&amp;mode=1&amp;name=%5bB%5d%5bCOLOR%20yellow%5d---%5b%2fCOLOR%5d%20%5bCOLOR%20red%5dCypher%5b%2fCOLOR%5d%5bCOLOR%20white%5d%20IPTV%5b%2fCOLOR%5d%5bCOLOR%20blue%5d%20Channels%5b%2fCOLOR%5d%5bCOLOR%20yellow%5d---%5b%2fCOLOR%5d%5b%2fB%5d&amp;url=http%3a%2f%2fcypher-media.com%2fcypher%2fcyphermedia.xml%24%24LSProEncKey%3dcypher%24%24",
    "steps"     : [
     ".*IPTV.*",
     ".*{basename}$$*{extension|text_to_number()}.*"
     ],
    "action"    : "PLAY"
   },
   {
    "link"      : "plugin://plugin.video.ProjectCypher/?fanart=http%3a%2f%2fcypher-media.com%2fcypher%2fimages%2ffanart.jpg&amp;mode=1&amp;name=%5bB%5d%5bCOLOR%20yellow%5d---%5b%2fCOLOR%5d%20%5bCOLOR%20red%5dCypher%5b%2fCOLOR%5d%5bCOLOR%20white%5d%20IPTV%5b%2fCOLOR%5d%5bCOLOR%20blue%5d%20Channels%5b%2fCOLOR%5d%5bCOLOR%20yellow%5d---%5b%2fCOLOR%5d%5b%2fB%5d&amp;url=http%3a%2f%2fcypher-media.com%2fcypher%2fcyphermedia.xml%24%24LSProEncKey%3dcypher%24%24",
    "steps"     : [
     ".*IPTV.*",
     ".*click.*",
     ".*{basename}$$*({extension}|{extension|number_to_text()}).*"
     ],
    "action"    : "PLAY"
   },
   {
    "link"      : "plugin://plugin.video.ProjectCypher/?fanart=http%3a%2f%2fcypher-media.com%2fcypher%2fimages%2ffanart.jpg&amp;mode=1&amp;name=%5bB%5d%5bCOLOR%20yellow%5d---%5b%2fCOLOR%5d%20%5bCOLOR%20red%5dCypher%5b%2fCOLOR%5d%5bCOLOR%20white%5d%20IPTV%5b%2fCOLOR%5d%5bCOLOR%20blue%5d%20Channels%5b%2fCOLOR%5d%5bCOLOR%20yellow%5d---%5b%2fCOLOR%5d%5b%2fB%5d&amp;url=http%3a%2f%2fcypher-media.com%2fcypher%2fcyphermedia.xml%24%24LSProEncKey%3dcypher%24%24",
    "steps"     : [
     ".*IPTV.*",
     ".*click.*",
     ".*{basename}$$*{extension|text_to_number()}.*"
     ],
    "action"    : "PLAY"
   }
  ]  
 ]
}
