{
 "name"         : "Navigate [COLOR FF0084FF]-[/COLOR] The Pyramid Live([COLOR FF0084FF]A[/COLOR]) - 14-03-2017",
 "repository"   : "repository.tombraider.official",
 "plugin"       : "plugin.video.thepyramid",
 "priority"     : 800,
 "id"           : "navigate.thepyramidlive.a",
 "filters"      : {},
 "postprocess"  : "",
 "movies"       : [],
 "tvshows"      : [],
 "musicvideos"  : [],
 "music"        : [],
 "live"         : [
  [
   {
    "link"      : "plugin://plugin.video.thepyramid/?fanart=http%3a%2f%2ftombraiderbuilds.co.uk%2fBackgrounds%2fTombRaiderMoviesBackground.jpg&amp;mode=1&amp;name=%5bB%5d%5bCOLORred%5d%2a%2a%2a%5bCOLORblue%5dTODAYS%20LIVE%20EVENTS%20HERE%5b%2fCOLOR%5d%5bCOLORred%5d%2a%2a%2a%5b%2fCOLOR%5d%5b%2fB%5d&amp;url=http%3a%2f%2ftombraiderbuilds.co.uk%2faddon%2fliveevents%2fliveevents.txt&quot;,return",
    "steps"     : [
   	 ".*{name}.*"
     ],
    "action"    : "Play"
   },
   {
    "link"      : "plugin://plugin.video.thepyramid/?fanart=http%3a%2f%2ftombraiderbuilds.co.uk%2fBackgrounds%2fTombRaiderMoviesBackground.jpg&amp;mode=1&amp;name=%5bB%5d%5bCOLORred%5d%2a%2a%2a%5bCOLORblue%5dTODAYS%20LIVE%20EVENTS%20HERE%5b%2fCOLOR%5d%5bCOLORred%5d%2a%2a%2a%5b%2fCOLOR%5d%5b%2fB%5d&amp;url=http%3a%2f%2ftombraiderbuilds.co.uk%2faddon%2fliveevents%2fliveevents.txt&quot;,return",
    "steps"     : [
     "{name}"
    ],
    "action"    : "Play"
   }
  ]
 ]
}