{
 "name"         : "Navigate [COLOR FF0084FF]-[/COLOR] Evolve - Sports ([COLOR FF0084FF]A[/COLOR]) - 14-03-2017",
 "repository"   : "repository.Goliath",
 "plugin"       : "plugin.video.Evolve",
 "priority"     : 800,
 "id"           : "navigate.evolvesports.a",
 "filters"      : {},
 "postprocess"  : "",
 "movies"       : [],
 "tvshows"      : [],
 "musicvideos"  : [],
 "music"        : [],
 "live"         : [
  [
   {
    "link"      : "plugin://plugin.video.Evolve/?description&amp;fanart=https%3a%2f%2fsuperrepo.org%2fstatic%2fimages%2ffanart%2foriginal%2fplugin.video.LiveTV.jpg&amp;iconimage=http%3a%2f%2fi.imgur.com%2fv8CmgtJ.png&amp;mode=1&amp;name=%5bB%5d%5bCOLOR%20red%5dS%5b%2fCOLOR%5d%5bCOLOR%20white%5dports%5b%2fCOLOR%5d%5b%2fB%5d&amp;url=http%3a%2f%2fmatsbuilds.uk%2fEvolvesnewmenu%2fsports-tv%2fSports.xml",
    "steps"     : [
	"@any",
    "{name}"
    ],
    "action"    : "PLAY"
   },
   {
    "link"      : "plugin://plugin.video.Evolve/?description&amp;fanart=https%3a%2f%2fsuperrepo.org%2fstatic%2fimages%2ffanart%2foriginal%2fplugin.video.LiveTV.jpg&amp;iconimage=http%3a%2f%2fi.imgur.com%2fv8CmgtJ.png&amp;mode=1&amp;name=%5bB%5d%5bCOLOR%20red%5dS%5b%2fCOLOR%5d%5bCOLOR%20white%5dports%5b%2fCOLOR%5d%5b%2fB%5d&amp;url=http%3a%2f%2fmatsbuilds.uk%2fEvolvesnewmenu%2fsports-tv%2fSports.xml",
    "steps"     : [
    "@any",
	".*{name}.*"
    ],
    "action"    : "PLAY"
   },
   {
    "link"      : "plugin://plugin.video.Evolve/?description&amp;fanart=https%3a%2f%2fsuperrepo.org%2fstatic%2fimages%2ffanart%2foriginal%2fplugin.video.LiveTV.jpg&amp;iconimage=http%3a%2f%2fi.imgur.com%2fv8CmgtJ.png&amp;mode=1&amp;name=%5bB%5d%5bCOLOR%20red%5dS%5b%2fCOLOR%5d%5bCOLOR%20white%5dports%5b%2fCOLOR%5d%5b%2fB%5d&amp;url=http%3a%2f%2fmatsbuilds.uk%2fEvolvesnewmenu%2fsports-tv%2fSports.xml",
    "steps"     : [
	"@any",
    "{basename}.({extension}|{extension|number_to_text()}|{extension|text_to_number()})"
    ],
    "action"    : "PLAY"
   },
   {
    "link"      : "plugin://plugin.video.Evolve/?description&amp;fanart=https%3a%2f%2fsuperrepo.org%2fstatic%2fimages%2ffanart%2foriginal%2fplugin.video.LiveTV.jpg&amp;iconimage=http%3a%2f%2fi.imgur.com%2fv8CmgtJ.png&amp;mode=1&amp;name=%5bB%5d%5bCOLOR%20red%5dS%5b%2fCOLOR%5d%5bCOLOR%20white%5dports%5b%2fCOLOR%5d%5b%2fB%5d&amp;url=http%3a%2f%2fmatsbuilds.uk%2fEvolvesnewmenu%2fsports-tv%2fSports.xml",
    "steps"     : [
	".*sports.*",
	"@any",
    ".*{basename}.({extension}|{extension|number_to_text()}|{extension|text_to_number()}).*"
    ],
    "action"    : "PLAY"
   },
   {
    "link"      : "plugin://plugin.video.Evolve/?description&amp;fanart=https%3a%2f%2fsuperrepo.org%2fstatic%2fimages%2ffanart%2foriginal%2fplugin.video.LiveTV.jpg&amp;iconimage=http%3a%2f%2fi.imgur.com%2fv8CmgtJ.png&amp;mode=1&amp;name=%5bB%5d%5bCOLOR%20red%5dS%5b%2fCOLOR%5d%5bCOLOR%20white%5dports%5b%2fCOLOR%5d%5b%2fB%5d&amp;url=http%3a%2f%2fmatsbuilds.uk%2fEvolvesnewmenu%2fsports-tv%2fSports.xml",
    "steps"     : [
	"@any",
    "{name}"
    ],
    "action"    : "PLAY"
   }
  ]
 ]
}