{
 "name"         : "Navigate [COLOR FF0084FF]-[/COLOR] Made in Canada UKlist ([COLOR FF0084FF]A[/COLOR]) 14-03-2017",
 "repository"   : "",
 "plugin"       : "plugin.video.mic",
 "priority"     : 800,
 "id"           : "navigate.micuklist.a",
 "filters"      : {},
 "postprocess"  : "",
 "movies"       : [],
 "tvshows"      : [],
 "musicvideos"  : [],
 "music"        : [],
 "live"         : [
  [
   {
    "link"      : "plugin://plugin.video.mic/?fanart=http%3a%2f%2fwallpapercave.com%2fwp%2fPaxa7aH.jpg&amp;mode=1&amp;name=UK%20F4M%20LIST&amp;url=http%3a%2f%2fpastebin.com%2fraw%2fKVwvg6h4%24%24LSProEncKey%3dxY4naH0lS58wJGl7%24%24",
    "steps"     : [
    "{name}"
     ],
    "action"    : "ACTIVATE"
   },
   {
    "link"      : "plugin://plugin.video.mic/?fanart=http%3a%2f%2fwallpapercave.com%2fwp%2fPaxa7aH.jpg&amp;mode=1&amp;name=UK%20F4M%20LIST&amp;url=http%3a%2f%2fpastebin.com%2fraw%2fKVwvg6h4%24%24LSProEncKey%3dxY4naH0lS58wJGl7%24%24",
    "steps"     : [
    ".*{name}.*"
     ],
    "action"    : "ACTIVATE"
   },
   {
    "link"      : "plugin://plugin.video.mic/?fanart=http%3a%2f%2fwallpapercave.com%2fwp%2fPaxa7aH.jpg&amp;mode=1&amp;name=UK%20F4M%20LIST&amp;url=http%3a%2f%2fpastebin.com%2fraw%2fKVwvg6h4%24%24LSProEncKey%3dxY4naH0lS58wJGl7%24%24",
    "steps"     : [
    ".*{basename}.*({extension}|{extension|text_to_number()}).*"
     ],
    "action"    : "ACTIVATE"
   },
   {
    "link"      : "plugin://plugin.video.mic/?fanart=http%3a%2f%2fwallpapercave.com%2fwp%2fPaxa7aH.jpg&amp;mode=1&amp;name=UK%20F4M%20LIST&amp;url=http%3a%2f%2fpastebin.com%2fraw%2fKVwvg6h4%24%24LSProEncKey%3dxY4naH0lS58wJGl7%24%24",
    "steps"     : [
    "({basename}|{basename|ws(-)}).({extension}|{extension|number_to_text()}|{extension|text_to_number()})"
     ],
    "action"    : "ACTIVATE"
   },
   {
    "link"      : "plugin://plugin.video.mic/?fanart=http%3a%2f%2fwallpapercave.com%2fwp%2fPaxa7aH.jpg&amp;mode=1&amp;name=UK%20F4M%20LIST&amp;url=http%3a%2f%2fpastebin.com%2fraw%2fKVwvg6h4%24%24LSProEncKey%3dxY4naH0lS58wJGl7%24%24",
    "steps"     : [
    ".*({basename}|{basename|ws(-)}).({extension}|{extension|number_to_text()}|{extension|text_to_number()}).*"
     ],
    "action"    : "ACTIVATE"
   }
  ]
 ]
}