{
 "name"         : "VidTimeUS [COLOR FF0084FF]-[/COLOR] Browse Play ([COLOR FF0084FF]Q - Coldkeys[/COLOR])",
 "repository"   : "repository.VinManJSV",
 "plugin"       : "plugin.video.VidTime",
 "priority"     : 800,
 "id"           : "provider.q.coldkeys.vidtimeus.browse.play",
 "filters"      : {},
 "postprocess"  : "",
 "movies"       : [],
 "tvshows"      : [],
 "live"         : [
  [
   {
    "link": "plugin://plugin.video.VidTime",
    "steps": [
     ".*VT TV - USA.*",
     "{name}"
     ],
    "action"    : "PLAY"
   },
   {
    "link": "plugin://plugin.video.VidTime",
    "steps": [
     ".*VT TV - USA.*",
     ".*{name}.*"
     ],
    "action"    : "PLAY"
   },
   {
    "link": "plugin://plugin.video.VidTime",
    "steps": [
     ".*VT TV - USA.*",
     "{basename}.({extension}|{extension|number_to_text()}|{extension|text_to_number()})"
     ],
    "action"    : "PLAY"
   },
   {
    "link": "plugin://plugin.video.VidTime",
    "steps": [
     ".*VT TV - USA.*",
     ".*{basename}.({extension}|{extension|number_to_text()}|{extension|text_to_number()}).*"
     ],
    "action"    : "PLAY" 
   }
  ]
 ]
}