{
 "name"         : " Your Renegades Personal Super Favs (PodGod)",
 "plugin"       : "plugin.program.super.favourites",
 "priority"     : 400,
 "id" : "provider.podgod.superfavouritesUSER.search.name.activate",
 "filters"      : {},
 "postprocess"  : "",
 "movies"       : [],
 "tvshows"      : [],
 "live"         : [
  [
   {
    "link": "plugin://plugin.program.super.favourites",
    "steps": [
     ".*Personal Super Favs.*",
     ".*{name}.*",
     ".*{name}.*"
     ],
    "action"    : "PLAY"
   }
  ]
 ]
}