{
 "name"         : "CanTVLive Browse Name Play (PodGod)",
 "repository"   : "repository.podgod",
 "plugin"       : "plugin.video.CanTVLive",
 "priority"     : 800,
 "id"           : "provider.podgod.CanTVLive.browse.play",
 "filters"      : {},
 "postprocess"  : "",
 "movies"       : [],
 "tvshows"      : [],
 "music"        : [],
 "musicvideos"  : [],
 "live"         : [
  [
   {
    "link"      : "plugin://plugin.video.CanTVLive/",
    "steps"     : [
     "{name}"
     ],
    "action"    : "PLAY"
   },
   {
    "link"      : "plugin://plugin.video.CanTVLive/",
    "steps"     : [
     ".*{name}.*"
     ],
    "action"    : "PLAY"
   },
   {
    "link"      : "plugin://plugin.video.CanTVLive/",
    "steps"     : [
     "{basename}.({extension}|{extension|number_to_text()}|{extension|text_to_number()})"
     ],
    "action"    : "PLAY"
   },
   {
    "link"      : "plugin://plugin.video.CanTVLive/",
    "steps"     : [
     ".*{basename}.({extension}|{extension|number_to_text()}|{extension|text_to_number()}).*"
     ],
    "action"    : "PLAY"
   }
  ]
 ]
}