{
 "name"         : "Livestream Search Activate (PodGod)",
 "repository"   : "repository.podgod",
 "plugin"       : "plugin.video.livestream",
 "priority"     : 800,
 "id"           : "provider.podgod.livestream.activate.play",
 "filters"      : {},
 "postprocess"  : "",
 "movies"       : [],
 "tvshows"      : [],
 "music"        : [],
 "musicvideos"  : [],
 "live"         : [
	[
            {
                "link": "plugin://plugin.video.livestream/",
				"steps": [
					".*Browse by Category.*",
					"@any",
                    ".*{name}.*",
                    ".*{basename}$$*({extension|text_to_number()}).*"
                ],
                "action": "Play"
            }
        ]
    ]
}