{
 "name"         : "Search [COLOR FF0084FF]-[/COLOR] White Devil Streams  ([COLOR FF0084FF]A[/COLOR])",
 "repository"   : "",
 "plugin"       : "plugin.video.white.devil",
 "priority"     : 800,
 "id"           : "search.whitedevil.a",
 "filters"      : {},
 "postprocess"  : "",
 "movies"       : [],
 "tvshows"      : [],
 "musicvideos"  : [],
 "music"        : [],
 "live"         : [
  [
   {
    "link"      : "plugin://plugin.video.white.devil/?action=addSearch",
    "steps"     : [
	"keyboard: {name}",
    "{name}"
    ],
    "action"    : "PLAY"
   },
   {
    "link"      : "plugin://plugin.video.white.devil/?action=addSearch",
    "steps"     : [
    "keyboard: {name}",
	".*{name}.*"
    ],
    "action"    : "PLAY"
   },
   {
    "link"      : "plugin://plugin.video.white.devil/?action=addSearch",
    "steps"     : [
	"keyboard: {name}",
    "{basename}.({extension}|{extension|number_to_text()}|{extension|text_to_number()})"
    ],
    "action"    : "PLAY"
   },
   {
    "link"      : "plugin://plugin.video.white.devil/?action=addSearch",
    "steps"     : [
	".*sports.*",
	"keyboard: {name}",
    ".*{basename}.({extension}|{extension|number_to_text()}|{extension|text_to_number()}).*"
    ],
    "action"    : "PLAY"
   },
   {
    "link"      : "plugin://plugin.video.white.devil/?action=addSearch",
    "steps"     : [
	"keyboard: {name}",
    "{name}"
    ],
    "action"    : "PLAY"
   }
  ]
 ]
}