<favourites>
	<favourite name="Sportsnet One vidtime 16/11/2016" thumb=" ">PlayMedia(&quot;rtmp://31.220.0.103:1935/live?token=/_definst_/sportenone playpath=sportenone swfUrl=http://ssl.p.jwpcdn.com/player/v/7.7.4/jwplayer.flash.swf pageUrl=http://webtv.ws/embeds.php?live=sportenone&amp;vw=620&amp;vh=490&amp;sf_options=fanart%3Dhttp%3A%2F%2Fs20.postimg.org%2Fdoltr1fu5%2FVTTVBackground.png%26winID%3D10025%26_options_sf&quot;)</favourite>
	<favourite name="[COLOR limegreen]Sportsnet One[/COLOR] Vidtime" thumb=" ">PlayMedia(&quot;http://nlds181.cdnak.neulion.com/nlds/sportsnetnow/sn_one/as/live/sn_one_hd.m3u8|User-Agent=Mozilla/5.0 (Linux; Android 4.0.4; Galaxy Nexus Build/IMM76B) AppleWebKit/535.19 (KHTML, like Gecko) Chrome/18.0.1025.133 Mobile Safari/535.19&quot;?sf_options=fanart%3Dhttp%3A%2F%2Fs20.postimg.org%2Fdoltr1fu5%2FVTTVBackground.png%26winID%3D10025%26_options_sf&quot;)</favourite>
	<favourite name="Sportsnet One zem 24/11/2016" thumb="DefaultFolder.png">PlayMedia(&quot;plugin://plugin.video.ZemTV-shani/?url=aXBib3g6aHR0cDovL0lQVFZGUkVFMS5DT006Njk2OS9saXZlLz09Pl93d3cuaXB0dnJlc3RyZWFtLm5ldF88PT0vPT0%2BX3d3dy5pcHR2cmVzdHJlYW0ubmV0Xzw9PS8yNDUwLnRzfFVzZXItQWdlbnQ9JTNEaXB0dnJlc3RyZWFtLm5ldCUzRA%3D%3D&amp;mode=11&amp;name=%5BCOLOR+FF11b500%5DCa+%3A+sportsnet+one+hd%0D+ipbox%5B%2FCOLOR%5D&amp;sf_options=winID%3D10025%26_options_sf&quot;)</favourite>
	<favourite name="SPORTSNET ONE HD bamf 29/11/2016" thumb="DefaultVideo.png">PlayMedia(&quot;plugin://plugin.video.sanctuary/?url=plugin%3A%2F%2Fplugin.video.f4mTester%2F%3Fstreamtype%3DTSDOWNLOADER%26amp%3Burl%3Dhttp%3A%2F%2Fkodi-fireiptv.ddns.net%3A8000%2Flive%2FWIL%2FBIS%2F1564.ts%0D&amp;mode=1112&amp;sf_options=winID%3D10025%26_options_sf&quot;)</favourite>
	<favourite name="SPORTSNET ONE HD bamf Server 2" thumb="DefaultVideo.png">PlayMedia(&quot;plugin://plugin.video.sanctuary/?url=plugin%3A%2F%2Fplugin.video.f4mTester%2F%3Fstreamtype%3DTSDOWNLOADER%26amp%3Burl%3Dhttp%3A%2F%2Fkodi-fireiptv.ddns.net%3A8000%2Flive%2FWIL%2FBIS%2F1564.ts%3Bname%3DBAMF+TV&amp;mode=906&amp;regexs=&amp;setCookie=&amp;sf_options=winID%3D10025%26_options_sf&quot;)</favourite>
	<favourite name="[COLOR aqua] Sportsnet One - Android Kodi 16/17[/COLOR] MIC Sports Central" thumb="http://i438.photobucket.com/albums/qq102/krazykraz/SN-ONE.png">PlayMedia(&quot;plugin://plugin.video.mic/?url=http%3A%2F%2Fnlds181.cdnak.neulion.com%2Fnlds%2Fsportsnetnow%2Fsn_one%2Fas%2Flive%2Fsn_one_hd_1200_ipad.m3u8&amp;mode=12&amp;sf_options=fanart%3Dhttp%3A%2F%2Fgamerlimit.com%2Fwp-content%2Fuploads%2F2016%2F04%2Foriginal.jpg%26winID%3D10025%26_options_sf&quot;)</favourite>
	<favourite name="[COLOR orange] Sportsnet One - Android Kodi 16[/COLOR] MIC Sports Central" thumb="http://i438.photobucket.com/albums/qq102/krazykraz/SN-ONE.png">PlayMedia(&quot;plugin://plugin.video.mic/?url=http%3A%2F%2Fnlds181.cdnak.neulion.com%2Fnlds%2Fsportsnetnow%2Fsn_one%2Fas%2Flive%2Fsn_one_hd_ipad.m3u8&amp;mode=12&amp;sf_options=fanart%3Dhttp%3A%2F%2Fgamerlimit.com%2Fwp-content%2Fuploads%2F2016%2F04%2Foriginal.jpg%26winID%3D10025%26_options_sf&quot;)</favourite>
	<favourite name="Sportsnet One HD zem S2" thumb="DefaultFolder.png">PlayMedia(&quot;plugin://plugin.video.ZemTV-shani/?url=aXBib3g6aHR0cDovL2lwdHYubW9ua2V5Y2xpbmUuY29tOjI1NDYxL2xpdmUvamFzbmUvamFzbmUvOTM5OC50c3xVc2VyLUFnZW50PVZMQy8yLjMuMSBMaWJWTEMvMi4yLjE3JkljeS1NZXRhRGF0YT0x&amp;mode=11&amp;name=%5BCOLOR+FF11b500%5D%2Acan%3Asportsnet+one+hd%0D+ipbox%5B%2FCOLOR%5D&amp;sf_options=winID%3D10025%26_options_sf&quot;)</favourite>
	<favourite name="Sportsnet One HD oblivion S1" thumb="http://oblivionbuilds.com/Oblivionlogo.png">PlayMedia(&quot;plugin://plugin.video.sanctuary/?url=plugin%3A%2F%2Fplugin.video.f4mTester%2F%3Fstreamtype%3DTSDOWNLOADER%26amp%3Burl%3Dhttp%3A%2F%2F51.254.197.40%3A25461%2Flive%2Fgrant%2Fgrant%2F9398.ts%3Bname%3DOblivion+TV&amp;mode=906&amp;regexs=&amp;setCookie=&amp;sf_options=meta%3Dlabel%253D%25252ACAN%25253ASportsnet%252BOne%252BHD%2526title%253D%25252ACAN%25253ASportsnet%252BOne%252BHD%26winID%3D10025%26_options_sf&quot;)</favourite>
</favourites>