<favourites>
	<favourite name="History Channel Vidtime 17/11/2016" thumb=" ">PlayMedia(&quot;plugin://plugin.video.VidTime/?url=https%3A%2F%2Fwww.arconaitv.me%2Fhc%2F&amp;icon=+&amp;mode=ARCON&amp;name=%5BCOLOR+limegreen%5DHistory+Channel%5B%2FCOLOR%5D&amp;sf_options=fanart%3Dhttp%3A%2F%2Fs20.postimg.org%2Fdoltr1fu5%2FVTTVBackground.png%26winID%3D10025%26_options_sf&quot;)</favourite>
	<favourite name="History HD sanctuary" thumb="http://wsap.academy/wp-content/uploads/2015/03/1123676.jpg">PlayMedia(&quot;plugin://plugin.video.sanctuary/?url=plugin%3A%2F%2Fplugin.video.f4mTester%2F%3Fstreamtype%3DTSDOWNLOADER%26url%3Dhttp%3A%2F%2Flive.softiptv.com%3A9900%2Flive%2F3month%2F3month%2F19402.ts%26streamtype%3D.TSDOWNLOADER%3Bname%3DWatch&amp;mode=906&amp;regexs=&amp;setCookie=&amp;sf_options=fanart%3Dspecial%3A%2F%2Fhome%2Faddons%2Fplugin.video.sanctuary%2Ffanart.jpg%26winID%3D10025%26_options_sf&quot;)</favourite>
	<favourite name="History UK oblivion S1" thumb="http://oblivionbuilds.com/Oblivionlogo.png">PlayMedia(&quot;plugin://plugin.video.sanctuary/?url=plugin%3A%2F%2Fplugin.video.f4mTester%2F%3Fstreamtype%3DTSDOWNLOADER%26amp%3Burl%3Dhttp%3A%2F%2F51.254.197.40%3A25461%2Flive%2Fhastings%2Fhastings%2F1838.ts%3Bname%3DOblivion+TV&amp;mode=906&amp;regexs=&amp;setCookie=&amp;sf_options=meta%3Dlabel%253DHistory%252BUK%2526title%253DHistory%252BUK%26winID%3D10025%26_options_sf&quot;)</favourite>
	<favourite name="History Channel UK TVone" thumb="special://home/addons/plugin.video.SportsDevil-2016.30.30/resources/images/folder.png">PlayMedia(&quot;plugin://plugin.video.SportsDevil/?item=catcher%3dstreams%26title%3dHistory%2bChannel%2bUK%26url%3dmpd%253A%252F%252Fccb7de5c42461be2cac10f5baf7d62cf.m3u8%26cfg%3dtvone1.tv.cfg%2540Streams%2540Channels%26videoTitle%3dHistory%2bChannel%2bUK%26director%3dtvone1.tv%26genre%3dLive%2bTV%26referer%3dmpd%253A%252F%252Fccb7de5c42461be2cac10f5baf7d62cf.m3u8%26definedIn%3dtvone1.tv.cfg%26type%3drss&amp;mode=1&amp;sf_options=fanart%3Dspecial%3A%2F%2Fhome%2Faddons%2Fplugin.video.SportsDevil-2016.30.30%2Ffanart.jpg%26meta%3Dgenre%253DLive%252BTV%2526director%253Dtvone1.tv%2526label%253DHistory%252BChannel%252BUK%2526title%253DHistory%252BChannel%252BUK%26winID%3D10025%26_options_sf&quot;)</favourite>
	<favourite name="History Oblivion" thumb="DefaultVideo.png">PlayMedia(&quot;plugin://plugin.video.sanctuary/?url=plugin%3A%2F%2Fplugin.video.f4mTester%2F%3Fstreamtype%3DTSDOWNLOADER%26amp%3Burl%3Dhttp%3A%2F%2Fiptv9.lazystreams.tk%3A8080%2Flive%2FSuPrEmEsTrEaMs%2FKeepYourHandsOffCUNTS%21%21%401%2F1749.ts%3Bname%3DOblivion+TV&amp;mode=1112&amp;sf_options=winID%3D10025%26_options_sf&quot;)</favourite>
	<favourite name="History Fido" thumb="http://drupal-multisite-s3.s3-us-west-2.amazonaws.com/files/history_logo_2015_4c_black_type.png">PlayMedia(&quot;plugin://plugin.video.sanctuary/?url=plugin%3A%2F%2Fplugin.video.f4mTester%2F%3Fstreamtype%3DTSDOWNLOADER%3Bname%3DFIDO%26url%3Dhttp%3A%2F%2F37.187.139.155%3A8000%2Flive%2Flightwrath%40live.com%2FWatchNow%21%2F519.ts&amp;mode=1112&amp;sf_options=fanart%3Dhttp%3A%2F%2Ffantazyrepo.uk%2Faddonimages%2Flivetv%2FLiveTV.jpg%26winID%3D10025%26_options_sf&quot;)</favourite>
	<favourite name="[COLOR red]History[/COLOR] Evolve" thumb="https://www.thelogodb.com/images/media/logo/wxyrrw1433944455.png/medium">PlayMedia(&quot;plugin://plugin.video.Evolve/?url=plugin%3A%2F%2Fplugin.video.SportsDevil%2F%3Fmode%3D1%26amp%3Bitem%3Dcatcher%253dstreams%2526url%3Dhttp%3A%2F%2Fwww.liveonlinetv247.info%2Fhistory.php%2526referer%3Dno&amp;mode=16&amp;name=%5BCOLOR+red%5DHistory%5B%2FCOLOR%5D&amp;description=&amp;iconimage=https%3A%2F%2Fwww.thelogodb.com%2Fimages%2Fmedia%2Flogo%2Fwxyrrw1433944455.png%2Fmedium&amp;sf_options=fanart%3Dhttps%3A%2F%2Fi.ytimg.com%2Fvi%2FM9ebkjWU6Z4%2Fmaxresdefault.jpg%26winID%3D10025%26_options_sf&quot;)</favourite>
</favourites>