<favourites>
	<favourite name="HBO zem S4" thumb="DefaultFolder.png">PlayMedia(&quot;plugin://plugin.video.ZemTV-shani/?url=aXBib3g6aHR0cDovL0lQVFZGUkVFMS5DT006Njk2OS9saXZlLz09Pl93d3cuaXB0dnJlc3RyZWFtLm5ldF88PT0vPT0%2BX3d3dy5pcHR2cmVzdHJlYW0ubmV0Xzw9PS8yNDU1LnRzfFVzZXItQWdlbnQ9aXB0dnJlc3RyZWFtLm5ldDE%3D&amp;mode=11&amp;name=%5BCOLOR+FF11b500%5DUsa+%3A+hbo+hd%0D+ipbox%5B%2FCOLOR%5D&amp;sf_options=winID%3D10025%26_options_sf&quot;)</favourite>
	<favourite name="HBO zem S4" thumb="DefaultFolder.png">PlayMedia(&quot;plugin://plugin.video.ZemTV-shani/?url=aXBib3g6aHR0cDovL0lQVFZGUkVFMS5DT006Njk2OS9saXZlLz09Pl93d3cuaXB0dnJlc3RyZWFtLm5ldF88PT0vPT0%2BX3d3dy5pcHR2cmVzdHJlYW0ubmV0Xzw9PS8yNDU1Lm0zdTh8VXNlci1BZ2VudD1pcHR2cmVhdHJlYW0ubmV0&amp;mode=11&amp;name=%5BCOLOR+FF11b500%5DUsa+%3A+hbo+hd%0D+ipbox%5B%2FCOLOR%5D&amp;sf_options=winID%3D10025%26_options_sf&quot;)</favourite>
	<favourite name="HBO TVone" thumb="special://home/addons/plugin.video.SportsDevil-2016.30.30/resources/images/folder.png">PlayMedia(&quot;plugin://plugin.video.SportsDevil/?item=catcher%3dstreams%26title%3dHBO%26url%3dmpd%253A%252F%252F509e5f41146e278f9eab1ddaceb34515.m3u8%26cfg%3dtvone1.tv.cfg%2540Streams%2540Channels%26videoTitle%3dHBO%26director%3dtvone1.tv%26genre%3dLive%2bTV%26referer%3dmpd%253A%252F%252F509e5f41146e278f9eab1ddaceb34515.m3u8%26definedIn%3dtvone1.tv.cfg%26type%3drss&amp;mode=1&amp;sf_options=fanart%3Dspecial%3A%2F%2Fhome%2Faddons%2Fplugin.video.SportsDevil-2016.30.30%2Ffanart.jpg%26meta%3Dgenre%253DLive%252BTV%2526director%253Dtvone1.tv%2526label%253DHBO%2526title%253DHBO%26winID%3D10025%26_options_sf&quot;)</favourite>
	<favourite name="HBO HD Oblivion" thumb="DefaultVideo.png">PlayMedia(&quot;plugin://plugin.video.sanctuary/?url=plugin%3A%2F%2Fplugin.video.f4mTester%2F%3Fstreamtype%3DTSDOWNLOADER%26amp%3Burl%3Dhttp%3A%2F%2Fiptv9.lazystreams.tk%3A8080%2Flive%2FSuPrEmEsTrEaMs%2FKeepYourHandsOffCUNTS%21%21%401%2F1626.ts%3Bname%3DOblivion+TV&amp;mode=1112&amp;sf_options=winID%3D10025%26_options_sf&quot;)</favourite>
	<favourite name="HBO Sports Devil" thumb="special://home/addons/plugin.video.SportsDevil-2016.30.30/resources/images/folder.png">ActivateWindow(10025,&quot;plugin://plugin.video.SportsDevil/?item=catcher%3dstreams%26title%3dHBO%26url%3dhttp%253A%252F%252Fusachannels.tv%252Fhbo.php%26videoTitle%3dHBO%26director%3dusachannels.tv%26genre%3dLive%2bTV%26referer%3dhttp%253A%252F%252Fusachannels.tv%252Fhbo.php%26definedIn%3dusachannels.tv.cfg%26type%3drss&amp;mode=1&amp;sf_options=fanart%3Dspecial%3A%2F%2Fhome%2Faddons%2Fplugin.video.SportsDevil-2016.30.30%2Ffanart.jpg%26_options_sf&quot;,return)</favourite>
</favourites>