<favourites>
	<favourite name="ABC vidtime 17//11/2016" thumb=" ">PlayMedia(&quot;plugin://plugin.video.VidTime/?url=https%3A%2F%2Fwww.arconaitv.me%2Fabcde%2F&amp;icon=+&amp;mode=ARCON&amp;name=%5BCOLOR+limegreen%5DABC%5B%2FCOLOR%5D&amp;sf_options=fanart%3Dhttp%3A%2F%2Fs20.postimg.org%2Fdoltr1fu5%2FVTTVBackground.png%26winID%3D10025%26_options_sf&quot;)</favourite>
	<favourite name="[COLOR limegreen]ABC[/COLOR] vidtime 20/11/2016" thumb=" ">PlayMedia(&quot;http://hls.mybeststream.xyz/s/abcc722/oe69e.m3u8?h=owCuXFA3GTyZiCJUC0KHUw&amp;sf_options=fanart%3Dhttp%3A%2F%2Fs20.postimg.org%2Fdoltr1fu5%2FVTTVBackground.png%26winID%3D10025%26_options_sf&quot;)</favourite>
	<favourite name="ABC F4M mic 23/11/2016" thumb="http://www.thelogodb.com/images/media/logo/sqsqst1456747365.png">PlayMedia(&quot;plugin://plugin.video.mic/?url=plugin%3A%2F%2Fplugin.video.f4mTester%2F%3Fstreamtype%3DTSDOWNLOADER%3Bname%3DABC+%26url%3Dhttp%3A%2F%2Flive.softiptv.com%3A9900%2Flive%2FJulian%2FJulian%2F19412.ts&amp;mode=12&amp;sf_options=fanart%3Dhttp%3A%2F%2Fwww.pngall.com%2Fwp-content%2Fuploads%2F2016%2F05%2FAmerica-Flag-PNG-Picture.png%26winID%3D10025%26_options_sf&quot;)</favourite>
	<favourite name="ABC FAMILY HD bamf 30/11/2016" thumb="DefaultVideo.png">PlayMedia(&quot;plugin://plugin.video.sanctuary/?url=plugin%3A%2F%2Fplugin.video.f4mTester%2F%3Fstreamtype%3DTSDOWNLOADER%26amp%3Burl%3Dhttp%3A%2F%2Fkodi-fireiptv.ddns.net%3A8000%2Flive%2FWIL%2FBIS%2F828.ts%3Bname%3DBAMF+TV&amp;mode=1112&amp;sf_options=winID%3D10025%26_options_sf&quot;)</favourite>
	<favourite name="[COLORgreen][B]•[/COLOR][/B]ABC HD oblivion 30/11/2016" thumb="http://oblivionbuilds.com/Oblivionlogo.png">PlayMedia(&quot;plugin://plugin.video.sanctuary/?url=plugin%3A%2F%2Fplugin.video.f4mTester%2F%3Fstreamtype%3DTSDOWNLOADER%26amp%3Burl%3Dhttp%3A%2F%2Flive.softiptv.com%3A9900%2Flive%2F3month%2F3month%2F19412.ts%3Bname%3DOblivion+TV&amp;mode=1112&amp;sf_options=winID%3D10025%26_options_sf&quot;)</favourite>
</favourites>