<favourites>
	<favourite name="ABC vidtime 17//11/2016" thumb=" ">PlayMedia(&quot;plugin://plugin.video.VidTime/?url=https%3A%2F%2Fwww.arconaitv.me%2Fabcde%2F&amp;icon=+&amp;mode=ARCON&amp;name=%5BCOLOR+limegreen%5DABC%5B%2FCOLOR%5D&amp;sf_options=fanart%3Dhttp%3A%2F%2Fs20.postimg.org%2Fdoltr1fu5%2FVTTVBackground.png%26winID%3D10025%26_options_sf&quot;)</favourite>
	<favourite name="[COLOR limegreen]ABC[/COLOR] vidtime 20/11/2016" thumb=" ">PlayMedia(&quot;http://hls.mybeststream.xyz/s/abcc722/oe69e.m3u8?h=owCuXFA3GTyZiCJUC0KHUw&amp;sf_options=fanart%3Dhttp%3A%2F%2Fs20.postimg.org%2Fdoltr1fu5%2FVTTVBackground.png%26winID%3D10025%26_options_sf&quot;)</favourite>
	<favourite name="ABC F4M mic 23/11/2016" thumb="http://www.thelogodb.com/images/media/logo/sqsqst1456747365.png">PlayMedia(&quot;plugin://plugin.video.mic/?url=plugin%3A%2F%2Fplugin.video.f4mTester%2F%3Fstreamtype%3DTSDOWNLOADER%3Bname%3DABC+%26url%3Dhttp%3A%2F%2Flive.softiptv.com%3A9900%2Flive%2FJulian%2FJulian%2F19412.ts&amp;mode=12&amp;sf_options=fanart%3Dhttp%3A%2F%2Fwww.pngall.com%2Fwp-content%2Fuploads%2F2016%2F05%2FAmerica-Flag-PNG-Picture.png%26winID%3D10025%26_options_sf&quot;)</favourite>
	<favourite name="ABC FAMILY HD bamf 30/11/2016" thumb="DefaultVideo.png">PlayMedia(&quot;plugin://plugin.video.sanctuary/?url=plugin%3A%2F%2Fplugin.video.f4mTester%2F%3Fstreamtype%3DTSDOWNLOADER%26amp%3Burl%3Dhttp%3A%2F%2Fkodi-fireiptv.ddns.net%3A8000%2Flive%2FWIL%2FBIS%2F828.ts%3Bname%3DBAMF+TV&amp;mode=1112&amp;sf_options=winID%3D10025%26_options_sf&quot;)</favourite>
	<favourite name="[COLORgreen][B]•[/COLOR][/B]ABC HD oblivion 30/11/2016" thumb="http://oblivionbuilds.com/Oblivionlogo.png">PlayMedia(&quot;plugin://plugin.video.sanctuary/?url=plugin%3A%2F%2Fplugin.video.f4mTester%2F%3Fstreamtype%3DTSDOWNLOADER%26amp%3Burl%3Dhttp%3A%2F%2Flive.softiptv.com%3A9900%2Flive%2F3month%2F3month%2F19412.ts%3Bname%3DOblivion+TV&amp;mode=1112&amp;sf_options=winID%3D10025%26_options_sf&quot;)</favourite>
	<favourite name="ABC zem S4" thumb="DefaultFolder.png">PlayMedia(&quot;plugin://plugin.video.ZemTV-shani/?url=aXBib3g6aHR0cDovL0lQVFZGUkVFMS5DT006Njk2OS9saXZlLz09Pl93d3cuaXB0dnJlc3RyZWFtLm5ldF88PT0vPT0%2BX3d3dy5pcHR2cmVzdHJlYW0ubmV0Xzw9PS8xMzYudHN8VXNlci1BZ2VudD1pcHR2cmVzdHJlYW0ubmV0MQ%3D%3D&amp;mode=11&amp;name=%5BCOLOR+FF11b500%5DUsa+abc+hd%0D+ipbox%5B%2FCOLOR%5D&amp;sf_options=winID%3D10025%26_options_sf&quot;)</favourite>
	<favourite name="ABC mic US" thumb="http://www.thelogodb.com/images/media/logo/sqsqst1456747365.png">PlayMedia(&quot;plugin://plugin.video.mic/?url=plugin%3A%2F%2Fplugin.video.SportsDevil%2F%3Fitem%3Dcatcher%253dstreams%2526title%253dabc%2526url%253dmpd%25253A%25252F%25252Fba354149f3c117ceb69529a1542b6281.m3u8%2526cfg%253dtvone1.tv.cfg%252540Streams%252540Channels%2526videoTitle%253dabc%2526director%253dtvone1.tv%2526genre%253dLive%252bTV%2526referer%253dmpd%25253A%25252F%25252Fba354149f3c117ceb69529a1542b6281.m3u8%2526definedIn%253dtvone1.tv.cfg%2526type%253drss%26mode%3D1&amp;mode=12&amp;sf_options=fanart%3Dhttp%3A%2F%2Fwww.pngall.com%2Fwp-content%2Fuploads%2F2016%2F05%2FAmerica-Flag-PNG-Picture.png%26winID%3D10025%26_options_sf&quot;)</favourite>
</favourites>