<favourites>
	<favourite name="Mio Stadium 104 zem 23/11/2016" thumb="DefaultFolder.png">PlayMedia(&quot;plugin://plugin.video.ZemTV-shani/?url=aXBib3g6aHR0cDovL0lQVFZGUkVFMS5DT006Njk2OS9saXZlL0xpdmV0dmZ1Y2t5b3UvMkJkQXFoWlppTS8xOTMudHN8VXNlci1BZ2VudD0lM0RpcHR2cmVzdHJlYW0ubmV0JTNE&amp;mode=11&amp;name=%5BCOLOR+FF11b500%5DTh+%7C+mio+stadium+104+hd%0D+ipbox%5B%2FCOLOR%5D&amp;sf_options=winID%3D10001%26_options_sf&quot;)</favourite>
	<favourite name="Mio Stadium 104 zem 25/11/2016" thumb="DefaultFolder.png">PlayMedia(&quot;plugin://plugin.video.ZemTV-shani/?url=aXBib3g6aHR0cDovL2lwdHYubW9ua2V5Y2xpbmUuY29tOjI1NDYxL2xpdmUvamFzbmUvamFzbmUvODE5My50c3xVc2VyLUFnZW50PVZMQy8yLjMuMSBMaWJWTEMvMi4yLjE3JkljeS1NZXRhRGF0YT0x&amp;mode=11&amp;name=%5BCOLOR+FF11b500%5DMio+stadium+104%0D+ipbox%5B%2FCOLOR%5D&amp;sf_options=winID%3D10001%26_options_sf&quot;)</favourite>
	<favourite name="Mio Stadium 104 zem 01/12/2016" thumb="DefaultFolder.png">PlayMedia(&quot;plugin://plugin.video.ZemTV-shani/?url=aXBib3g6aHR0cDovL2lwdHYubW9ua2V5Y2xpbmUuY29tOjI1NDYxL2xpdmUvamFzbmUvamFzbmUvNTYzNi50c3xVc2VyLUFnZW50PVZMQy8yLjMuMSBMaWJWTEMvMi4yLjE3JkljeS1NZXRhRGF0YT0x&amp;mode=11&amp;name=%5BCOLOR+FF11b500%5DVip+%3A+mio+stadium+104+hd%0D+ipbox%5B%2FCOLOR%5D&amp;sf_options=winID%3D10001%26_options_sf&quot;)</favourite>
	<favourite name="Mio Stadium 104 cypher 26/11/2016" thumb="DefaultVideo.png">PlayMedia(&quot;plugin://plugin.video.ProjectCypher/?url=plugin%3A%2F%2Fplugin.video.f4mTester%2F%3Fstreamtype%3DTSDOWNLOADER%26amp%3Burl%3Dhttp%3A%2F%2Fmediaiptv.xyz%3A8000%2Flive%2Fcyphermedia8%2F0987654321%2F1884.ts&amp;mode=12&amp;sf_options=winID%3D10001%26_options_sf&quot;)</favourite>
	<favourite name="Mio Stadium 104 white devil 04/12/2016" thumb="http://www.singteltv.com.sg/_channels/pic_ch102.jpg">PlayMedia(&quot;plugin://plugin.video.white.devil/?action=play&amp;url=%3Csublink%3Eplugin%3A%2F%2Fplugin.video.f4mTester%2F%3Fstreamtype%3DTSDOWNLOADER%26amp%3Burl%3Dhttp%3A%2F%2Fmediaiptv.xyz%3A8000%2Flive%2Fjimjam1%2Fjames%2F1883.ts%3C%2Fsublink%3E&amp;sf_options=fanart%3Dspecial%3A%2F%2Fhome%2Faddons%2Fplugin.video.white.devil%2Ffanart.jpg%26winID%3D10001%26_options_sf&quot;)</favourite>
</favourites>