<favourites>
	<favourite name="BBC Two - FILMON.TV SD" thumb="http://static.filmon.com/couch/channels/25/extra_big_logo.png">PlayMedia(&quot;plugin://plugin.video.F.T.V/?url=25&amp;mode=125&amp;name=BBC+Two+%2825%29&amp;iconimage=http%3A%2F%2Fstatic.filmon.com%2Fcouch%2Fchannels%2F25%2Fextra_big_logo.png&amp;start=na&amp;ch_fanart=na&amp;sf_options=fanart%3Dspecial%3A%2F%2Fhome%2Faddons%2Fplugin.video.F.T.V%2Ffanart.jpg%26winID%3D10025%26desc%3Ddescription%26_options_sf&quot;)</favourite>
	<favourite name="BBC Two - Freeview 720p" thumb="https://assets.tvplayer.com/common/logos/256/Inverted/90.png">PlayMedia(&quot;plugin://plugin.video.freeview/?url=http%3A%2F%2Fvs-hls-uk-live.edgesuite.net%2Fpool_31%2Flive%2Fbbc_two_hd%2Fbbc_two_hd.isml%2Fbbc_two_hd-pa4%253d128000-video%253d5070000.m3u8&amp;mode=1&amp;name=BBC+Two+HD&amp;sf_options=fanart%3Dspecial%3A%2F%2Fhome%2Faddons%2Fplugin.video.freeview%2Ffanart.jpg%26winID%3D10025%26_options_sf&quot;)</favourite>
	<favourite name="BBC Two HD - BBC iPlayer" thumb="https://assets.tvplayer.com/common/logos/256/Inverted/90.png">PlayMedia(&quot;plugin://plugin.video.freeview/?url=http%3A%2F%2Fvs-hls-uk-live.edgesuite.net%2Fpool_31%2Flive%2Fbbc_two_hd%2Fbbc_two_hd.isml%2Fbbc_two_hd-pa4%253d128000-video%253d5070000.m3u8&amp;mode=1&amp;name=BBC+Two+HD+%7C+BBC+iPlayer&amp;sf_options=fanart%3Dspecial%3A%2F%2Fhome%2Faddons%2Fplugin.video.freeview%2Ffanart.jpg%26winID%3D10025%26_options_sf&quot;)</favourite>
	<favourite name="BBC Two - FilmOn" thumb="https://assets.tvplayer.com/common/logos/256/Inverted/90.png">PlayMedia(&quot;plugin://plugin.video.freeview/?url=https%3A%2F%2Fwww.filmon.com%2Ftv%2Fbbc-two&amp;mode=1&amp;name=BBC+Two+%7C+FilmOn&amp;sf_options=fanart%3Dspecial%3A%2F%2Fhome%2Faddons%2Fplugin.video.freeview%2Ffanart.jpg%26winID%3D10025%26_options_sf&quot;)</favourite>
	<favourite name="BBC Two - TVPlayer" thumb="https://assets.tvplayer.com/common/logos/256/Inverted/90.png">PlayMedia(&quot;plugin://plugin.video.freeview/?url=90&amp;mode=2&amp;name=BBC+Two+%7C+TVPlayer&amp;sf_options=fanart%3Dspecial%3A%2F%2Fhome%2Faddons%2Fplugin.video.freeview%2Ffanart.jpg%26winID%3D10025%26_options_sf&quot;)</favourite>
	<favourite name="[COLORgreen][B]•[/COLOR][/B] BBC Two" thumb="http://vps.oblivionbuilds.com/Oblivionlogo.png">PlayMedia(&quot;plugin://plugin.video.OblivionStreams/?url=http%3A%2F%2Fa.files.bbci.co.uk%2Fmedia%2Flive%2Fmanifesto%2Faudio_video%2Fsimulcast%2Fhls%2Fuk%2Fabr_hdtv%2Fak%2Fbbc_two_hd.m3u8&amp;mode=12&amp;sf_options=winID%3D10025%26_options_sf&quot;)</favourite>
	<favourite name="[B][COLOR lime]UK |[/COLOR][/B] BBC Two sanctuary 01/12/2016" thumb="DefaultVideo.png">PlayMedia(&quot;plugin://plugin.video.sanctuary/?url=plugin%3A%2F%2Fplugin.video.f4mTester%2F%3Fstreamtype%3DTSDOWNLOADER%26amp%3Burl%3Dhttp%3A%2F%2Fwww.zeebra.tv%3A8000%2Flive%2Ftiger009%2Ftiger009%2F2319.ts%26amp%3Bname%3D%5BB%5D%5BCOLOR+lime%5DUltra+IPTV%5B%2FCOLOR%5D%5B%2FB%5D&amp;mode=1112&amp;sf_options=winID%3D10025%26_options_sf&quot;)</favourite>
</favourites>