<favourites>
	<favourite name="BBC Two Fido" thumb="http://www.ugandacf.org/images/clients/ucf-bbc-logo.png">PlayMedia(&quot;plugin://plugin.video.sanctuary/?fanart=http%3a%2f%2ffantazyrepo.uk%2faddonimages%2flivetv%2fLiveTV.jpg&amp;mode=1130&amp;name=BBC%202&amp;url=%0asublink%3ahttp%3a%2f%2fvs-hds-uk-live.bbcfmt.hs.llnwd.net%2fpool_31%2flive%2fbbc_two_hd%2fbbc_two_hd.isml%2fbbc_two_hd-pa3%3d96000-video%3d827008.m3u8%23%0asublink%3ahttp%3a%2f%2forigin.catchup.tv%3a1935%2fcatchuptv%2f5739e4c1ea%2fplaylist999.m3u8%23%0a&amp;sf_options=fanart%3Dhttp%3A%2F%2Ffantazyrepo.uk%2Faddonimages%2Flivetv%2FLiveTV.jpg%26winID%3D10001%26_options_sf&quot;)</favourite>
	<favourite name="BBC Two - FILMON.TV SD" thumb="http://static.filmon.com/couch/channels/25/extra_big_logo.png">PlayMedia(&quot;plugin://plugin.video.F.T.V/?url=25&amp;mode=125&amp;name=BBC+Two+%2825%29&amp;iconimage=http%3A%2F%2Fstatic.filmon.com%2Fcouch%2Fchannels%2F25%2Fextra_big_logo.png&amp;start=na&amp;ch_fanart=na&amp;sf_options=fanart%3Dspecial%3A%2F%2Fhome%2Faddons%2Fplugin.video.F.T.V%2Ffanart.jpg%26winID%3D10001%26desc%3Ddescription%26_options_sf&quot;)</favourite>
	<favourite name="BBC Two - Freeview 720p" thumb="https://assets.tvplayer.com/common/logos/256/Inverted/90.png">PlayMedia(&quot;plugin://plugin.video.freeview/?url=http%3A%2F%2Fvs-hls-uk-live.edgesuite.net%2Fpool_31%2Flive%2Fbbc_two_hd%2Fbbc_two_hd.isml%2Fbbc_two_hd-pa4%253d128000-video%253d5070000.m3u8&amp;mode=1&amp;name=BBC+Two+HD&amp;sf_options=fanart%3Dspecial%3A%2F%2Fhome%2Faddons%2Fplugin.video.freeview%2Ffanart.jpg%26winID%3D10001%26_options_sf&quot;)</favourite>
	<favourite name="BBC Two HD - BBC iPlayer" thumb="https://assets.tvplayer.com/common/logos/256/Inverted/90.png">PlayMedia(&quot;plugin://plugin.video.freeview/?url=http%3A%2F%2Fvs-hls-uk-live.edgesuite.net%2Fpool_31%2Flive%2Fbbc_two_hd%2Fbbc_two_hd.isml%2Fbbc_two_hd-pa4%253d128000-video%253d5070000.m3u8&amp;mode=1&amp;name=BBC+Two+HD+%7C+BBC+iPlayer&amp;sf_options=fanart%3Dspecial%3A%2F%2Fhome%2Faddons%2Fplugin.video.freeview%2Ffanart.jpg%26winID%3D10001%26_options_sf&quot;)</favourite>
	<favourite name="BBC Two - FilmOn" thumb="https://assets.tvplayer.com/common/logos/256/Inverted/90.png">PlayMedia(&quot;plugin://plugin.video.freeview/?url=https%3A%2F%2Fwww.filmon.com%2Ftv%2Fbbc-two&amp;mode=1&amp;name=BBC+Two+%7C+FilmOn&amp;sf_options=fanart%3Dspecial%3A%2F%2Fhome%2Faddons%2Fplugin.video.freeview%2Ffanart.jpg%26winID%3D10001%26_options_sf&quot;)</favourite>
</favourites>