<favourites>
	<favourite name="Renegades 4 BBC Two HD | BBC iPlayer" thumb="https://assets.tvplayer.com/common/logos/256/Inverted/90.png">PlayMedia(&quot;plugin://plugin.video.freeview/?url=http%3A%2F%2Fvs-hls-uk-live.edgesuite.net%2Fpool_31%2Flive%2Fbbc_two_hd%2Fbbc_two_hd.isml%2Fbbc_two_hd-pa4%253d128000-video%253d5070000.m3u8&amp;mode=1&amp;name=BBC+Two+HD+%7C+BBC+iPlayer&amp;sf_options=fanart%3Dspecial%3A%2F%2Fhome%2Faddons%2Fplugin.video.freeview%2Ffanart.jpg%26winID%3D10025%26_options_sf&quot;)</favourite>
	<favourite name="Renegades 4 BBC Two | FilmOn" thumb="https://assets.tvplayer.com/common/logos/256/Inverted/90.png">PlayMedia(&quot;plugin://plugin.video.freeview/?url=https%3A%2F%2Fwww.filmon.com%2Ftv%2Fbbc-two&amp;mode=1&amp;name=BBC+Two+%7C+FilmOn&amp;sf_options=fanart%3Dspecial%3A%2F%2Fhome%2Faddons%2Fplugin.video.freeview%2Ffanart.jpg%26winID%3D10025%26_options_sf&quot;)</favourite>
	<favourite name="Renegades 4 BBC Two | TVPlayer" thumb="https://assets.tvplayer.com/common/logos/256/Inverted/90.png">PlayMedia(&quot;plugin://plugin.video.freeview/?url=90&amp;mode=2&amp;name=BBC+Two+%7C+TVPlayer&amp;sf_options=fanart%3Dspecial%3A%2F%2Fhome%2Faddons%2Fplugin.video.freeview%2Ffanart.jpg%26winID%3D10025%26_options_sf&quot;)</favourite>
	<favourite name="Renegades 4 BBC Two" thumb="special://home/addons/plugin.video.iplayerwww/media/bbc_two_hd.png">PlayMedia(&quot;plugin://plugin.video.iplayerwww/?url=bbc_two_hd&amp;mode=203&amp;name=BBC+Two&amp;iconimage=%2Fstorage%2Femulated%2F0%2FAndroid%2Fdata%2Fcom.semperpax.spmc16%2Ffiles%2F.spmc%2Faddons%2Fplugin.video.iplayerwww%2Fmedia%2Fbbc_two_hd.png&amp;description=&amp;subtitles_url=&amp;logged_in=False&amp;sf_options=winID%3D10025%26_options_sf&quot;)</favourite>
</favourites>