<favourites>
	<favourite name="Renegades 4 SD" thumb="DefaultFolder.png">PlayMedia(&quot;plugin://plugin.video.ZemTV-shani/?url=aXBib3g6aHR0cDovL2p1MDMxLmp1cGl0ZXIuZmFzdHdlYnNlcnZlci5kZTo4MDAwL2xpdmUva3Jpcy9rcmlzLzgzNDAudHN8VXNlci1BZ2VudD1WTEMvMi4yLjEgTGliVkxDLzIuMi4xNyZJY3ktTWV0YURhdGE9MQ%3D%3D&amp;mode=11&amp;name=%5BCOLOR+FF11b500%5DUk%3A+bt+sports+espn%0D+ipbox%5B%2FCOLOR%5D&amp;sf_options=winID%3D10025%26_options_sf&quot;)</favourite>
	<favourite name="Renegades 4 720p" thumb="http://thevoice-fuerteventura.com/directory/wp-content/uploads/2014/07/keep-calm-live-football-shown-here-2.png">PlayMedia(&quot;plugin://plugin.video.NJMSoccer/?url=plugin%3A%2F%2Fplugin.video.SportsDevil%2F%3Fmode%3D1%26amp%3Bitem%3Dcatcher%253dstreams%2526url%3Dhttp%3A%2F%2Fwww.liveonlinetv247.info%2Fbtsportespn.php%2526referer%3Dhttp%3A%2F%2Fwww.liveonlinetv247.info&amp;mode=12&amp;sf_options=fanart%3Dhttp%3A%2F%2Fthevoice-fuerteventura.com%2Fdirectory%2Fwp-content%2Fuploads%2F2014%2F07%2Fkeep-calm-live-football-shown-here-2.png%26winID%3D10025%26_options_sf&quot;)</favourite>
	<favourite name="Renegades 4 720p" thumb="http://mediaportal-uk-logos.googlecode.com/svn/trunk/TV/Simple/BT%20Sport%20ESPN%20HD.png ">PlayMedia(&quot;plugin://plugin.video.VidTime/?url=http%3A%2F%2Fwww.liveonlinetv247.info%2Fbtsportespn.php&amp;icon=http%3A%2F%2Fmediaportal-uk-logos.googlecode.com%2Fsvn%2Ftrunk%2FTV%2FSimple%2FBT%2520Sport%2520ESPN%2520HD.png+&amp;mode=ONTV&amp;name=%5BCOLOR+white%5DBT+Sport+ESPN%5B%2FCOLOR%5D&amp;sf_options=fanart%3Dhttp%3A%2F%2Fs5.postimg.org%2Faby4q1mvb%2Funited_kingdom_flag_16_cool_background.jpg%26winID%3D10025%26_options_sf&quot;)</favourite>
	<favourite name="Renegades 4" thumb="DefaultVideo.png">PlayMedia(&quot;plugin://plugin.video.prosport/?url=http%3A%2F%2Fsingidunum.club%2Fwlive26a.html&amp;mode=play&amp;orig=%5BCOLOR%3DFF00FF00%5D%5BB%5DToronto+Blue+Jays+at+Texas+Rangers%5B%2FB%5D%5B%2FCOLOR%5D&amp;sf_options=winID%3D10025%26_options_sf&quot;)</favourite>
	<favourite name="Renegades 4 720p" thumb="DefaultVideo.png">PlayMedia(&quot;plugin://plugin.video.prosport/?url=http%3A%2F%2Fstreamhd.eu%2Fmlb%2Ftexas-rangers-vs-toronto-blue-jays-live-stream-812.php&amp;mode=play&amp;orig=%5BCOLOR%3DFF00FF00%5D%5BB%5DToronto+Blue+Jays+at+Texas+Rangers%5B%2FB%5D%5B%2FCOLOR%5D&amp;sf_options=winID%3D10025%26_options_sf&quot;)</favourite>
	<favourite name="Renegades 4 Texas Rangers - Toronto Blue Jays" thumb="DefaultFolder.png">PlayMedia(&quot;plugin://plugin.video.ZemTV-shani/?url=U3BvcnRzMzY1OmFIUjBjRG92TDNkM2R5NXpjRzl5ZERNMk5TNXNhWFpsTDJWdUwyeHBibXR6THpVM1pqbG1NakpsWlRoaFlXTTJOVGd5TmpJMU9UUXZNUT09&amp;mode=11&amp;name=%5BCOLOR+FF11b500%5DBaseball+%3A+00%3A35+%3A+%5BCOLOR+orange%5D%5BEnglish%5D%5B%2FCOLOR%5DTexas+Rangers+-+Toronto+Blue+Jays%5B%2FCOLOR%5D&amp;sf_options=winID%3D10025%26_options_sf&quot;)</favourite>
</favourites>