<favourites>
	<favourite name="Renegades 4 - SS2 SD" thumb="DefaultVideo.png">PlayMedia(&quot;plugin://plugin.video.NJMSoccer/?url=plugin%3A%2F%2Fplugin.video.SportsDevil%2F%3Fmode%3D1%26amp%3Bitem%3Dcatcher%253dstreams%2526url%3Dhttp%3A%2F%2Fwww.liveonlinetv247.info%2Fskysports2.php%2526referer%3Dhttp%3A%2F%2Fwww.liveonlinetv247.info&amp;mode=12&amp;sf_options=fanart%3Dhttp%3A%2F%2Fi57.tinypic.com%2F21l07rc.png%26winID%3D10025%26_options_sf&quot;)</favourite>
	<favourite name="Renegades 4 - SS 2" thumb="DefaultVideo.png">PlayMedia(&quot;plugin://plugin.video.NJMSoccer/?url=%24doregex%5Bm3u8%5D&amp;mode=17&amp;regexs=%7Bu%27m3u8%27%3A%20%7B%27refer%27%3A%20u%27http%3A//www.streamhd.eu/tv/sky-sports-2-live-stream.php%27%2C%20%27page%27%3A%20u%27http%3A//widestream.io/embed-128%27%2C%20%27expre%27%3A%20u%27file%3A%20%22%28%5B%5E%5C%5C%22%5D.%2A%29%22%27%7D%7D&amp;sf_options=fanart%3Dspecial%3A%2F%2Fhome%2Faddons%2Fplugin.video.NJMSoccer%2Ffanart.jpg%26winID%3D10025%26_options_sf&quot;)</favourite>
	<favourite name="Renegades 4 - Sky Sport 2 [720p]" thumb="http://i60.tinypic.com/2a8f14g.png">PlayMedia(&quot;plugin://plugin.video.NJMSoccer/?url=plugin%3A%2F%2Fplugin.video.f4mTester%2F%3Fstreamtype%3DTSDOWNLOADER%26url%3Dhttp%3A%2F%2Fwww.q7t1.com%3A8000%2Flive%2FsYKADDaJs2%2FSnoQc6v4hZ%2F1097.ts&amp;mode=12&amp;sf_options=fanart%3Dspecial%3A%2F%2Fhome%2Faddons%2Fplugin.video.NJMSoccer%2Ffanart.jpg%26winID%3D10025%26_options_sf&quot;)</favourite>
	<favourite name="Renegades 4 ~ Green Bay Packers vs Jacksonville Jaguars" thumb="http://1.bp.blogspot.com/-fCr2mhnFycg/ULNf-_Z7JdI/AAAAAAAAA98/IiN9pZb-CZc/s1600/NFL+wallpaper+01.jpg">PlayMedia(&quot;plugin://plugin.video.NJMSoccer/?url=plugin%3A%2F%2Fplugin.video.SportsDevil%2F%3Fmode%3D1%26amp%3Bitem%3Dcatcher%253dstreams%2526url%3Dhttp%3A%2F%2Fstreamhdeu.com%2Fplayer1%2Fstream11.php%2526referer%3Dhttp%3A%2F%2Fwww.streamhd.eu%2Fnfl%2Fgreen-bay-packers-vs-jacksonville-jaguars-live-stream-806.php&amp;mode=12&amp;sf_options=fanart%3Dhttp%3A%2F%2Fprod.static.bears.clubs.nfl.com%2Fassets%2Fimages%2Ffan-zone%2Fwallpapers%2F2012-wallpaper%2FBennett_1920x1080.jpg%26winID%3D10025%26_options_sf&quot;)</favourite>
	<favourite name="Renegades 4 - Nfl Green Bay Packers at Jacksonville Jaguars" thumb="http://cdn.fansided.com/wp-content/assets/site_images/fansided/headers/logo-nfl.png">PlayMedia(&quot;plugin://plugin.video.NJMSoccer/?url=plugin%3A%2F%2Fplugin.video.SportsDevil%2F%3Fmode%3D1%26amp%3Bitem%3Dcatcher%253dstreams%2526url%3Dhttp%3A%2F%2Fwizhdsports.be%2Flive%2Fstream27.php%2526referer%3Dhttp%3A%2F%2Fwizhdsports.be&amp;mode=12&amp;sf_options=fanart%3Dspecial%3A%2F%2Fhome%2Faddons%2Fplugin.video.NJMSoccer%2Ffanart.jpg%26winID%3D10025%26_options_sf&quot;)</favourite>
	<favourite name="Renegades 4 - [COLOR red]Jacksonville Jaguars vs Green Bay Packers[/COLOR]" thumb="http://i65.tinypic.com/bi04uf.jpg">PlayMedia(&quot;plugin://plugin.video.MoneySports/?url=plugin%3A%2F%2Fplugin.video.f4mTester%2F%3Fstreamtype%3DHLS%26url%3Dhttp%253A%252F%252Fcdn.sstream.pw%252Flive%252Ftvb131%252Fplaylist.m3u8%257CReferer%253Dhttp%25253A%25252F%25252Fwww.playerapp1.pw%25252Fembed.php%25253Fc%25253D137%252526width%25253D800%252526height%25253D450%252526autostart%25253Dtrue%252526tk1%25253DeGJfqG2WVADZwTZPB1eP9sWcaXeKlFRPCu7BYA8DIcoRR5SPAEWNeMOIr2nSS2Z7ObLF6XZQeBzC3P4ImSd%25252FcA%25253D%25253D%252526tk2%25253DOJpyXJSRq6nyaAQv21u5SwaQqMvKVFIJay8ERyN3qgU%25253D%252526tk3%25253DBo1u1iA58lGNJCIdMCGoAVBihi1zxPsxFUVUZ0GSq3M%25253D%2526User-Agent%253DMozilla%25252F5.0%252520%28Windows%252520NT%2525206.1%25253B%252520WOW64%29%252520AppleWebKit%25252F537.36%252520%28KHTML%25252C%252520like%252520Gecko%29%252520Chrome%25252F50.0.2661.94%252520Safari%25252F537.36&amp;mode=12&amp;sf_options=fanart%3Dhttp%3A%2F%2Fi65.tinypic.com%2Fbbtld.jpg%26winID%3D10025%26_options_sf&quot;)</favourite>
<favourite name="Renegades 4 - NFL Sunday Pass by Oblivion f4m Server1" thumb="http://vps.oblivionbuilds.com/Oblivionlogo.png">PlayMedia(&quot;plugin://plugin.video.f4mTester/?streamtype=TSDOWNLOADER&amp;url=http://uk-xtream-iptv.noip.me:25461/live/FkDOaYXC0T/ijK3ZfEaax/2245.ts&quot;name=Oblivion TV Sky Sports 2HD&quot;)</favourite>
<favourite name="Renegades 4 - NFL Sunday Pass by Oblivion f4m Server2" thumb="http://vps.oblivionbuilds.com/Oblivionlogo.png">PlayMedia(&quot;plugin://plugin.video.f4mTester/?streamtype=TSDOWNLOADER&amp;url=http://uk-xtream-iptv.noip.me:25461/live/FkDOaYXC0T/ijK3ZfEaax/16.ts;name=Oblivion TV Sky Sports 2HD&quot;)</favourite>
<favourite name="Renegades 4 - NFL Sunday Pass by Oblivion f4m Server3" thumb="http://vps.oblivionbuilds.com/Oblivionlogo.png">PlayMedia(&quot;plugin://plugin.video.f4mTester/?streamtype=TSDOWNLOADER&amp;url=http://uk-xtream-iptv.noip.me:25461/live/FkDOaYXC0T/ijK3ZfEaax/1086.ts;name=Oblivion TV Sky Sports 2HD&quot;)</favourite>
</favourites>