<favourites>
	<favourite name="Renegades 4 Hull City vs Crystal Palace" thumb="http://mamahd.com/images/leagues/123.png">PlayMedia(&quot;plugin://plugin.video.ZemTV-shani/?url=bWFtYWhkOmh0dHA6Ly9tYW1haGQuY29tL2Zvb3RiYWxsLWxpdmUtc3RyZWFtaW5nLW9ubGluZS1mb3ItZnJlZV9wcmVtaWVyLWxlYWd1ZS1saXZlLXN0cmVhbWlnXzc2ODBfd2F0Y2gtbGl2ZS1odWxsLWNpdHktdnMtY3J5c3RhbC1wYWxhY2UtMS5odG1s&amp;mode=11&amp;name=Hull+City+vs+Crystal+Palace%5BCOLOR+red%5D%0ALIVE+in+21+Hrs%5B%2FCOLOR%5D&amp;sf_options=winID%3D10025%26_options_sf&quot;)</favourite>
	<favourite name="Renegades 4 Hull City vs Crystal Palace" thumb="/images/icons/football.png">PlayMedia(&quot;plugin://plugin.video.ZemTV-shani/?url=c3RyZWFtaGQ6aHR0cDovL3d3dy5zdHJlYW1oZC5ldS9mb290YmFsbC9odWxsLWNpdHktdnMtY3J5c3RhbC1wYWxhY2UtbGl2ZS1zdHJlYW0tNjczLnBocA%3D%3D&amp;mode=11&amp;name=%5BCOLOR+green%5D+15%3A00+GMT%5B%2FCOLOR%5D%3A+%5BCOLOR+red%5D+Football%5B%2FCOLOR%5D++%0A+Hull+City+vs+Crystal+Palace+&amp;sf_options=winID%3D10025%26_options_sf&quot;)</favourite>
	<favourite name="Renegades 4 [COLOR blue]HULL CITY [/COLOR][COLOR lime]V [/COLOR][COLOR blue]CRYSTAL PALACE[/COLOR]" thumb="http://i.imgur.com/9MCxK6C.png">PlayMedia(&quot;plugin://plugin.video.livepremiership/?url=http%3A%2F%2Fpastebin.com%2Fraw%2F5C8FR51q&amp;mode=8&amp;name=%5BCOLOR+blue%5DHULL+CITY+%5B%2FCOLOR%5D%5BCOLOR+lime%5DV+%5B%2FCOLOR%5D%5BCOLOR+blue%5DCRYSTAL+PALACE%5B%2FCOLOR%5D&amp;fanart=http%3A%2F%2Fi.imgur.com%2FzaL52nG.png&amp;sf_options=fanart%3Dhttp%3A%2F%2Fi.imgur.com%2FzaL52nG.png%26winID%3D10025%26_options_sf&quot;)</favourite>
	<favourite name="Renegades 4 Hull V Crystal Palace HD" thumb="http://matsbuilds.uk/pics/newevolveicons/sports.PNG">PlayMedia(&quot;plugin://plugin.video.Evolve/?url=http%3A%2F%2Fiptvch.selfip.info%2Flive%2Fsayed%2Fsayed%2F1568.ts%0D&amp;mode=2&amp;name=astro+2+hd%0D&amp;description=&amp;iconimage=http%3A%2F%2Fmatsbuilds.uk%2Fpics%2Fnewevolveicons%2Fsports.PNG&amp;sf_options=fanart%3Dhttps%3A%2F%2Fsuperrepo.org%2Fstatic%2Fimages%2Ffanart%2Foriginal%2Fplugin.video.LiveTV.jpg%26winID%3D10025%26_options_sf&quot;)</favourite>
</favourites>