<favourites>
	<favourite name="Renegades 4 - Stoke" thumb="http://i64.tinypic.com/29gyoo.png">PlayMedia(&quot;plugin://plugin.video.NJMSoccer/?url=plugin%3A%2F%2Fplugin.video.SportsDevil%2F%3Fmode%3D1%26amp%3Bitem%3Dcatcher%253dstreams%2526url%3Dhttp%3A%2F%2Fwww.247hd.info%2Fhd%2Fhd8.php%2526referer%3Dhttp%3A%2F%2Fwww.247hd.info%2Fhd%2Fhd8.php&amp;mode=12&amp;sf_options=fanart%3Dhttp%3A%2F%2Fi64.tinypic.com%2F29gyoo.png%26winID%3D10025%26_options_sf&quot;)</favourite>
	<favourite name="Renegades 4 - Stoke" thumb="https://i.ytimg.com/vi/Lxv5YiumGdI/maxresdefault.jpg">PlayMedia(&quot;plugin://plugin.video.NJMSoccer/?url=plugin%3A%2F%2Fprogram.plexus%2F%3Fmode%3D1%26url%3Dacestream%3A%2F%2F7751ab0b9fda8b9069039ca4ecf05b19fb32bdbc%26name%3DMy%2Bacestream%2Bchannel&amp;mode=12&amp;sf_options=fanart%3Dhttps%3A%2F%2Fi.ytimg.com%2Fvi%2FLxv5YiumGdI%2Fmaxresdefault.jpg%26winID%3D10025%26_options_sf&quot;)</favourite>
	<favourite name="Renegades 4 - Stoke" thumb="https://i.ytimg.com/vi/Lxv5YiumGdI/maxresdefault.jpg">PlayMedia(&quot;plugin://plugin.video.NJMSoccer/?url=plugin%3A%2F%2Fprogram.plexus%2F%3Fmode%3D1%26url%3Dacestream%3A%2F%2F93de1b7af936c55b7df9856e025f82a0e701977d%26name%3DMy%2Bacestream%2Bchannel&amp;mode=12&amp;sf_options=fanart%3Dhttps%3A%2F%2Fi.ytimg.com%2Fvi%2FLxv5YiumGdI%2Fmaxresdefault.jpg%26winID%3D10025%26_options_sf&quot;)</favourite>
	<favourite name="Renegades 4 - Stoke" thumb="http://icons.iconarchive.com/icons/custom-icon-design/pretty-office-6/256/football-icon.png">PlayMedia(&quot;plugin://plugin.video.Evolve/?url=plugin%3A%2F%2Fplugin.video.SportsDevil%2F%3Fmode%3D1%26amp%3Bitem%3Dcatcher%253dstreams%2526url%3Dhttp%3A%2F%2Fwww.247hd.info%2Fhd6.php&amp;mode=16&amp;name=%5BB%5D%5BCOLOR+orange%5DStoke+vs+Hull+City+15.00%5B%2FCOLOR%5D%5B%2FB%5D&amp;description=&amp;fanart=http%3A%2F%2Fi.imgur.com%2FZgICDMW.jpg&amp;iconimage=http%3A%2F%2Ficons.iconarchive.com%2Ficons%2Fcustom-icon-design%2Fpretty-office-6%2F256%2Ffootball-icon.png&amp;sf_options=fanart%3Dhttp%3A%2F%2Fi.imgur.com%2FZgICDMW.jpg%26winID%3D10025%26_options_sf&quot;)</favourite>
	<favourite name="Renegades 4 - Jays PROSPORT" thumb="DefaultVideo.png">PlayMedia(&quot;plugin://plugin.video.prosport/?url=http%3A%2F%2F101livesportsvideos.com%2Fvideos%2Fbaltimore-orioles-vs-toronto-blue-jays-2&amp;mode=play&amp;orig=%5BCOLOR%3DFF00FF00%5D%5BB%5DToronto+Blue+Jays+at+Baltimore+Orioles%5B%2FB%5D%5B%2FCOLOR%5D&amp;sf_options=winID%3D10025%26_options_sf&quot;)</favourite>
	<favourite name="Renegades 4 - Jays PROSPORT" thumb="DefaultVideo.png">PlayMedia(&quot;plugin://plugin.video.prosport/?url=http%3A%2F%2Fyoursportsinhd.com%2Fmlb%2Fgame%2F490271%2F&amp;mode=play&amp;orig=%5BCOLOR%3DFF00FF00%5D%5BB%5DToronto+Blue+Jays+at+Baltimore+Orioles%5B%2FB%5D%5B%2FCOLOR%5D&amp;sf_options=winID%3D10025%26_options_sf&quot;)</favourite>
	<favourite name="Renegades 4 - JAYS MIC" thumb="http://i438.photobucket.com/albums/qq102/krazykraz/SN-ONE.png">PlayMedia(&quot;plugin://plugin.video.mic/?url=http%3A%2F%2Fbbrtv.ddns.net%3A8000%2Flive%2Fxxxxx%2Fxxxxx%2F71.ts&amp;mode=12&amp;iconimage=http%3A%2F%2Fi438.photobucket.com%2Falbums%2Fqq102%2Fkrazykraz%2FSN-ONE.png&amp;sf_options=fanart%3Dhttp%3A%2F%2Fi438.photobucket.com%2Falbums%2Fqq102%2Fkrazykraz%2FSportsNetNow.jpg%26winID%3D10025%26_options_sf&quot;)</favourite>
	<favourite name="Renegades 4 - JAYS MIC" thumb="http://playballacademycanada.ca/img/logo.png">PlayMedia(&quot;plugin://plugin.video.mic/?url=plugin%3A%2F%2Fprogram.plexus%2F%3Furl%3Dacestream%253A%252F%252Fee9b4f05e229e25cd2e038f8f9995cc9f9098271%26mode%3D1%26name%3DSPORTSNET+ONE&amp;mode=12&amp;iconimage=http%3A%2F%2Fplayballacademycanada.ca%2Fimg%2Flogo.png&amp;sf_options=fanart%3Dhttp%3A%2F%2Fwww.baseballrecruitnetwork.com%2Fwp-content%2Fuploads%2F2015%2F09%2Fbaseball-stadium.mgn_.jpg%26winID%3D10025%26_options_sf&quot;)</favourite>
</favourites>