<favourites>
	<favourite name="Renegades 4 BBC 1 EVOLVE" thumb="http://www.thaisatellite.tv/ftv/logos/BBC%20One.png">PlayMedia(&quot;plugin://plugin.video.Evolve/?url=http%3A%2F%2Fwww.matsbuilds.uk%2FGoliathLists%2Flivetv1.xml&amp;mode=3&amp;name=%5BCOLOR+red%5DBBC+1%5B%2FCOLOR%5D&amp;description=&amp;fanart=https%3A%2F%2Fsuperrepo.org%2Fstatic%2Fimages%2Ffanart%2Foriginal%2Fplugin.video.LiveTV.jpg&amp;sf_options=fanart%3Dhttps%3A%2F%2Fsuperrepo.org%2Fstatic%2Fimages%2Ffanart%2Foriginal%2Fplugin.video.LiveTV.jpg%26winID%3D10025%26_options_sf&quot;)</favourite>
	<favourite name="Renegades  4 BBC 1 Wales EVOLVE" thumb="http://i.imgur.com/KtI6w2F.png">PlayMedia(&quot;plugin://plugin.video.Evolve/?url=http%3A%2F%2Fwww.matsbuilds.uk%2FGoliathLists%2Flivetv1.xml&amp;mode=3&amp;name=%5BCOLOR+red%5DBBC+1+Wales%5B%2FCOLOR%5D&amp;description=&amp;fanart=https%3A%2F%2Fsuperrepo.org%2Fstatic%2Fimages%2Ffanart%2Foriginal%2Fplugin.video.LiveTV.jpg&amp;sf_options=fanart%3Dhttps%3A%2F%2Fsuperrepo.org%2Fstatic%2Fimages%2Ffanart%2Foriginal%2Fplugin.video.LiveTV.jpg%26winID%3D10025%26_options_sf&quot;)</favourite>
	<favourite name="Renegades 4 BBC 1 Scotland EVOLVE" thumb="http://i.imgur.com/gnqIqE4.png">PlayMedia(&quot;plugin://plugin.video.Evolve/?url=http%3A%2F%2Fwww.matsbuilds.uk%2FGoliathLists%2Flivetv1.xml&amp;mode=3&amp;name=%5BCOLOR+red%5DBBC+1+Scotland%5B%2FCOLOR%5D&amp;description=&amp;fanart=https%3A%2F%2Fsuperrepo.org%2Fstatic%2Fimages%2Ffanart%2Foriginal%2Fplugin.video.LiveTV.jpg&amp;sf_options=fanart%3Dhttps%3A%2F%2Fsuperrepo.org%2Fstatic%2Fimages%2Ffanart%2Foriginal%2Fplugin.video.LiveTV.jpg%26winID%3D10025%26_options_sf&quot;)</favourite>
	<favourite name="Renegades 4 BBC 1 North Ireland EVOLVE" thumb="http://i.imgur.com/I7nPMU7.png">PlayMedia(&quot;plugin://plugin.video.Evolve/?url=http%3A%2F%2Fwww.matsbuilds.uk%2FGoliathLists%2Flivetv1.xml&amp;mode=3&amp;name=%5BCOLOR+red%5DBBC+1+North+Ireland%5B%2FCOLOR%5D&amp;description=&amp;fanart=https%3A%2F%2Fsuperrepo.org%2Fstatic%2Fimages%2Ffanart%2Foriginal%2Fplugin.video.LiveTV.jpg&amp;sf_options=fanart%3Dhttps%3A%2F%2Fsuperrepo.org%2Fstatic%2Fimages%2Ffanart%2Foriginal%2Fplugin.video.LiveTV.jpg%26winID%3D10025%26_options_sf&quot;)</favourite>
	<favourite name="Renegades 4 BBC 2 EVOLVE" thumb="http://www.thaisatellite.tv/ftv/logos/BBC%20Two.png">PlayMedia(&quot;plugin://plugin.video.Evolve/?url=http%3A%2F%2Fwww.matsbuilds.uk%2FGoliathLists%2Flivetv1.xml&amp;mode=3&amp;name=%5BCOLOR+red%5DBBC+2%5B%2FCOLOR%5D&amp;description=&amp;fanart=https%3A%2F%2Fsuperrepo.org%2Fstatic%2Fimages%2Ffanart%2Foriginal%2Fplugin.video.LiveTV.jpg&amp;sf_options=fanart%3Dhttps%3A%2F%2Fsuperrepo.org%2Fstatic%2Fimages%2Ffanart%2Foriginal%2Fplugin.video.LiveTV.jpg%26winID%3D10025%26_options_sf&quot;)</favourite>
	<favourite name="Renegades 4 BBC One London" thumb="https://s4.postimg.org/z61nj8qd9/Bbc_london_logo.jpg">PlayMedia(&quot;plugin://plugin.video.bulldogstreams/?url=http%3A%2F%2Fa.files.bbci.co.uk%2Fmedia%2Flive%2Fmanifesto%2Faudio_video%2Fsimulcast%2Fhls%2Fuk%2Fhls_tablet%2Fak%2Fbbc_one_london.m3u8&amp;mode=12&amp;sf_options=winID%3D10025%26_options_sf&quot;)</favourite>
	<favourite name="Renegades 4 BBC One | TVPlayer" thumb="https://assets.tvplayer.com/common/logos/256/Inverted/89.png">PlayMedia(&quot;plugin://plugin.video.freeview/?url=89&amp;mode=2&amp;name=BBC+One+%7C+TVPlayer&amp;sf_options=fanart%3Dspecial%3A%2F%2Fhome%2Faddons%2Fplugin.video.freeview%2Ffanart.jpg%26winID%3D10025%26_options_sf&quot;)</favourite>
	<favourite name="Renegades 4 BBC One HD | BBC iPlayer" thumb="https://assets.tvplayer.com/common/logos/256/Inverted/89.png">PlayMedia(&quot;plugin://plugin.video.freeview/?url=http%3A%2F%2Fvs-hls-uk-live.edgesuite.net%2Fpool_30%2Flive%2Fbbc_one_hd%2Fbbc_one_hd.isml%2Fbbc_one_hd-pa4%253d128000-video%253d5070000.m3u8&amp;mode=1&amp;name=BBC+One+HD+%7C+BBC+iPlayer&amp;sf_options=fanart%3Dspecial%3A%2F%2Fhome%2Faddons%2Fplugin.video.freeview%2Ffanart.jpg%26winID%3D10025%26_options_sf&quot;)</favourite>
	<favourite name="Renegades 4 BBC Two HD | BBC iPlayer" thumb="https://assets.tvplayer.com/common/logos/256/Inverted/90.png">PlayMedia(&quot;plugin://plugin.video.freeview/?url=http%3A%2F%2Fvs-hls-uk-live.edgesuite.net%2Fpool_31%2Flive%2Fbbc_two_hd%2Fbbc_two_hd.isml%2Fbbc_two_hd-pa4%253d128000-video%253d5070000.m3u8&amp;mode=1&amp;name=BBC+Two+HD+%7C+BBC+iPlayer&amp;sf_options=fanart%3Dspecial%3A%2F%2Fhome%2Faddons%2Fplugin.video.freeview%2Ffanart.jpg%26winID%3D10025%26_options_sf&quot;)</favourite>
	<favourite name="Renegades 4 BBC One 720p" thumb="special://home/addons/plugin.video.iplayerwww/media/bbc_one_hd.png">PlayMedia(&quot;plugin://plugin.video.iplayerwww/?url=bbc_one_hd&amp;mode=203&amp;name=BBC+One&amp;iconimage=%2Fstorage%2Femulated%2F0%2FAndroid%2Fdata%2Fcom.semperpax.spmc16%2Ffiles%2F.spmc%2Faddons%2Fplugin.video.iplayerwww%2Fmedia%2Fbbc_one_hd.png&amp;description=&amp;subtitles_url=&amp;logged_in=False&amp;sf_options=winID%3D10025%26_options_sf&quot;)</favourite>
	<favourite name="Renegades 4 BBC Two 720p" thumb="special://home/addons/plugin.video.iplayerwww/media/bbc_two_hd.png">PlayMedia(&quot;plugin://plugin.video.iplayerwww/?url=bbc_two_hd&amp;mode=203&amp;name=BBC+Two&amp;iconimage=%2Fstorage%2Femulated%2F0%2FAndroid%2Fdata%2Fcom.semperpax.spmc16%2Ffiles%2F.spmc%2Faddons%2Fplugin.video.iplayerwww%2Fmedia%2Fbbc_two_hd.png&amp;description=&amp;subtitles_url=&amp;logged_in=False&amp;sf_options=winID%3D10025%26_options_sf&quot;)</favourite>
</favourites>