<favourites>
	<favourite name="Renegades 4 [COLOR orange] SUNDERLAND VS WATFORD FC [/COLOR] Adrian Sports" thumb="https://s31.postimg.org/xaap1y7ff/premier_league.jpg">ActivateWindow(10025,&quot;plugin://plugin.video.adriansports/?fanart=https%3a%2f%2fgoo.gl%2fkw8Rmg&amp;mode=30&amp;name=%5bCOLOR%20orange%5d%20SUNDERLAND%20VS%20WATFORD%20FC%20%5b%2fCOLOR%5d&amp;url=%0asublink%3aplugin%3a%2f%2fplugin.video.f4mTester%2f%3furl%3dhttp%3a%2f%2fexpressworld.zapto.org%3a8000%2flive%2finternext.zapto.org%2fislam%2f614.ts%26streamtype%3dTSDOWNLOADER%26name%3dTSN1%7cUser-Agent%3dMozilla%2f5.0%20(Windows%20NT%2010.0%3b%20WOW64%3b%20rv%3a47.0)%20Gecko%2f20100101%20Firefox%2f47.0%20FirePHP%2f0.7.4%23%0asublink%3aplugin%3a%2f%2fplugin.video.f4mTester%2f%3furl%3dhttp%3a%2f%2fbulkyiptv.com%3a5750%2flive%2fpaulb%2fpaulb%2f21517.ts%26streamtype%3dTSDOWNLOADER%26name%3dSKYNET3%7cUser-Agent%3dMozilla%2f5.0%20(Windows%20NT%2010.0%3b%20WOW64%3b%20rv%3a47.0)%20Gecko%2f20100101%20Firefox%2f47.0%20FirePHP%2f0.7.4%23%0a&amp;sf_options=fanart%3Dhttps%3A%2F%2Fgoo.gl%2Fkw8Rmg%26meta%3Dlabel%253D%25255BCOLOR%252Borange%25255D%252BSUNDERLAND%252BVS%252BWATFORD%252BFC%252B%25255B%25252FCOLOR%25255D%2526title%253D%25255BCOLOR%252Borange%25255D%252BSUNDERLAND%252BVS%252BWATFORD%252BFC%252B%25255B%25252FCOLOR%25255D%26_options_sf&quot;,return)</favourite>
	<favourite name="Renegades 4 Sunderland vs Watford ZEM" thumb="/images/icons/football.png">PlayMedia(&quot;plugin://plugin.video.ZemTV-shani/?url=c3RyZWFtaGQ6aHR0cDovL3d3dy5zdHJlYW1oZC5ldS9mb290YmFsbC9zdW5kZXJsYW5kLXZzLXdhdGZvcmQtbGl2ZS1zdHJlYW0tNzM3LnBocA%3D%3D&amp;mode=11&amp;name=%5BCOLOR+green%5D+15%3A00+GMT%5B%2FCOLOR%5D%3A+%5BCOLOR+red%5D+Football%5B%2FCOLOR%5D++%0A+Sunderland+vs+Watford+&amp;sf_options=meta%3Dlabel%253D%25255BCOLOR%252Bgreen%25255D%252B15%25253A00%252BGMT%25255B%25252FCOLOR%25255D%25253A%252B%25255BCOLOR%252Bred%25255D%252BFootball%25255B%25252FCOLOR%25255D%252B%252B%25255Cn%252BSunderland%252Bvs%252BWatford%252B%2526title%253D%25255BCOLOR%252Bgreen%25255D%252B15%25253A00%252BGMT%25255B%25252FCOLOR%25255D%25253A%252B%25255BCOLOR%252Bred%25255D%252BFootball%25255B%25252FCOLOR%25255D%252B%252B%25255Cn%252BSunderland%252Bvs%252BWatford%252B%26winID%3D10025%26_options_sf&quot;)</favourite>
	<favourite name="Renegades 4 [COLOR blue]SUNDERLAND [/COLOR][COLOR lime]v[/COLOR][COLOR blue] WATFORD[/COLOR] Live Premiership" thumb="http://i.imgur.com/9MCxK6C.png">PlayMedia(&quot;plugin://plugin.video.livepremiership/?url=http%3A%2F%2Fpastebin.com%2Fraw%2F5C8FR51q&amp;mode=8&amp;name=%5BCOLOR+blue%5DSUNDERLAND+%5B%2FCOLOR%5D%5BCOLOR+lime%5Dv%5B%2FCOLOR%5D%5BCOLOR+blue%5D+WATFORD%5B%2FCOLOR%5D&amp;fanart=http%3A%2F%2Fi.imgur.com%2FzaL52nG.png&amp;sf_options=fanart%3Dhttp%3A%2F%2Fi.imgur.com%2FzaL52nG.png%26meta%3Dlabel%253D%25255BCOLOR%252Bblue%25255DSUNDERLAND%252B%25255B%25252FCOLOR%25255D%25255BCOLOR%252Blime%25255Dv%25255B%25252FCOLOR%25255D%25255BCOLOR%252Bblue%25255D%252BWATFORD%25255B%25252FCOLOR%25255D%2526title%253D%25255BCOLOR%252Bblue%25255DSUNDERLAND%252B%25255B%25252FCOLOR%25255D%25255BCOLOR%252Blime%25255Dv%25255B%25252FCOLOR%25255D%25255BCOLOR%252Bblue%25255D%252BWATFORD%25255B%25252FCOLOR%25255D%26winID%3D10025%26_options_sf&quot;)</favourite>
	<favourite name="Renegades 4 Sunderland Vs Watford Zem TSN4" thumb="DefaultFolder.png">PlayMedia(&quot;plugin://plugin.video.ZemTV-shani/?url=aXBib3g6aHR0cDovL2lwdHYubW9ua2V5Y2xpbmUuY29tOjI1NDYxL2xpdmUvamFzbmUvamFzbmUvMTAwMzYudHN8VXNlci1BZ2VudD1WTEMvMi4zLjEgTGliVkxDLzIuMi4xNyZJY3ktTWV0YURhdGE9MQ%3D%3D&amp;mode=11&amp;name=%5BCOLOR+FF11b500%5DVip+%3A+tsn+hd+4%0D+ipbox%5B%2FCOLOR%5D&amp;sf_options=meta%3Dlabel%253D%25255BCOLOR%252BFF11b500%25255DVip%252B%25253A%252Btsn%252Bhd%252B4%25250D%252Bipbox%25255B%25252FCOLOR%25255D%2526title%253D%25255BCOLOR%252BFF11b500%25255DVip%252B%25253A%252Btsn%252Bhd%252B4%25250D%252Bipbox%25255B%25252FCOLOR%25255D%26winID%3D10025%26_options_sf&quot;)</favourite>
</favourites>