<favourites>
	<favourite name="Renegades 4 - UFC 203 - Miocic v Overeem" thumb="DefaultVideo.png">PlayMedia(&quot;plugin://plugin.video.NJMSoccer/?url=%24doregex%5Bm3u8%5D&amp;mode=17&amp;regexs=%7Bu%27m3u8%27%3A%20%7B%27refer%27%3A%20u%27http%3A//www.streamhd.eu/ufc/ufc-203-miocic-vs-overeem-live-stream-967.php%27%2C%20%27page%27%3A%20u%27http%3A//widestream.io/embed-75%27%2C%20%27expre%27%3A%20u%27file%3A%20%22%28%5B%5E%5C%5C%22%5D.%2A%29%22%27%7D%7D&amp;sf_options=fanart%3Dhttp%3A%2F%2Fwww.theqarena.com%2Fassets%2Fimg%2Fufc-160910-660x380-cdfdd028c3.jpg%26winID%3D10025%26_options_sf&quot;)</favourite>
	<favourite name="Renegades 4 - UFC203 - Miocic v Overeem" thumb="http://www.theqarena.com/assets/img/ufc-160910-660x380-cdfdd028c3.jpg">PlayMedia(&quot;plugin://plugin.video.NJMSoccer/?url=plugin%3A%2F%2Fplugin.video.SportsDevil%2F%3Fmode%3D1%26amp%3Bitem%3Dcatcher%253dstreams%2526url%3Dhttp%3A%2F%2Fwww.liveonlinetv247.info%2Fbtsport2.php%2526referer%3Dhttp%3A%2F%2Fwww.liveonlinetv247.info%2Fbtsport2.php&amp;mode=12&amp;sf_options=fanart%3Dhttp%3A%2F%2Fwww.theqarena.com%2Fassets%2Fimg%2Fufc-160910-660x380-cdfdd028c3.jpg%26winID%3D10025%26_options_sf&quot;)</favourite>
	<favourite name="Renegades 4 - UFC 203" thumb="DefaultVideo.png">PlayMedia(&quot;plugin://plugin.video.NJMSoccer/?url=plugin%3A%2F%2Fplugin.video.SportsDevil%2F%3Fmode%3D1%26amp%3Bitem%3Dcatcher%253dstreams%2526url%3Dhttp%3A%2F%2Fwww.liveonlinetv247.info%2Fbtsport2.php%2526referer%3Dhttp%3A%2F%2Fwww.liveonlinetv247.info&amp;mode=12&amp;sf_options=fanart%3Dhttp%3A%2F%2Fi57.tinypic.com%2F21l07rc.png%26winID%3D10025%26_options_sf&quot;)</favourite>
	<favourite name="Renegades 4 - UFC 203" thumb="DefaultVideo.png">PlayMedia(&quot;plugin://plugin.video.NJMSoccer/?url=%24doregex%5Bm3u8%5D&amp;mode=17&amp;regexs=%7Bu%27m3u8%27%3A%20%7B%27refer%27%3A%20u%27http%3A//www.streamhd.eu/tv/bt-sport-2-live-stream.php%27%2C%20%27page%27%3A%20u%27http%3A//widestream.io/embed-132%27%2C%20%27expre%27%3A%20u%27file%3A%20%22%28%5B%5E%5C%5C%22%5D.%2A%29%22%27%7D%7D&amp;sf_options=fanart%3Dspecial%3A%2F%2Fhome%2Faddons%2Fplugin.video.NJMSoccer%2Ffanart.jpg%26winID%3D10025%26_options_sf&quot;)</favourite>
	<favourite name="Renegades 4 - UFC 203 1080P" thumb="http://i65.tinypic.com/bi04uf.jpg">PlayMedia(&quot;plugin://plugin.video.MoneySports/?url=http%3A%2F%2Flive.funstream.tv%2Fhls%2Fuser62194_krackeron%2Findex.m3u8%3Ftime%3D1473549560499&amp;mode=12&amp;sf_options=fanart%3Dhttp%3A%2F%2Fi65.tinypic.com%2Fbbtld.jpg%26winID%3D10025%26_options_sf&quot;)</favourite>
	<favourite name="Renegades 4 - UFC 203 720p" thumb="http://i65.tinypic.com/bi04uf.jpg">PlayMedia(&quot;plugin://plugin.video.MoneySports/?url=%24doregex%5Bget_sxstream%5D%7CUser-Agent%3DMozilla%2F5.0+%28iPad%3B+CPU+OS+6_0+like+Mac+OS+X%29+AppleWebKit%2F536.26+%28KHTML%2C+like+Gecko%29+Version%2F6.0+Mobile%2F10A5376e+Safari%2F8536.25&amp;mode=17&amp;regexs=%7Bu%27get_sxstream%27%3A%20%7B%27refer%27%3A%20u%27http%3A//streamhdeu.com/%27%2C%20%27page%27%3A%20u%27http%3A//streamhdeu.com/player1/stream12.php%27%2C%20%27expre%27%3A%20u%27file%3A%20.%2A%5B%22%2C%5C%27%5D%28.%2Am3u8.%2A%3F%29%5B%22%2C%5C%27%5D%27%7D%7D&amp;sf_options=fanart%3Dhttp%3A%2F%2Fi65.tinypic.com%2Fbbtld.jpg%26winID%3D10025%26_options_sf&quot;)</favourite>
	<favourite name="Renegades 4 - UFC 203" thumb="http://i65.tinypic.com/bi04uf.jpg">PlayMedia(&quot;plugin://plugin.video.MoneySports/?url=%24doregex%5Bm3u8%5D&amp;mode=17&amp;regexs=%7Bu%27m3u8%27%3A%20%7B%27refer%27%3A%20u%27http%3A//widestream.io/%27%2C%20%27page%27%3A%20u%27http%3A//widestream.io/embed-75%27%2C%20%27expre%27%3A%20u%27file%3A%20%22%28%5B%5E%5C%5C%22%5D.%2A%29%22%27%7D%7D&amp;sf_options=fanart%3Dhttp%3A%2F%2Fi65.tinypic.com%2Fbbtld.jpg%26winID%3D10025%26_options_sf&quot;)</favourite>
	<favourite name="Renegades 4 - UFC 203" thumb="http://i65.tinypic.com/bi04uf.jpg">PlayMedia(&quot;plugin://plugin.video.MoneySports/?url=plugin%3A%2F%2Fplugin.video.SportsDevil%2F%3Fmode%3D1%26amp%3Bitem%3Dcatcher%253dstreams%2526url%3Dhttp%3A%2F%2Fstreamsarena.eu%2Fstreams%2Fstream5.php%2526referer%3Dhttp%3A%2F%2Fstreamsarena.eu%2Fstreams%2Fstream5.php&amp;mode=12&amp;sf_options=fanart%3Dhttp%3A%2F%2Fi65.tinypic.com%2Fbbtld.jpg%26winID%3D10025%26_options_sf&quot;)</favourite>
	<favourite name="Renegades 4 - UFC 203 MIC 4" thumb="http://www.thelogodb.com/images/media/logo/vquqtx1437958881.png">PlayMedia(&quot;plugin://plugin.video.mic/?url=plugin%3A%2F%2Fplugin.video.f4mTester%2F%3Fstreamtype%3DTSDOWNLOADER%3Bname%3DUFC+203+%26url%3Dhttp%3A%2F%2Fmediaiptv.xyz%3A8000%2Flive%2Fct3%2Fuksat%2F1981.ts&amp;mode=12&amp;sf_options=fanart%3Dhttp%3A%2F%2Fgamerlimit.com%2Fwp-content%2Fuploads%2F2016%2F04%2Foriginal.jpg%26winID%3D10025%26_options_sf&quot;)</favourite>
	<favourite name="Renegades 4 - UFC 203 MIC 5" thumb="http://www.thelogodb.com/images/media/logo/vquqtx1437958881.png">PlayMedia(&quot;plugin://plugin.video.mic/?url=plugin%3A%2F%2Fplugin.video.f4mTester%2F%3Fstreamtype%3DTSDOWNLOADER%3Bname%3DUFC+203+%26url%3Dhttp%3A%2F%2Fglobiptv.com%3A8000%2Flive%2Fsaib%2Ffares%2F433.ts&amp;mode=12&amp;sf_options=fanart%3Dhttp%3A%2F%2Fgamerlimit.com%2Fwp-content%2Fuploads%2F2016%2F04%2Foriginal.jpg%26winID%3D10025%26_options_sf&quot;)</favourite>
	<favourite name="Renegades 4 - UFC203 MIC6" thumb="http://www.thelogodb.com/images/media/logo/vquqtx1437958881.png">PlayMedia(&quot;plugin://plugin.video.mic/?url=plugin%3A%2F%2Fplugin.video.f4mTester%2F%3Fstreamtype%3DTSDOWNLOADER%3Bname%3DUFC+203+%26url%3Dhttp%3A%2F%2F149.202.195.182%3A2500%2Flive%2Fital%2Fital1%2F1487.ts&amp;mode=12&amp;sf_options=fanart%3Dhttp%3A%2F%2Fgamerlimit.com%2Fwp-content%2Fuploads%2F2016%2F04%2Foriginal.jpg%26winID%3D10025%26_options_sf&quot;)</favourite>
	<favourite name="Renegades 4 - UFC203 MIC7" thumb="http://www.thelogodb.com/images/media/logo/vquqtx1437958881.png">PlayMedia(&quot;plugin://plugin.video.mic/?url=plugin%3A%2F%2Fplugin.video.f4mTester%2F%3Fstreamtype%3DTSDOWNLOADER%3Bname%3DUFC+203+%26url%3Dhttp%3A%2F%2Fs1.ukhdtv.com%3A7860%2Flive%2FZHNbj5QTfG%2FTa4gt1CWiR%2F594.ts&amp;mode=12&amp;sf_options=fanart%3Dhttp%3A%2F%2Fgamerlimit.com%2Fwp-content%2Fuploads%2F2016%2F04%2Foriginal.jpg%26winID%3D10025%26_options_sf&quot;)</favourite>
	<favourite name="Renegades 4 - UFC203 MIC8" thumb="http://www.thelogodb.com/images/media/logo/vquqtx1437958881.png">PlayMedia(&quot;plugin://plugin.video.mic/?url=http%3A%2F%2Fmediaiptv.xyz%3A8000%2Flive%2Fct3%2Fuksat%2F732.m3u8&amp;mode=12&amp;sf_options=fanart%3Dhttp%3A%2F%2Fgamerlimit.com%2Fwp-content%2Fuploads%2F2016%2F04%2Foriginal.jpg%26winID%3D10025%26_options_sf&quot;)</favourite>
	<favourite name="Renegades 4 - UFC203 MIC9" thumb="http://www.thelogodb.com/images/media/logo/vquqtx1437958881.png">PlayMedia(&quot;plugin://plugin.video.mic/?url=plugin%3A%2F%2Fplugin.video.f4mTester%2F%3Fstreamtype%3DTSDOWNLOADER%3Bname%3DUFC+203+%26url%3Dhttp%3A%2F%2Fspace-iptv.ddns.net%3A8112%2Flive%2Fkarim%2Fkarim%2F196.ts&amp;mode=12&amp;sf_options=fanart%3Dhttp%3A%2F%2Fwww.thelogodb.com%2Fimages%2Fmedia%2Flogo%2Fvquqtx1437958881.png%26winID%3D10025%26_options_sf&quot;)</favourite>
</favourites>