<favourites>
	<favourite name="NFL - 720p" thumb="http://sas.suplitodomedia.com/articles_images/GamblersPalace/Browns-at-Bengals-nfl-mr-gp.jpg">PlayMedia(&quot;plugin://plugin.video.NJMSoccer/?url=plugin%3A%2F%2Fplugin.video.SportsDevil%2F%3Fmode%3D1%26amp%3Bitem%3Dcatcher%253dstreams%2526url%3Dhttp%3A%2F%2Fwww.immortal-tv.net%2Fnfl%2Fbrowns-vs-bengals.php%2526referer%3Dhttp%3A%2F%2Fwww.immortal-tv.net%2Fnfl%2Fbrowns-vs-bengals.php&amp;mode=12&amp;sf_options=fanart%3Dhttp%3A%2F%2Fprod.static.bears.clubs.nfl.com%2Fassets%2Fimages%2Ffan-zone%2Fwallpapers%2F2012-wallpaper%2FBennett_1920x1080.jpg%26winID%3D10025%26_options_sf&quot;)</favourite>
	<favourite name="NFL 720P" thumb="http://sas.suplitodomedia.com/articles_images/GamblersPalace/Browns-at-Bengals-nfl-mr-gp.jpg">PlayMedia(&quot;plugin://plugin.video.NJMSoccer/?url=plugin%3A%2F%2Fplugin.video.SportsDevil%2F%3Fmode%3D1%26amp%3Bitem%3Dcatcher%253dstreams%2526url%3Dhttp%3A%2F%2Fwww.tolive.eu%2Ftv-1%2Fplayer.php%3Fid%3D02%2526referer%3Dhttp%3A%2F%2Fwww.tolive.eu%2Ftv-1%2Fplayer.php%3Fid%3D02&amp;mode=12&amp;sf_options=fanart%3Dhttp%3A%2F%2Fprod.static.bears.clubs.nfl.com%2Fassets%2Fimages%2Ffan-zone%2Fwallpapers%2F2012-wallpaper%2FBennett_1920x1080.jpg%26winID%3D10025%26_options_sf&quot;)</favourite>
	<favourite name="NFL TV TVone" thumb="special://home/addons/plugin.video.SportsDevil-2016.30.30/resources/images/folder.png">PlayMedia(&quot;plugin://plugin.video.SportsDevil/?item=catcher%3dstreams%26title%3dNFL%2bTV%26url%3dmpd%253A%252F%252F877ad69c810ccc693b207cf11badc04a.m3u8%26cfg%3dtvone1.tv.cfg%2540Streams%2540Sports%26videoTitle%3dNFL%2bTV%26director%3dtvone1.tv%26genre%3dLive%2bTV%26referer%3dmpd%253A%252F%252F877ad69c810ccc693b207cf11badc04a.m3u8%26definedIn%3dtvone1.tv.cfg%26type%3drss&amp;mode=1&amp;sf_options=fanart%3Dspecial%3A%2F%2Fhome%2Faddons%2Fplugin.video.SportsDevil-2016.30.30%2Ffanart.jpg%26meta%3Dgenre%253DLive%252BTV%2526director%253Dtvone1.tv%2526label%253DNFL%252BTV%2526title%253DNFL%252BTV%26winID%3D10025%26_options_sf&quot;)</favourite>
	<favourite name="[COLORgreen]ONLINE:[/COLOR]NFL TV Lily Sports" thumb="http://kodeeresurrection.com/LILYSPORTStxts/pngs/NFL%2bNetwork.png">PlayMedia(&quot;plugin://plugin.video.Tigensworld/?url=plugin%3A%2F%2Fplugin.video.SportsDevil%2F%3Fmode%3D1%26amp%3Bitem%3Dcatcher%253dstreams%2526url%3Dhttp%3A%2F%2Fwww.shadow-net.org%2Fchannels%2FNFL-Network.html%2526referer%3Dhttp%3A%2F%2Fwww.shadow-net.org%2Fchannels%2FNFL-Network.html&amp;mode=12&amp;sf_options=fanart%3Dhttp%3A%2F%2Fkodeekrazy.net%2Fprologictexts%2FSKY%2520SPORTS%2520BACKGROUND.jpg%26winID%3D10025%26_options_sf&quot;)</favourite>
</favourites>