<favourites>
	<favourite name="[COLOR purple]Bein Sports 2[/COLOR] Evolve" thumb="http://matsbuilds.uk/pics/evolvecatview/Sports.png">PlayMedia(&quot;plugin://plugin.video.Evolve/?url=http%3A%2F%2Fmatsbuilds.uk%2FGoliathLists%2Fsports%2FBeinSports.xml&amp;mode=3&amp;name=%5BCOLOR+purple%5DBein+Sports+2%5B%2FCOLOR%5D&amp;description=&amp;iconimage=http%3A%2F%2Fmatsbuilds.uk%2Fpics%2Fevolvecatview%2FSports.png&amp;sf_options=fanart%3Dfanart%26winID%3D10025%26_options_sf&quot;)</favourite>
	<favourite name="Sp: bein sports 2 hd (ar) Zem" thumb="http://tv.solidiptv.com:25461/images/loogo/beinsp2hd.png">PlayMedia(&quot;plugin://plugin.video.ZemTV-shani/?url=bmV0d29ya3R2MjoyMjI%3D&amp;mode=11&amp;name=Sp%3A+bein+sports+2+hd+%28ar%29&amp;sf_options=winID%3D10025%26_options_sf&quot;)</favourite>
	<favourite name="Sp: bein sports 2 hd (fr) Zem" thumb="http://tv.solidiptv.com:25461/images/loogo/beinsp2fr.png">PlayMedia(&quot;plugin://plugin.video.ZemTV-shani/?url=bmV0d29ya3R2MjozMDEx&amp;mode=11&amp;name=Sp%3A+bein+sports+2+hd+%28fr%29&amp;sf_options=winID%3D10025%26_options_sf&quot;)</favourite>
	<favourite name="Bein Sports 2 Live Premiership" thumb="http://imgur.com/o1Fdqq0.png">PlayMedia(&quot;plugin://plugin.video.livepremiership/?url=%24doregex%5Bm3u8%5D%7CUser-Agent%3DiPad%7Cregex%3D%253Cregex%253E%253Cname%253Em3u8%253C%252Fname%253E%253Cexpres%253EplayStream%255C%2528%255C%2527hls%2527%252C%2527%2528.%252A%253F%2529%2527%253C%252Fexpres%253E%253Cpage%253Ehttp%253A%252F%252Fembratoria.com%252Fplayer%252Fis.php%253Fs%253Dbeinsports2%253C%252Fpage%253E%253Creferer%253Ehttp%253A%252F%252Fembratoria.com%252F%253C%252Freferer%253E%253C%252Fregex%253E&amp;mode=10&amp;name=Bein+Sports+2&amp;description=&amp;fanart=http%3A%2F%2Fimgur.com%2FkPiphcQ.png&amp;sf_options=fanart%3Dhttp%3A%2F%2Fimgur.com%2FkPiphcQ.png%26winID%3D10025%26_options_sf&quot;)</favourite>
</favourites>