<favourites>
	<favourite name="[COLOR orange]BT Sport 1 HD [/COLOR] Mic" thumb="https://upload.wikimedia.org/wikipedia/en/2/2b/UKTV_logo.png">PlayMedia(&quot;plugin://plugin.video.mic/?url=plugin%3A%2F%2Fplugin.video.f4mTester%2F%3Fstreamtype%3DHLSRETRY%3Bname%3DBT+SPORT+1+HD%26url%3Dhttp%3A%2F%2F37.187.139.155%3A8000%2Flive%2Flightwrath%40live.com%2FWatchNow%21%2F455.m3u8&amp;mode=12&amp;iconimage=https%3A%2F%2Fupload.wikimedia.org%2Fwikipedia%2Fen%2F2%2F2b%2FUKTV_logo.png&amp;sf_options=fanart%3Dhttp%3A%2F%2Fwallpapercave.com%2Fwp%2FPaxa7aH.jpg%26meta%3Dlabel%253D%252B%25255BCOLOR%252Borange%25255DBT%252BSport%252B1%252BHD%252B%25255B%25252FCOLOR%25255D%2526title%253D%252B%25255BCOLOR%252Borange%25255DBT%252BSport%252B1%252BHD%252B%25255B%25252FCOLOR%25255D%26winID%3D10025%26_options_sf&quot;)</favourite>
	<favourite name="[COLOR orange]BT Sport 1 [/COLOR] Mic" thumb="https://upload.wikimedia.org/wikipedia/en/2/2b/UKTV_logo.png">PlayMedia(&quot;plugin://plugin.video.mic/?url=plugin%3A%2F%2Fplugin.video.f4mTester%2F%3Fstreamtype%3DHLSRETRY%3Bname%3DBT+SPORT+1%26url%3Dhttp%3A%2F%2F37.187.139.155%3A8000%2Flive%2Flightwrath%40live.com%2FWatchNow%21%2F456.m3u8&amp;mode=12&amp;iconimage=https%3A%2F%2Fupload.wikimedia.org%2Fwikipedia%2Fen%2F2%2F2b%2FUKTV_logo.png&amp;sf_options=fanart%3Dhttp%3A%2F%2Fwallpapercave.com%2Fwp%2FPaxa7aH.jpg%26meta%3Dlabel%253D%252B%25255BCOLOR%252Borange%25255DBT%252BSport%252B1%252B%25255B%25252FCOLOR%25255D%2526title%253D%252B%25255BCOLOR%252Borange%25255DBT%252BSport%252B1%252B%25255B%25252FCOLOR%25255D%26winID%3D10025%26_options_sf&quot;)</favourite>
	<favourite name="[COLOR orange]BT Sport 1 ALT[/COLOR] Mic" thumb="https://upload.wikimedia.org/wikipedia/en/2/2b/UKTV_logo.png">PlayMedia(&quot;plugin://plugin.video.mic/?url=plugin%3A%2F%2Fplugin.video.SportsDevil%2F%3Fmode%3D1%26amp%3Bitem%3Dcatcher%253dstreams%2526url%3Dhttp%3A%2F%2Fsportsstream.pw%2Fstream%2Fbt1.php%2526referer%3Dhttp%3A%2F%2Fwww.funhdtv.com%2F&amp;mode=12&amp;iconimage=https%3A%2F%2Fupload.wikimedia.org%2Fwikipedia%2Fen%2F2%2F2b%2FUKTV_logo.png&amp;sf_options=fanart%3Dhttp%3A%2F%2Fwallpapercave.com%2Fwp%2FPaxa7aH.jpg%26meta%3Dlabel%253D%252B%25255BCOLOR%252Borange%25255DBT%252BSport%252B1%252BALT%25255B%25252FCOLOR%25255D%2526title%253D%252B%25255BCOLOR%252Borange%25255DBT%252BSport%252B1%252BALT%25255B%25252FCOLOR%25255D%26winID%3D10025%26_options_sf&quot;)</favourite>
	<favourite name="BT Sport 1 Mama Hd" thumb="http://mamahd.com/images/channels/bt.png">PlayMedia(&quot;plugin://plugin.video.ZemTV-shani/?url=bWFtYWhkOmh0dHA6Ly9tYW1haGQuY29tL2J0LXNwb3J0LTEtbGl2ZS1zdHJlYW0xLTEuaHRtbA%3D%3D&amp;mode=11&amp;name=BT+Sport+1&amp;sf_options=winID%3D10025%26_options_sf&quot;)</favourite>
	<favourite name="BT Sport 1 HD Fido" thumb="DefaultVideo.png">PlayMedia(&quot;plugin://plugin.video.sanctuary/?url=plugin%3A%2F%2Fplugin.video.f4mTester%2F%3Fstreamtype%3DTSDOWNLOADER%3Bname%3DFIDO%26url%3Dhttp%3A%2F%2F37.187.139.155%3A8000%2Flive%2Flightwrath%40live.com%2FWatchNow%21%2F455.ts&amp;mode=1112&amp;sf_options=fanart%3Dhttp%3A%2F%2Ffantazyrepo.uk%2Faddonimages%2Flivetv%2FLiveTV.jpg%26winID%3D10025%26_options_sf&quot;)</favourite>
	<favourite name="BT Sport 1 Fido" thumb="DefaultVideo.png">PlayMedia(&quot;plugin://plugin.video.sanctuary/?url=plugin%3A%2F%2Fplugin.video.f4mTester%2F%3Fstreamtype%3DTSDOWNLOADER%3Bname%3DFIDO%26url%3Dhttp%3A%2F%2F37.187.139.155%3A8000%2Flive%2Flightwrath%40live.com%2FWatchNow%21%2F456.ts&amp;mode=1112&amp;sf_options=fanart%3Dhttp%3A%2F%2Ffantazyrepo.uk%2Faddonimages%2Flivetv%2FLiveTV.jpg%26winID%3D10025%26_options_sf&quot;)</favourite>
	<favourite name="BT Sport 1 No Name" thumb="http://www.liveonlinetv247.info/images/btsport1.png">PlayMedia(&quot;plugin://plugin.video.no-name/?action=play&amp;url=%3Csublink%3Ehttp%3A%2F%2Ftv.solidiptv.com%3A25461%2Flive%2Fpad%2Fsamsung%2F212.ts%7CUser-Agent%3D1200%3C%2Fsublink%3E%3Csublink%3Ehttp%3A%2F%2Fwww.liveonlinetv247.info%2Fembed%2Fbtsport1.php%3Fwidth%3D650%26height%3D480%3C%2Fsublink%3E%3Csublink%3Ehttp%3A%2F%2Fwww.liveonlinetv247.info%2Fembed%2Fbtsport1-2.php%3Fwidth%3D650%26height%3D480%3C%2Fsublink%3E&amp;sf_options=fanart%3Dhttps%3A%2F%2Fs20.postimg.org%2F5eos453ql%2Fhd_fantasy_wallpaper_1280x800_0912021.jpg%26winID%3D10025%26_options_sf&quot;)</favourite>
	<favourite name="[COLOR blue] BT Sport 1[/COLOR] Live Premiership" thumb="http://i.imgur.com/n2AzTsE.png">PlayMedia(&quot;plugin://plugin.video.livepremiership/?url=http%3A%2F%2Fpastebin.com%2Fraw%2FJRJXqrY4&amp;mode=8&amp;name=%5BCOLOR+blue%5D+BT+Sports+1%5B%2FCOLOR%5D&amp;fanart=http%3A%2F%2Fi.imgur.com%2F85zTaZ8.png&amp;sf_options=fanart%3Dhttp%3A%2F%2Fi.imgur.com%2F85zTaZ8.png%26winID%3D10025%26_options_sf&quot;)</favourite>
	<favourite name="BT Sport 1 Zem" thumb="http://tv.solidiptv.com:25461/images/loogo/btsports1hd.png">PlayMedia(&quot;plugin://plugin.video.ZemTV-shani/?url=bmV0d29ya3R2MjoyMTI%3D&amp;mode=11&amp;name=Sp%3A+bt+sports+1+hd+%28uk%29&amp;sf_options=winID%3D10025%26_options_sf&quot;)</favourite>
</favourites>