<favourites>
	<favourite name="Gamesmaster Series 1 Episode 1" thumb="https://i.ytimg.com/vi/VIrk-qAM_1s/hqdefault.jpg">PlayMedia(&quot;plugin://plugin.video.youtube/play/?video_id=VIrk-qAM_1s&amp;sf_options=fanart%3Dspecial%3A%2F%2Fhome%2Faddons%2Fplugin.video.youtube%2Fresources%2Fmedia%2Ffanart.jpg%26winID%3D10025%26desc%3D%5BUPPERCASE%5D%5BB%5DDynamiteHeaddy%5B%2FB%5D%5B%2FUPPERCASE%5D%5BCR%5D%5BCR%5DWith+John+Fashanu%21%26_options_sf&quot;)</favourite>
	<favourite name="Gamesmaster Series 1 Episode 2" thumb="https://i.ytimg.com/vi/G0Uv4mUjkcs/hqdefault.jpg">PlayMedia(&quot;plugin://plugin.video.youtube/play/?video_id=G0Uv4mUjkcs&amp;sf_options=fanart%3Dspecial%3A%2F%2Fhome%2Faddons%2Fplugin.video.youtube%2Fresources%2Fmedia%2Ffanart.jpg%26winID%3D10025%26desc%3D%5BUPPERCASE%5D%5BB%5DDynamiteHeaddy%5B%2FB%5D%5B%2FUPPERCASE%5D%5BCR%5D%5BCR%5DWith+Gary+Mason%21+%28RIP%29%26_options_sf&quot;)</favourite>
	<favourite name="Gamesmaster Series 1 Episode 3" thumb="https://i.ytimg.com/vi/2UkhSSdsgc4/hqdefault.jpg">PlayMedia(&quot;plugin://plugin.video.youtube/play/?video_id=2UkhSSdsgc4&amp;sf_options=fanart%3Dspecial%3A%2F%2Fhome%2Faddons%2Fplugin.video.youtube%2Fresources%2Fmedia%2Ffanart.jpg%26winID%3D10025%26desc%3D%5BUPPERCASE%5D%5BB%5DDynamiteHeaddy%5B%2FB%5D%5B%2FUPPERCASE%5D%5BCR%5D%5BCR%5DWith+Annabel+Croft%21%26_options_sf&quot;)</favourite>
	<favourite name="Gamesmaster Series 1 Episode 4" thumb="https://i.ytimg.com/vi/B3yzfpf_NLY/hqdefault.jpg">PlayMedia(&quot;plugin://plugin.video.youtube/play/?video_id=B3yzfpf_NLY&amp;sf_options=fanart%3Dspecial%3A%2F%2Fhome%2Faddons%2Fplugin.video.youtube%2Fresources%2Fmedia%2Ffanart.jpg%26winID%3D10025%26desc%3D%5BUPPERCASE%5D%5BB%5DDynamiteHeaddy%5B%2FB%5D%5B%2FUPPERCASE%5D%5BCR%5D%5BCR%5DWith+Eric+Bristow%21%26_options_sf&quot;)</favourite>
	<favourite name="Gamesmaster Series 1 Episode 5" thumb="https://i.ytimg.com/vi/a2Ovz_0Nr5c/hqdefault.jpg">PlayMedia(&quot;plugin://plugin.video.youtube/play/?video_id=a2Ovz_0Nr5c&amp;sf_options=fanart%3Dspecial%3A%2F%2Fhome%2Faddons%2Fplugin.video.youtube%2Fresources%2Fmedia%2Ffanart.jpg%26winID%3D10025%26desc%3D%5BUPPERCASE%5D%5BB%5DDynamiteHeaddy%5B%2FB%5D%5B%2FUPPERCASE%5D%5BCR%5D%5BCR%5DWith+Jimmy+White+%26_options_sf&quot;)</favourite>
	<favourite name="Gamesmaster Series 1 Episode 6" thumb="https://i.ytimg.com/vi/vwNhRIkTnrA/hqdefault.jpg">PlayMedia(&quot;plugin://plugin.video.youtube/play/?video_id=vwNhRIkTnrA&amp;sf_options=fanart%3Dspecial%3A%2F%2Fhome%2Faddons%2Fplugin.video.youtube%2Fresources%2Fmedia%2Ffanart.jpg%26winID%3D10025%26desc%3D%5BUPPERCASE%5D%5BB%5DDynamiteHeaddy%5B%2FB%5D%5B%2FUPPERCASE%5D%5BCR%5D%5BCR%5DWith+Pat+Sharp+%26_options_sf&quot;)</favourite>
	<favourite name="Gamesmaster Series 1 Episode 7" thumb="https://i.ytimg.com/vi/9FdqO2eD7Vg/hqdefault.jpg">PlayMedia(&quot;plugin://plugin.video.youtube/play/?video_id=9FdqO2eD7Vg&amp;sf_options=fanart%3Dspecial%3A%2F%2Fhome%2Faddons%2Fplugin.video.youtube%2Fresources%2Fmedia%2Ffanart.jpg%26winID%3D10025%26desc%3D%5BUPPERCASE%5D%5BB%5DDynamiteHeaddy%5B%2FB%5D%5B%2FUPPERCASE%5D%5BCR%5D%5BCR%5DWith+Kendo+Nagasaki%21%26_options_sf&quot;)</favourite>
	<favourite name="Gamesmaster Series 1 Episode 8" thumb="https://i.ytimg.com/vi/eh4RyLXGxLU/hqdefault.jpg">PlayMedia(&quot;plugin://plugin.video.youtube/play/?video_id=eh4RyLXGxLU&amp;sf_options=fanart%3Dspecial%3A%2F%2Fhome%2Faddons%2Fplugin.video.youtube%2Fresources%2Fmedia%2Ffanart.jpg%26winID%3D10025%26desc%3D%5BUPPERCASE%5D%5BB%5DDynamiteHeaddy%5B%2FB%5D%5B%2FUPPERCASE%5D%5BCR%5D%5BCR%5DWith+Pat+%26_options_sf&quot;)</favourite>
	<favourite name="Gamesmaster Series 1 Episode 9" thumb="https://i.ytimg.com/vi/qkeIi_EwaR4/hqdefault.jpg">PlayMedia(&quot;plugin://plugin.video.youtube/play/?video_id=qkeIi_EwaR4&amp;sf_options=fanart%3Dspecial%3A%2F%2Fhome%2Faddons%2Fplugin.video.youtube%2Fresources%2Fmedia%2Ffanart.jpg%26winID%3D10025%26desc%3D%5BUPPERCASE%5D%5BB%5DDynamiteHeaddy%5B%2FB%5D%5B%2FUPPERCASE%5D%5BCR%5D%5BCR%5DWith+Barry+McGuigan%21%26_options_sf&quot;)</favourite>
	<favourite name="Gamesmaster Series 1 Episode 10" thumb="https://i.ytimg.com/vi/8Ao4n2W8F5M/hqdefault.jpg">PlayMedia(&quot;plugin://plugin.video.youtube/play/?video_id=8Ao4n2W8F5M&amp;sf_options=fanart%3Dspecial%3A%2F%2Fhome%2Faddons%2Fplugin.video.youtube%2Fresources%2Fmedia%2Ffanart.jpg%26winID%3D10025%26desc%3D%5BUPPERCASE%5D%5BB%5DDynamiteHeaddy%5B%2FB%5D%5B%2FUPPERCASE%5D%5BCR%5D%5BCR%5DWith+Emlyn+Hughes%21%26_options_sf&quot;)</favourite>
	<favourite name="Gamesmaster Series 2 Episode 1" thumb="https://i.ytimg.com/vi/9iP3ySOKV9I/hqdefault.jpg">PlayMedia(&quot;plugin://plugin.video.youtube/play/?video_id=9iP3ySOKV9I&amp;sf_options=fanart%3Dspecial%3A%2F%2Fhome%2Faddons%2Fplugin.video.youtube%2Fresources%2Fmedia%2Ffanart.jpg%26winID%3D10025%26desc%3D%5BUPPERCASE%5D%5BB%5DDynamiteHeaddy%5B%2FB%5D%5B%2FUPPERCASE%5D%5BCR%5D%5BCR%5DWith+Tony+Slattery%21%26_options_sf&quot;)</favourite>
	<favourite name="Gamesmaster Series 2 Episode 2" thumb="https://i.ytimg.com/vi/_A_tuDRNNvE/hqdefault.jpg">PlayMedia(&quot;plugin://plugin.video.youtube/play/?video_id=_A_tuDRNNvE&amp;sf_options=fanart%3Dspecial%3A%2F%2Fhome%2Faddons%2Fplugin.video.youtube%2Fresources%2Fmedia%2Ffanart.jpg%26winID%3D10025%26desc%3D%5BUPPERCASE%5D%5BB%5DDynamiteHeaddy%5B%2FB%5D%5B%2FUPPERCASE%5D%5BCR%5D%5BCR%5DWith+Frank+Bruno%21%26_options_sf&quot;)</favourite>
	<favourite name="Gamesmaster Series 2 Episode 3" thumb="https://i.ytimg.com/vi/LdrT3VZjs7E/hqdefault.jpg">PlayMedia(&quot;plugin://plugin.video.youtube/play/?video_id=LdrT3VZjs7E&amp;sf_options=fanart%3Dspecial%3A%2F%2Fhome%2Faddons%2Fplugin.video.youtube%2Fresources%2Fmedia%2Ffanart.jpg%26winID%3D10025%26desc%3D%5BUPPERCASE%5D%5BB%5DDynamiteHeaddy%5B%2FB%5D%5B%2FUPPERCASE%5D%5BCR%5D%5BCR%5DWith+Vinnie+Jones%21%26_options_sf&quot;)</favourite>
	<favourite name="Gamesmaster Series 2 Episode 4" thumb="https://i.ytimg.com/vi/huo90uhLsfg/hqdefault.jpg">PlayMedia(&quot;plugin://plugin.video.youtube/play/?video_id=huo90uhLsfg&amp;sf_options=fanart%3Dspecial%3A%2F%2Fhome%2Faddons%2Fplugin.video.youtube%2Fresources%2Fmedia%2Ffanart.jpg%26winID%3D10025%26desc%3D%5BUPPERCASE%5D%5BB%5DDynamiteHeaddy%5B%2FB%5D%5B%2FUPPERCASE%5D%5BCR%5D%5BCR%5DWith+Rory+Underwood%21%26_options_sf&quot;)</favourite>
	<favourite name="Gamesmaster Series 2 Episode 5" thumb="https://i.ytimg.com/vi/xwWO9aegHm4/hqdefault.jpg">PlayMedia(&quot;plugin://plugin.video.youtube/play/?video_id=xwWO9aegHm4&amp;sf_options=fanart%3Dspecial%3A%2F%2Fhome%2Faddons%2Fplugin.video.youtube%2Fresources%2Fmedia%2Ffanart.jpg%26winID%3D10025%26desc%3D%5BUPPERCASE%5D%5BB%5DDynamiteHeaddy%5B%2FB%5D%5B%2FUPPERCASE%5D%5BCR%5D%5BCR%5DWith+Take+That%21+%28Gary+Barlow%2C+Howard+Donald%2C+Jason+Orange%2C+Mark+Owen%2C+Robbie+Williams%29%26_options_sf&quot;)</favourite>
	<favourite name="Gamesmaster Series 2 Episode 6" thumb="https://i.ytimg.com/vi/zLKCGV2QD6o/hqdefault.jpg">PlayMedia(&quot;plugin://plugin.video.youtube/play/?video_id=zLKCGV2QD6o&amp;sf_options=fanart%3Dspecial%3A%2F%2Fhome%2Faddons%2Fplugin.video.youtube%2Fresources%2Fmedia%2Ffanart.jpg%26winID%3D10025%26desc%3D%5BUPPERCASE%5D%5BB%5DDynamiteHeaddy%5B%2FB%5D%5B%2FUPPERCASE%5D%5BCR%5D%5BCR%5DWith+%27Hacksaw%27+Jim+Duggan%21%26_options_sf&quot;)</favourite>
	<favourite name="Gamesmaster Series 2 Episode 7" thumb="https://i.ytimg.com/vi/FKD0BuGJJyI/hqdefault.jpg">PlayMedia(&quot;plugin://plugin.video.youtube/play/?video_id=FKD0BuGJJyI&amp;sf_options=fanart%3Dspecial%3A%2F%2Fhome%2Faddons%2Fplugin.video.youtube%2Fresources%2Fmedia%2Ffanart.jpg%26winID%3D10025%26desc%3D%5BUPPERCASE%5D%5BB%5DDynamiteHeaddy%5B%2FB%5D%5B%2FUPPERCASE%5D%5BCR%5D%5BCR%5DWith+Jet+and+Shadow+from+Gladiators%21%26_options_sf&quot;)</favourite>
	<favourite name="Gamesmaster Series 2 Episode 8" thumb="https://i.ytimg.com/vi/8L-Ogac8XDE/hqdefault.jpg">PlayMedia(&quot;plugin://plugin.video.youtube/play/?video_id=8L-Ogac8XDE&amp;sf_options=fanart%3Dspecial%3A%2F%2Fhome%2Faddons%2Fplugin.video.youtube%2Fresources%2Fmedia%2Ffanart.jpg%26winID%3D10025%26desc%3D%5BUPPERCASE%5D%5BB%5DDynamiteHeaddy%5B%2FB%5D%5B%2FUPPERCASE%5D%5BCR%5D%5BCR%5DWith+Kristian+Schmid%21%26_options_sf&quot;)</favourite>
	<favourite name="Gamesmaster Series 2 Episode 9" thumb="https://i.ytimg.com/vi/zfUMsYW-BsA/hqdefault.jpg">PlayMedia(&quot;plugin://plugin.video.youtube/play/?video_id=zfUMsYW-BsA&amp;sf_options=fanart%3Dspecial%3A%2F%2Fhome%2Faddons%2Fplugin.video.youtube%2Fresources%2Fmedia%2Ffanart.jpg%26winID%3D10025%26desc%3D%5BUPPERCASE%5D%5BB%5DDynamiteHeaddy%5B%2FB%5D%5B%2FUPPERCASE%5D%5BCR%5D%5BCR%5DWith+John+Parrot%21%26_options_sf&quot;)</favourite>
	<favourite name="Gamesmaster Series 2 Episode 10" thumb="https://i.ytimg.com/vi/t9U80UwMHLs/hqdefault.jpg">PlayMedia(&quot;plugin://plugin.video.youtube/play/?video_id=t9U80UwMHLs&amp;sf_options=fanart%3Dspecial%3A%2F%2Fhome%2Faddons%2Fplugin.video.youtube%2Fresources%2Fmedia%2Ffanart.jpg%26winID%3D10025%26desc%3D%5BUPPERCASE%5D%5BB%5DDynamiteHeaddy%5B%2FB%5D%5B%2FUPPERCASE%5D%5BCR%5D%5BCR%5DWith+Richard+Norton%21%26_options_sf&quot;)</favourite>
	<favourite name="Gamesmaster Series 2 Episode 11" thumb="https://i.ytimg.com/vi/ZPp70Z7ZQqY/hqdefault.jpg">PlayMedia(&quot;plugin://plugin.video.youtube/play/?video_id=ZPp70Z7ZQqY&amp;sf_options=fanart%3Dspecial%3A%2F%2Fhome%2Faddons%2Fplugin.video.youtube%2Fresources%2Fmedia%2Ffanart.jpg%26winID%3D10025%26desc%3D%5BUPPERCASE%5D%5BB%5DDynamiteHeaddy%5B%2FB%5D%5B%2FUPPERCASE%5D%5BCR%5D%5BCR%5DWith+Johnny+Herbert%21%26_options_sf&quot;)</favourite>
	<favourite name="Gamesmaster Series 2 Episode 12" thumb="https://i.ytimg.com/vi/UA4tz8wdGQQ/hqdefault.jpg">PlayMedia(&quot;plugin://plugin.video.youtube/play/?video_id=UA4tz8wdGQQ&amp;sf_options=fanart%3Dspecial%3A%2F%2Fhome%2Faddons%2Fplugin.video.youtube%2Fresources%2Fmedia%2Ffanart.jpg%26winID%3D10025%26desc%3D%5BUPPERCASE%5D%5BB%5DDynamiteHeaddy%5B%2FB%5D%5B%2FUPPERCASE%5D%5BCR%5D%5BCR%5DWith+Todd+Carty%21%26_options_sf&quot;)</favourite>
	<favourite name="Gamesmaster Series 2 Episode 13" thumb="https://i.ytimg.com/vi/Fo1mbvFFfjE/hqdefault.jpg">PlayMedia(&quot;plugin://plugin.video.youtube/play/?video_id=Fo1mbvFFfjE&amp;sf_options=fanart%3Dspecial%3A%2F%2Fhome%2Faddons%2Fplugin.video.youtube%2Fresources%2Fmedia%2Ffanart.jpg%26winID%3D10025%26desc%3D%5BUPPERCASE%5D%5BB%5DDynamiteHeaddy%5B%2FB%5D%5B%2FUPPERCASE%5D%5BCR%5D%5BCR%5DWith+a+confused-looking+Bob+Holness%21%26_options_sf&quot;)</favourite>
	<favourite name="Gamesmaster Series 2 Episode 14" thumb="https://i.ytimg.com/vi/MCTxnk8K04k/hqdefault.jpg">PlayMedia(&quot;plugin://plugin.video.youtube/play/?video_id=MCTxnk8K04k&amp;sf_options=fanart%3Dspecial%3A%2F%2Fhome%2Faddons%2Fplugin.video.youtube%2Fresources%2Fmedia%2Ffanart.jpg%26winID%3D10025%26desc%3D%5BUPPERCASE%5D%5BB%5DDynamiteHeaddy%5B%2FB%5D%5B%2FUPPERCASE%5D%5BCR%5D%5BCR%5DWith+Linford+Christie+%26_options_sf&quot;)</favourite>
	<favourite name="Gamesmaster Series 2 Episode 15" thumb="https://i.ytimg.com/vi/cL6Cbww-IvY/hqdefault.jpg">PlayMedia(&quot;plugin://plugin.video.youtube/play/?video_id=cL6Cbww-IvY&amp;sf_options=fanart%3Dspecial%3A%2F%2Fhome%2Faddons%2Fplugin.video.youtube%2Fresources%2Fmedia%2Ffanart.jpg%26winID%3D10025%26desc%3D%5BUPPERCASE%5D%5BB%5DDynamiteHeaddy%5B%2FB%5D%5B%2FUPPERCASE%5D%5BCR%5D%5BCR%5DWith+Ian+Wright%21%26_options_sf&quot;)</favourite>
	<favourite name="Gamesmaster Series 2 Episode 16" thumb="https://i.ytimg.com/vi/ZQYXW3fk49s/hqdefault.jpg">PlayMedia(&quot;plugin://plugin.video.youtube/play/?video_id=ZQYXW3fk49s&amp;sf_options=fanart%3Dspecial%3A%2F%2Fhome%2Faddons%2Fplugin.video.youtube%2Fresources%2Fmedia%2Ffanart.jpg%26winID%3D10025%26desc%3D%5BUPPERCASE%5D%5BB%5DDynamiteHeaddy%5B%2FB%5D%5B%2FUPPERCASE%5D%5BCR%5D%5BCR%5DWith+Mark+Wingett+%26_options_sf&quot;)</favourite>
	<favourite name="Gamesmaster Series 2 Episode 17" thumb="https://i.ytimg.com/vi/GRG19dHDjmw/hqdefault.jpg">PlayMedia(&quot;plugin://plugin.video.youtube/play/?video_id=GRG19dHDjmw&amp;sf_options=fanart%3Dspecial%3A%2F%2Fhome%2Faddons%2Fplugin.video.youtube%2Fresources%2Fmedia%2Ffanart.jpg%26winID%3D10025%26desc%3D%5BUPPERCASE%5D%5BB%5DDynamiteHeaddy%5B%2FB%5D%5B%2FUPPERCASE%5D%5BCR%5D%5BCR%5DWith+Cathy+Dennis%21%26_options_sf&quot;)</favourite>
	<favourite name="Gamesmaster Series 2 Episode 18" thumb="https://i.ytimg.com/vi/NlAukekF01s/hqdefault.jpg">PlayMedia(&quot;plugin://plugin.video.youtube/play/?video_id=NlAukekF01s&amp;sf_options=fanart%3Dspecial%3A%2F%2Fhome%2Faddons%2Fplugin.video.youtube%2Fresources%2Fmedia%2Ffanart.jpg%26winID%3D10025%26desc%3D%5BUPPERCASE%5D%5BB%5DDynamiteHeaddy%5B%2FB%5D%5B%2FUPPERCASE%5D%5BCR%5D%5BCR%5DWith+Ulrika+Jonsson%21%0A%0AConsidered+lost+for+a+long-time%2C+this+episode+has+recently+been+re-found+by+the+good+people+at+GamesmasterTV.net%26_options_sf&quot;)</favourite>
	<favourite name="Gamesmaster Series 2 Episode 19" thumb="https://i.ytimg.com/vi/G015rfyrPSo/hqdefault.jpg">PlayMedia(&quot;plugin://plugin.video.youtube/play/?video_id=G015rfyrPSo&amp;sf_options=fanart%3Dspecial%3A%2F%2Fhome%2Faddons%2Fplugin.video.youtube%2Fresources%2Fmedia%2Ffanart.jpg%26winID%3D10025%26desc%3D%5BUPPERCASE%5D%5BB%5DDynamiteHeaddy%5B%2FB%5D%5B%2FUPPERCASE%5D%5BCR%5D%5BCR%5DWith+Vic+Reeves%21%26_options_sf&quot;)</favourite>
	<favourite name="Gamesmaster Series 2 Episode 20" thumb="https://i.ytimg.com/vi/rvhKq0SsRCA/hqdefault.jpg">PlayMedia(&quot;plugin://plugin.video.youtube/play/?video_id=rvhKq0SsRCA&amp;sf_options=fanart%3Dspecial%3A%2F%2Fhome%2Faddons%2Fplugin.video.youtube%2Fresources%2Fmedia%2Ffanart.jpg%26winID%3D10025%26desc%3D%5BUPPERCASE%5D%5BB%5DDynamiteHeaddy%5B%2FB%5D%5B%2FUPPERCASE%5D%5BCR%5D%5BCR%5DWith+Gordon+Burns%21%26_options_sf&quot;)</favourite>
	<favourite name="Gamesmaster Series 2 Episode 21" thumb="https://i.ytimg.com/vi/kANY5c9OAPE/hqdefault.jpg">PlayMedia(&quot;plugin://plugin.video.youtube/play/?video_id=kANY5c9OAPE&amp;sf_options=fanart%3Dspecial%3A%2F%2Fhome%2Faddons%2Fplugin.video.youtube%2Fresources%2Fmedia%2Ffanart.jpg%26winID%3D10025%26desc%3D%5BUPPERCASE%5D%5BB%5DDynamiteHeaddy%5B%2FB%5D%5B%2FUPPERCASE%5D%5BCR%5D%5BCR%5DWith+that+shite+band+East+17%21%26_options_sf&quot;)</favourite>
	<favourite name="Gamesmaster Series 2 Episode 22" thumb="https://i.ytimg.com/vi/shxtef4kUjo/hqdefault.jpg">PlayMedia(&quot;plugin://plugin.video.youtube/play/?video_id=shxtef4kUjo&amp;sf_options=fanart%3Dspecial%3A%2F%2Fhome%2Faddons%2Fplugin.video.youtube%2Fresources%2Fmedia%2Ffanart.jpg%26winID%3D10025%26desc%3D%5BUPPERCASE%5D%5BB%5DDynamiteHeaddy%5B%2FB%5D%5B%2FUPPERCASE%5D%5BCR%5D%5BCR%5DWith+Josie+Lawrence%21%26_options_sf&quot;)</favourite>
	<favourite name="Gamesmaster Series 2 Episode 23" thumb="https://i.ytimg.com/vi/j8gLdDK1Ygs/hqdefault.jpg">PlayMedia(&quot;plugin://plugin.video.youtube/play/?video_id=j8gLdDK1Ygs&amp;sf_options=fanart%3Dspecial%3A%2F%2Fhome%2Faddons%2Fplugin.video.youtube%2Fresources%2Fmedia%2Ffanart.jpg%26winID%3D10025%26desc%3D%5BUPPERCASE%5D%5BB%5DDynamiteHeaddy%5B%2FB%5D%5B%2FUPPERCASE%5D%5BCR%5D%5BCR%5DWith+Tony+Daley%21%26_options_sf&quot;)</favourite>
	<favourite name="Gamesmaster Series 2 Episode 24" thumb="https://i.ytimg.com/vi/JZlYCVvQFt4/hqdefault.jpg">PlayMedia(&quot;plugin://plugin.video.youtube/play/?video_id=JZlYCVvQFt4&amp;sf_options=fanart%3Dspecial%3A%2F%2Fhome%2Faddons%2Fplugin.video.youtube%2Fresources%2Fmedia%2Ffanart.jpg%26winID%3D10025%26desc%3D%5BUPPERCASE%5D%5BB%5DDynamiteHeaddy%5B%2FB%5D%5B%2FUPPERCASE%5D%5BCR%5D%5BCR%5DWith+Steve+Backley%21%0A%0AConsidered+lost+for+a+long-time%2C+this+episode+has+recently+been+re-found+by+the+good+people+at+GamesmasterTV.net%26_options_sf&quot;)</favourite>
	<favourite name="Gamesmaster Series 2 Episode 25" thumb="https://i.ytimg.com/vi/Y1300PiZuSk/hqdefault.jpg">PlayMedia(&quot;plugin://plugin.video.youtube/play/?video_id=Y1300PiZuSk&amp;sf_options=fanart%3Dspecial%3A%2F%2Fhome%2Faddons%2Fplugin.video.youtube%2Fresources%2Fmedia%2Ffanart.jpg%26winID%3D10025%26desc%3D%5BUPPERCASE%5D%5BB%5DDynamiteHeaddy%5B%2FB%5D%5B%2FUPPERCASE%5D%5BCR%5D%5BCR%5DWith+Arm+Wrestlers%21%26_options_sf&quot;)</favourite>
	<favourite name="Gamesmaster Series 2 Episode 26" thumb="https://i.ytimg.com/vi/kDigWOh2lZw/hqdefault.jpg">PlayMedia(&quot;plugin://plugin.video.youtube/play/?video_id=kDigWOh2lZw&amp;sf_options=fanart%3Dspecial%3A%2F%2Fhome%2Faddons%2Fplugin.video.youtube%2Fresources%2Fmedia%2Ffanart.jpg%26winID%3D10025%26desc%3D%5BUPPERCASE%5D%5BB%5DDynamiteHeaddy%5B%2FB%5D%5B%2FUPPERCASE%5D%5BCR%5D%5BCR%5DWith+Ice+Hockey+Players%21%26_options_sf&quot;)</favourite>
	<favourite name="Gamesmaster Series 3 Episode 1" thumb="https://i.ytimg.com/vi/UQqlPYEH3vU/hqdefault.jpg">PlayMedia(&quot;plugin://plugin.video.youtube/play/?video_id=UQqlPYEH3vU&amp;sf_options=fanart%3Dspecial%3A%2F%2Fhome%2Faddons%2Fplugin.video.youtube%2Fresources%2Fmedia%2Ffanart.jpg%26winID%3D10025%26desc%3D%5BUPPERCASE%5D%5BB%5DDynamiteHeaddy%5B%2FB%5D%5B%2FUPPERCASE%5D%5BCR%5D%5BCR%5DWith+Daniel+Pesina+%28Johnny+Cage%29+and+Elizabeth+Malecki+%28Sonya+Blade%29.+Also+featuring+Ho+Sung+Pak+%28Liu+Kang%29%21%26_options_sf&quot;)</favourite>
	<favourite name="Gamesmaster Series 3 Episode 2" thumb="https://i.ytimg.com/vi/TwVej0-XQd8/hqdefault.jpg">PlayMedia(&quot;plugin://plugin.video.youtube/play/?video_id=TwVej0-XQd8&amp;sf_options=fanart%3Dspecial%3A%2F%2Fhome%2Faddons%2Fplugin.video.youtube%2Fresources%2Fmedia%2Ffanart.jpg%26winID%3D10025%26desc%3D%5BUPPERCASE%5D%5BB%5DDynamiteHeaddy%5B%2FB%5D%5B%2FUPPERCASE%5D%5BCR%5D%5BCR%5DWith+Gabrielle%21%26_options_sf&quot;)</favourite>
	<favourite name="Gamesmaster Series 3 Episode 3" thumb="https://i.ytimg.com/vi/2FxYh9zyMNk/hqdefault.jpg">PlayMedia(&quot;plugin://plugin.video.youtube/play/?video_id=2FxYh9zyMNk&amp;sf_options=fanart%3Dspecial%3A%2F%2Fhome%2Faddons%2Fplugin.video.youtube%2Fresources%2Fmedia%2Ffanart.jpg%26winID%3D10025%26desc%3D%5BUPPERCASE%5D%5BB%5DDynamiteHeaddy%5B%2FB%5D%5B%2FUPPERCASE%5D%5BCR%5D%5BCR%5DWith+Shadow+%26_options_sf&quot;)</favourite>
	<favourite name="Gamesmaster Series 3 Episode 4" thumb="https://i.ytimg.com/vi/a6MxV-sxHUQ/hqdefault.jpg">PlayMedia(&quot;plugin://plugin.video.youtube/play/?video_id=a6MxV-sxHUQ&amp;sf_options=fanart%3Dspecial%3A%2F%2Fhome%2Faddons%2Fplugin.video.youtube%2Fresources%2Fmedia%2Ffanart.jpg%26winID%3D10025%26desc%3D%5BUPPERCASE%5D%5BB%5DDynamiteHeaddy%5B%2FB%5D%5B%2FUPPERCASE%5D%5BCR%5D%5BCR%5DWith+Cobra+%26_options_sf&quot;)</favourite>
	<favourite name="Gamesmaster Series 3 Episode 5" thumb="https://i.ytimg.com/vi/xNCtjOADTB4/hqdefault.jpg">PlayMedia(&quot;plugin://plugin.video.youtube/play/?video_id=xNCtjOADTB4&amp;sf_options=fanart%3Dspecial%3A%2F%2Fhome%2Faddons%2Fplugin.video.youtube%2Fresources%2Fmedia%2Ffanart.jpg%26winID%3D10025%26desc%3D%5BUPPERCASE%5D%5BB%5DDynamiteHeaddy%5B%2FB%5D%5B%2FUPPERCASE%5D%5BCR%5D%5BCR%5DWith+Shadow+%26_options_sf&quot;)</favourite>
	<favourite name="Gamesmaster Series 3 Episode 6" thumb="https://i.ytimg.com/vi/OpG4IBdV2Rs/hqdefault.jpg">PlayMedia(&quot;plugin://plugin.video.youtube/play/?video_id=OpG4IBdV2Rs&amp;sf_options=fanart%3Dspecial%3A%2F%2Fhome%2Faddons%2Fplugin.video.youtube%2Fresources%2Fmedia%2Ffanart.jpg%26winID%3D10025%26desc%3D%5BUPPERCASE%5D%5BB%5DDynamiteHeaddy%5B%2FB%5D%5B%2FUPPERCASE%5D%5BCR%5D%5BCR%5DWith+some+band+called+Utah+Saints%21%26_options_sf&quot;)</favourite>
	<favourite name="Gamesmaster Series 3 Episode 7" thumb="https://i.ytimg.com/vi/p4tR9L8RZQo/hqdefault.jpg">PlayMedia(&quot;plugin://plugin.video.youtube/play/?video_id=p4tR9L8RZQo&amp;sf_options=fanart%3Dspecial%3A%2F%2Fhome%2Faddons%2Fplugin.video.youtube%2Fresources%2Fmedia%2Ffanart.jpg%26winID%3D10025%26desc%3D%5BUPPERCASE%5D%5BB%5DDynamiteHeaddy%5B%2FB%5D%5B%2FUPPERCASE%5D%5BCR%5D%5BCR%5DWith+Steve+Punt+%26_options_sf&quot;)</favourite>
	<favourite name="Gamesmaster Series 3 Episode 8" thumb="https://i.ytimg.com/vi/EkOUITcunsw/hqdefault.jpg">PlayMedia(&quot;plugin://plugin.video.youtube/play/?video_id=EkOUITcunsw&amp;sf_options=fanart%3Dspecial%3A%2F%2Fhome%2Faddons%2Fplugin.video.youtube%2Fresources%2Fmedia%2Ffanart.jpg%26winID%3D10025%26desc%3D%5BUPPERCASE%5D%5BB%5DDynamiteHeaddy%5B%2FB%5D%5B%2FUPPERCASE%5D%5BCR%5D%5BCR%5DWith+Sean+Maguire%21%26_options_sf&quot;)</favourite>
	<favourite name="Gamesmaster Series 3 Episode 9" thumb="https://i.ytimg.com/vi/TuUKYVzZz-0/hqdefault.jpg">PlayMedia(&quot;plugin://plugin.video.youtube/play/?video_id=TuUKYVzZz-0&amp;sf_options=fanart%3Dspecial%3A%2F%2Fhome%2Faddons%2Fplugin.video.youtube%2Fresources%2Fmedia%2Ffanart.jpg%26winID%3D10025%26desc%3D%5BUPPERCASE%5D%5BB%5DDynamiteHeaddy%5B%2FB%5D%5B%2FUPPERCASE%5D%5BCR%5D%5BCR%5DWith+Monie+Love%21%26_options_sf&quot;)</favourite>
	<favourite name="Gamesmaster Series 3 Episode 10" thumb="https://i.ytimg.com/vi/j_O4ufgLAKc/hqdefault.jpg">PlayMedia(&quot;plugin://plugin.video.youtube/play/?video_id=j_O4ufgLAKc&amp;sf_options=fanart%3Dspecial%3A%2F%2Fhome%2Faddons%2Fplugin.video.youtube%2Fresources%2Fmedia%2Ffanart.jpg%26winID%3D10025%26desc%3D%5BUPPERCASE%5D%5BB%5DDynamiteHeaddy%5B%2FB%5D%5B%2FUPPERCASE%5D%5BCR%5D%5BCR%5DWith+Nigel+Benn+%26_options_sf&quot;)</favourite>
	<favourite name="Gamesmaster Series 3 Episode 11" thumb="https://i.ytimg.com/vi/iSs_N149YAU/hqdefault.jpg">PlayMedia(&quot;plugin://plugin.video.youtube/play/?video_id=iSs_N149YAU&amp;sf_options=fanart%3Dspecial%3A%2F%2Fhome%2Faddons%2Fplugin.video.youtube%2Fresources%2Fmedia%2Ffanart.jpg%26winID%3D10025%26desc%3D%5BUPPERCASE%5D%5BB%5DDynamiteHeaddy%5B%2FB%5D%5B%2FUPPERCASE%5D%5BCR%5D%5BCR%5DWith+Dani+Behr%21%26_options_sf&quot;)</favourite>
	<favourite name="Gamesmaster Series 3 Episode 12" thumb="https://i.ytimg.com/vi/qEYAz2Qb18Q/hqdefault.jpg">PlayMedia(&quot;plugin://plugin.video.youtube/play/?video_id=qEYAz2Qb18Q&amp;sf_options=fanart%3Dspecial%3A%2F%2Fhome%2Faddons%2Fplugin.video.youtube%2Fresources%2Fmedia%2Ffanart.jpg%26winID%3D10025%26desc%3D%5BUPPERCASE%5D%5BB%5DDynamiteHeaddy%5B%2FB%5D%5B%2FUPPERCASE%5D%5BCR%5D%5BCR%5DWith+Liam+Botham%21%26_options_sf&quot;)</favourite>
	<favourite name="Gamesmaster Series 3 Episode 13" thumb="https://i.ytimg.com/vi/GJ0yXP_0hoc/hqdefault.jpg">PlayMedia(&quot;plugin://plugin.video.youtube/play/?video_id=GJ0yXP_0hoc&amp;sf_options=fanart%3Dspecial%3A%2F%2Fhome%2Faddons%2Fplugin.video.youtube%2Fresources%2Fmedia%2Ffanart.jpg%26winID%3D10025%26desc%3D%5BUPPERCASE%5D%5BB%5DDynamiteHeaddy%5B%2FB%5D%5B%2FUPPERCASE%5D%5BCR%5D%5BCR%5DWith+Les+Ferdinand+%26_options_sf&quot;)</favourite>
	<favourite name="Gamesmaster Series 3 Episode 14" thumb="https://i.ytimg.com/vi/TBq4sXzt3iI/hqdefault.jpg">PlayMedia(&quot;plugin://plugin.video.youtube/play/?video_id=TBq4sXzt3iI&amp;sf_options=fanart%3Dspecial%3A%2F%2Fhome%2Faddons%2Fplugin.video.youtube%2Fresources%2Fmedia%2Ffanart.jpg%26winID%3D10025%26desc%3D%5BUPPERCASE%5D%5BB%5DDynamiteHeaddy%5B%2FB%5D%5B%2FUPPERCASE%5D%5BCR%5D%5BCR%5DWith+Dennis+Wise+and+John+Barnes%21%26_options_sf&quot;)</favourite>
	<favourite name="Gamesmaster Series 3 Episode 15" thumb="https://i.ytimg.com/vi/4Ar8346TKtk/hqdefault.jpg">PlayMedia(&quot;plugin://plugin.video.youtube/play/?video_id=4Ar8346TKtk&amp;sf_options=fanart%3Dspecial%3A%2F%2Fhome%2Faddons%2Fplugin.video.youtube%2Fresources%2Fmedia%2Ffanart.jpg%26winID%3D10025%26desc%3D%5BUPPERCASE%5D%5BB%5DDynamiteHeaddy%5B%2FB%5D%5B%2FUPPERCASE%5D%5BCR%5D%5BCR%5DWith+Vinnie+Jones+and+John+Barnes%21%26_options_sf&quot;)</favourite>
	<favourite name="Gamesmaster Series 3 Episode 16" thumb="https://i.ytimg.com/vi/4fAjUwgUkQQ/hqdefault.jpg">PlayMedia(&quot;plugin://plugin.video.youtube/play/?video_id=4fAjUwgUkQQ&amp;sf_options=fanart%3Dspecial%3A%2F%2Fhome%2Faddons%2Fplugin.video.youtube%2Fresources%2Fmedia%2Ffanart.jpg%26winID%3D10025%26desc%3D%5BUPPERCASE%5D%5BB%5DDynamiteHeaddy%5B%2FB%5D%5B%2FUPPERCASE%5D%5BCR%5D%5BCR%5DChristmas+Special%2C+with+various+Pantomime+stars.%26_options_sf&quot;)</favourite>
	<favourite name="Gamesmaster Series 3 Episode 17" thumb="https://i.ytimg.com/vi/Wcc6pjSzB44/hqdefault.jpg">PlayMedia(&quot;plugin://plugin.video.youtube/play/?video_id=Wcc6pjSzB44&amp;sf_options=fanart%3Dspecial%3A%2F%2Fhome%2Faddons%2Fplugin.video.youtube%2Fresources%2Fmedia%2Ffanart.jpg%26winID%3D10025%26desc%3D%5BUPPERCASE%5D%5BB%5DDynamiteHeaddy%5B%2FB%5D%5B%2FUPPERCASE%5D%5BCR%5D%5BCR%5DWith+Diane+Youdale%2C+The+Gamesmistress+%28who%29%26_options_sf&quot;)</favourite>
	<favourite name="Gamesmaster Series 3 Episode 18" thumb="https://i.ytimg.com/vi/HnNYbslXVWQ/hqdefault.jpg">PlayMedia(&quot;plugin://plugin.video.youtube/play/?video_id=HnNYbslXVWQ&amp;sf_options=fanart%3Dspecial%3A%2F%2Fhome%2Faddons%2Fplugin.video.youtube%2Fresources%2Fmedia%2Ffanart.jpg%26winID%3D10025%26desc%3D%5BUPPERCASE%5D%5BB%5DDynamiteHeaddy%5B%2FB%5D%5B%2FUPPERCASE%5D%5BCR%5D%5BCR%5DWith+Simone+Robertson%21%26_options_sf&quot;)</favourite>
	<favourite name="Gamesmaster Series 3 Episode 19" thumb="https://i.ytimg.com/vi/k8k3WacnWjs/hqdefault.jpg">PlayMedia(&quot;plugin://plugin.video.youtube/play/?video_id=k8k3WacnWjs&amp;sf_options=fanart%3Dspecial%3A%2F%2Fhome%2Faddons%2Fplugin.video.youtube%2Fresources%2Fmedia%2Ffanart.jpg%26winID%3D10025%26desc%3D%5BUPPERCASE%5D%5BB%5DDynamiteHeaddy%5B%2FB%5D%5B%2FUPPERCASE%5D%5BCR%5D%5BCR%5DWith+the+legend+that+is+Kriss+Akabusi%21%26_options_sf&quot;)</favourite>
	<favourite name="Gamesmaster Series 3 Episode 20" thumb="https://i.ytimg.com/vi/YW5uY6Lc8Q8/hqdefault.jpg">PlayMedia(&quot;plugin://plugin.video.youtube/play/?video_id=YW5uY6Lc8Q8&amp;sf_options=fanart%3Dspecial%3A%2F%2Fhome%2Faddons%2Fplugin.video.youtube%2Fresources%2Fmedia%2Ffanart.jpg%26winID%3D10025%26desc%3D%5BUPPERCASE%5D%5BB%5DDynamiteHeaddy%5B%2FB%5D%5B%2FUPPERCASE%5D%5BCR%5D%5BCR%5DWith+Lisa+Geoghan+and+Andrew+Paul%21%26_options_sf&quot;)</favourite>
	<favourite name="Gamesmaster Series 3 Episode 21" thumb="https://i.ytimg.com/vi/61G9XOUABBA/hqdefault.jpg">PlayMedia(&quot;plugin://plugin.video.youtube/play/?video_id=61G9XOUABBA&amp;sf_options=fanart%3Dspecial%3A%2F%2Fhome%2Faddons%2Fplugin.video.youtube%2Fresources%2Fmedia%2Ffanart.jpg%26winID%3D10025%26desc%3D%5BUPPERCASE%5D%5BB%5DDynamiteHeaddy%5B%2FB%5D%5B%2FUPPERCASE%5D%5BCR%5D%5BCR%5DWith+Ronnie+O%27+Sullivan%21%26_options_sf&quot;)</favourite>
	<favourite name="Gamesmaster Series 3 Episode 22" thumb="https://i.ytimg.com/vi/MwPRsIvwFUY/hqdefault.jpg">PlayMedia(&quot;plugin://plugin.video.youtube/play/?video_id=MwPRsIvwFUY&amp;sf_options=fanart%3Dspecial%3A%2F%2Fhome%2Faddons%2Fplugin.video.youtube%2Fresources%2Fmedia%2Ffanart.jpg%26winID%3D10025%26desc%3D%5BUPPERCASE%5D%5BB%5DDynamiteHeaddy%5B%2FB%5D%5B%2FUPPERCASE%5D%5BCR%5D%5BCR%5DWith+the+late%2C+great+%27Macho+Man%27+Randy+Savage%21%26_options_sf&quot;)</favourite>
	<favourite name="Gamesmaster Series 3 Episode 23" thumb="https://i.ytimg.com/vi/5z6TcoNo88I/hqdefault.jpg">PlayMedia(&quot;plugin://plugin.video.youtube/play/?video_id=5z6TcoNo88I&amp;sf_options=fanart%3Dspecial%3A%2F%2Fhome%2Faddons%2Fplugin.video.youtube%2Fresources%2Fmedia%2Ffanart.jpg%26winID%3D10025%26desc%3D%5BUPPERCASE%5D%5BB%5DDynamiteHeaddy%5B%2FB%5D%5B%2FUPPERCASE%5D%5BCR%5D%5BCR%5DWith+2+Unlimited+%28the+guys+who+did+no+no+no+no+no+no+no+no+no+no+there%27s+no+limits%29%26_options_sf&quot;)</favourite>
	<favourite name="Gamesmaster Series 3 Episode 24" thumb="https://i.ytimg.com/vi/k57OE1yAoTI/hqdefault.jpg">PlayMedia(&quot;plugin://plugin.video.youtube/play/?video_id=k57OE1yAoTI&amp;sf_options=fanart%3Dspecial%3A%2F%2Fhome%2Faddons%2Fplugin.video.youtube%2Fresources%2Fmedia%2Ffanart.jpg%26winID%3D10025%26desc%3D%5BUPPERCASE%5D%5BB%5DDynamiteHeaddy%5B%2FB%5D%5B%2FUPPERCASE%5D%5BCR%5D%5BCR%5DWith+the+Crash+Test+Dummies%2C+Slick+and+Spin+%28wait+what%29%26_options_sf&quot;)</favourite>
	<favourite name="Gamesmaster Series 3 Episode 25" thumb="https://i.ytimg.com/vi/ghyU99VHBNs/hqdefault.jpg">PlayMedia(&quot;plugin://plugin.video.youtube/play/?video_id=ghyU99VHBNs&amp;sf_options=fanart%3Dspecial%3A%2F%2Fhome%2Faddons%2Fplugin.video.youtube%2Fresources%2Fmedia%2Ffanart.jpg%26winID%3D10025%26desc%3D%5BUPPERCASE%5D%5BB%5DDynamiteHeaddy%5B%2FB%5D%5B%2FUPPERCASE%5D%5BCR%5D%5BCR%5DWith+Bad+Boys+Inc.%26_options_sf&quot;)</favourite>
	<favourite name="Gamesmaster Series 3 Episode 26" thumb="https://i.ytimg.com/vi/W68Idu75C1E/hqdefault.jpg">PlayMedia(&quot;plugin://plugin.video.youtube/play/?video_id=W68Idu75C1E&amp;sf_options=fanart%3Dspecial%3A%2F%2Fhome%2Faddons%2Fplugin.video.youtube%2Fresources%2Fmedia%2Ffanart.jpg%26winID%3D10025%26desc%3D%5BUPPERCASE%5D%5BB%5DDynamiteHeaddy%5B%2FB%5D%5B%2FUPPERCASE%5D%5BCR%5D%5BCR%5DThe+Final+Episode+of+Series+3+and+the+Gamesmaster+Team+Championship+Finals%21%26_options_sf&quot;)</favourite>
	<favourite name="Gamesmaster Series 4 Episode 1" thumb="https://i.ytimg.com/vi/2EdA1rP3WUM/hqdefault.jpg">PlayMedia(&quot;plugin://plugin.video.youtube/play/?video_id=2EdA1rP3WUM&amp;sf_options=fanart%3Dspecial%3A%2F%2Fhome%2Faddons%2Fplugin.video.youtube%2Fresources%2Fmedia%2Ffanart.jpg%26winID%3D10025%26desc%3D%5BUPPERCASE%5D%5BB%5DDynamiteHeaddy%5B%2FB%5D%5B%2FUPPERCASE%5D%5BCR%5D%5BCR%5DWith+Frank+Skinner%21%26_options_sf&quot;)</favourite>
	<favourite name="Gamesmaster Series 4 Episode 2" thumb="https://i.ytimg.com/vi/ZLRyynh8veU/hqdefault.jpg">PlayMedia(&quot;plugin://plugin.video.youtube/play/?video_id=ZLRyynh8veU&amp;sf_options=fanart%3Dspecial%3A%2F%2Fhome%2Faddons%2Fplugin.video.youtube%2Fresources%2Fmedia%2Ffanart.jpg%26winID%3D10025%26desc%3D%5BUPPERCASE%5D%5BB%5DDynamiteHeaddy%5B%2FB%5D%5B%2FUPPERCASE%5D%5BCR%5D%5BCR%5DWith+Dan+Falzon+%26_options_sf&quot;)</favourite>
	<favourite name="Gamesmaster Series 4 Episode 3" thumb="https://i.ytimg.com/vi/PT6A5lVix4w/hqdefault.jpg">PlayMedia(&quot;plugin://plugin.video.youtube/play/?video_id=PT6A5lVix4w&amp;sf_options=fanart%3Dspecial%3A%2F%2Fhome%2Faddons%2Fplugin.video.youtube%2Fresources%2Fmedia%2Ffanart.jpg%26winID%3D10025%26desc%3D%5BUPPERCASE%5D%5BB%5DDynamiteHeaddy%5B%2FB%5D%5B%2FUPPERCASE%5D%5BCR%5D%5BCR%5DWith+Jimmy+White%21%26_options_sf&quot;)</favourite>
	<favourite name="Gamesmaster Series 4 Episode 4" thumb="https://i.ytimg.com/vi/Ig8nrm1dSVc/hqdefault.jpg">PlayMedia(&quot;plugin://plugin.video.youtube/play/?video_id=Ig8nrm1dSVc&amp;sf_options=fanart%3Dspecial%3A%2F%2Fhome%2Faddons%2Fplugin.video.youtube%2Fresources%2Fmedia%2Ffanart.jpg%26winID%3D10025%26desc%3D%5BUPPERCASE%5D%5BB%5DDynamiteHeaddy%5B%2FB%5D%5B%2FUPPERCASE%5D%5BCR%5D%5BCR%5DWith+Ant+and+Dec%21%26_options_sf&quot;)</favourite>
	<favourite name="Gamesmaster Series 4 Episode 5" thumb="https://i.ytimg.com/vi/WgR4ThJufPI/hqdefault.jpg">PlayMedia(&quot;plugin://plugin.video.youtube/play/?video_id=WgR4ThJufPI&amp;sf_options=fanart%3Dspecial%3A%2F%2Fhome%2Faddons%2Fplugin.video.youtube%2Fresources%2Fmedia%2Ffanart.jpg%26winID%3D10025%26desc%3D%5BUPPERCASE%5D%5BB%5DDynamiteHeaddy%5B%2FB%5D%5B%2FUPPERCASE%5D%5BCR%5D%5BCR%5DWith+Andy+Cole+%26_options_sf&quot;)</favourite>
	<favourite name="Gamesmaster Series 4 Episode 6" thumb="https://i.ytimg.com/vi/5f3EvBU565k/hqdefault.jpg">PlayMedia(&quot;plugin://plugin.video.youtube/play/?video_id=5f3EvBU565k&amp;sf_options=fanart%3Dspecial%3A%2F%2Fhome%2Faddons%2Fplugin.video.youtube%2Fresources%2Fmedia%2Ffanart.jpg%26winID%3D10025%26desc%3D%5BUPPERCASE%5D%5BB%5DDynamiteHeaddy%5B%2FB%5D%5B%2FUPPERCASE%5D%5BCR%5D%5BCR%5DWith+Vinnie+Jones+%26_options_sf&quot;)</favourite>
	<favourite name="Gamesmaster Series 4 Episode 7" thumb="https://i.ytimg.com/vi/EbAYGnh13zs/hqdefault.jpg">PlayMedia(&quot;plugin://plugin.video.youtube/play/?video_id=EbAYGnh13zs&amp;sf_options=fanart%3Dspecial%3A%2F%2Fhome%2Faddons%2Fplugin.video.youtube%2Fresources%2Fmedia%2Ffanart.jpg%26winID%3D10025%26desc%3D%5BUPPERCASE%5D%5BB%5DDynamiteHeaddy%5B%2FB%5D%5B%2FUPPERCASE%5D%5BCR%5D%5BCR%5DWith+Kasey+Keller+%26_options_sf&quot;)</favourite>
	<favourite name="Gamesmaster Series 4 Episode 8" thumb="https://i.ytimg.com/vi/HKlPPhYV5ZM/hqdefault.jpg">PlayMedia(&quot;plugin://plugin.video.youtube/play/?video_id=HKlPPhYV5ZM&amp;sf_options=fanart%3Dspecial%3A%2F%2Fhome%2Faddons%2Fplugin.video.youtube%2Fresources%2Fmedia%2Ffanart.jpg%26winID%3D10025%26desc%3D%5BUPPERCASE%5D%5BB%5DDynamiteHeaddy%5B%2FB%5D%5B%2FUPPERCASE%5D%5BCR%5D%5BCR%5DWith+Ian+Kelsey+and+Camilla+Power%21%26_options_sf&quot;)</favourite>
	<favourite name="Gamesmaster Series 4 Episode 9" thumb="https://i.ytimg.com/vi/cQLaIDIIBlU/hqdefault.jpg">PlayMedia(&quot;plugin://plugin.video.youtube/play/?video_id=cQLaIDIIBlU&amp;sf_options=fanart%3Dspecial%3A%2F%2Fhome%2Faddons%2Fplugin.video.youtube%2Fresources%2Fmedia%2Ffanart.jpg%26winID%3D10025%26desc%3D%5BUPPERCASE%5D%5BB%5DDynamiteHeaddy%5B%2FB%5D%5B%2FUPPERCASE%5D%5BCR%5D%5BCR%5DWith+Rupert+Moon+and+Dewi+Morris%21%26_options_sf&quot;)</favourite>
	<favourite name="Gamesmaster Series 4 Episode 10" thumb="https://i.ytimg.com/vi/t4Q2RtO9y_M/hqdefault.jpg">PlayMedia(&quot;plugin://plugin.video.youtube/play/?video_id=t4Q2RtO9y_M&amp;sf_options=fanart%3Dspecial%3A%2F%2Fhome%2Faddons%2Fplugin.video.youtube%2Fresources%2Fmedia%2Ffanart.jpg%26winID%3D10025%26desc%3D%5BUPPERCASE%5D%5BB%5DDynamiteHeaddy%5B%2FB%5D%5B%2FUPPERCASE%5D%5BCR%5D%5BCR%5DWith+Let+Loose%21%26_options_sf&quot;)</favourite>
	<favourite name="Gamesmaster Series 4 Episode 11" thumb="https://i.ytimg.com/vi/eTvlfyoYKeA/hqdefault.jpg">PlayMedia(&quot;plugin://plugin.video.youtube/play/?video_id=eTvlfyoYKeA&amp;sf_options=fanart%3Dspecial%3A%2F%2Fhome%2Faddons%2Fplugin.video.youtube%2Fresources%2Fmedia%2Ffanart.jpg%26winID%3D10025%26desc%3D%5BUPPERCASE%5D%5BB%5DDynamiteHeaddy%5B%2FB%5D%5B%2FUPPERCASE%5D%5BCR%5D%5BCR%5DWith+C.J.+Lewis%21%26_options_sf&quot;)</favourite>
	<favourite name="Gamesmaster Series 4 Episode 12" thumb="https://i.ytimg.com/vi/hLlh8LpS1Go/hqdefault.jpg">PlayMedia(&quot;plugin://plugin.video.youtube/play/?video_id=hLlh8LpS1Go&amp;sf_options=fanart%3Dspecial%3A%2F%2Fhome%2Faddons%2Fplugin.video.youtube%2Fresources%2Fmedia%2Ffanart.jpg%26winID%3D10025%26desc%3D%5BUPPERCASE%5D%5BB%5DDynamiteHeaddy%5B%2FB%5D%5B%2FUPPERCASE%5D%5BCR%5D%5BCR%5DWith+Marcus+Buff+Bagwell+and+Del+Wilkes%2C+the+WCW+Patriots%21%26_options_sf&quot;)</favourite>
	<favourite name="Gamesmaster Series 4 Episode 13" thumb="https://i.ytimg.com/vi/mehX4DmfrXE/hqdefault.jpg">PlayMedia(&quot;plugin://plugin.video.youtube/play/?video_id=mehX4DmfrXE&amp;sf_options=fanart%3Dspecial%3A%2F%2Fhome%2Faddons%2Fplugin.video.youtube%2Fresources%2Fmedia%2Ffanart.jpg%26winID%3D10025%26desc%3D%5BUPPERCASE%5D%5BB%5DDynamiteHeaddy%5B%2FB%5D%5B%2FUPPERCASE%5D%5BCR%5D%5BCR%5DWith+David+Coulthard%21%26_options_sf&quot;)</favourite>
	<favourite name="Gamesmaster Series 4 Episode 14" thumb="https://i.ytimg.com/vi/6PRjmIy8mPk/hqdefault.jpg">PlayMedia(&quot;plugin://plugin.video.youtube/play/?video_id=6PRjmIy8mPk&amp;sf_options=fanart%3Dspecial%3A%2F%2Fhome%2Faddons%2Fplugin.video.youtube%2Fresources%2Fmedia%2Ffanart.jpg%26winID%3D10025%26desc%3D%5BUPPERCASE%5D%5BB%5DDynamiteHeaddy%5B%2FB%5D%5B%2FUPPERCASE%5D%5BCR%5D%5BCR%5DThe+Christmas+Special%21%26_options_sf&quot;)</favourite>
	<favourite name="Gamesmaster Series 4 Episode 15" thumb="https://i.ytimg.com/vi/PN9HKo8hg8s/hqdefault.jpg">PlayMedia(&quot;plugin://plugin.video.youtube/play/?video_id=PN9HKo8hg8s&amp;sf_options=fanart%3Dspecial%3A%2F%2Fhome%2Faddons%2Fplugin.video.youtube%2Fresources%2Fmedia%2Ffanart.jpg%26winID%3D10025%26desc%3D%5BUPPERCASE%5D%5BB%5DDynamiteHeaddy%5B%2FB%5D%5B%2FUPPERCASE%5D%5BCR%5D%5BCR%5DWith+Roger+Black+%26_options_sf&quot;)</favourite>
	<favourite name="Gamesmaster Series 4 Episode 16" thumb="https://i.ytimg.com/vi/fs6pJ1y9rkU/hqdefault.jpg">PlayMedia(&quot;plugin://plugin.video.youtube/play/?video_id=fs6pJ1y9rkU&amp;sf_options=fanart%3Dspecial%3A%2F%2Fhome%2Faddons%2Fplugin.video.youtube%2Fresources%2Fmedia%2Ffanart.jpg%26winID%3D10025%26desc%3D%5BUPPERCASE%5D%5BB%5DDynamiteHeaddy%5B%2FB%5D%5B%2FUPPERCASE%5D%5BCR%5D%5BCR%5DWith+Prince+Naseem%21%26_options_sf&quot;)</favourite>
	<favourite name="Gamesmaster Series 4 Episode 17" thumb="https://i.ytimg.com/vi/Mt0O1HZB9AE/hqdefault.jpg">PlayMedia(&quot;plugin://plugin.video.youtube/play/?video_id=Mt0O1HZB9AE&amp;sf_options=fanart%3Dspecial%3A%2F%2Fhome%2Faddons%2Fplugin.video.youtube%2Fresources%2Fmedia%2Ffanart.jpg%26winID%3D10025%26desc%3D%5BUPPERCASE%5D%5BB%5DDynamiteHeaddy%5B%2FB%5D%5B%2FUPPERCASE%5D%5BCR%5D%5BCR%5DWith+Natalie+Imbruglia%21%26_options_sf&quot;)</favourite>
	<favourite name="Gamesmaster Gore Special (TV Version)" thumb="https://i.ytimg.com/vi/vOmUFxaLaMs/hqdefault.jpg">PlayMedia(&quot;plugin://plugin.video.youtube/play/?video_id=vOmUFxaLaMs&amp;sf_options=fanart%3Dspecial%3A%2F%2Fhome%2Faddons%2Fplugin.video.youtube%2Fresources%2Fmedia%2Ffanart.jpg%26winID%3D10025%26desc%3D%5BUPPERCASE%5D%5BB%5DDynamiteHeaddy%5B%2FB%5D%5B%2FUPPERCASE%5D%5BCR%5D%5BCR%5DSeries+4%2C+Episode+18.%0AMuch+less+content+%28re%3A+adverts%29+than+the+VCD+version%2C+but+still+worth+a+look.+Broadcast+after+the+watershed+yet+still+filmed+with+an+audience+of+kids.%26_options_sf&quot;)</favourite>
	<favourite name="GamesMaster Gore Special (Extended VCD version)" thumb="https://i.ytimg.com/vi/E_XVwPFqbZE/hqdefault.jpg">PlayMedia(&quot;plugin://plugin.video.youtube/play/?video_id=E_XVwPFqbZE&amp;sf_options=fanart%3Dspecial%3A%2F%2Fhome%2Faddons%2Fplugin.video.youtube%2Fresources%2Fmedia%2Ffanart.jpg%26winID%3D10025%26desc%3D%5BUPPERCASE%5D%5BB%5DDynamiteHeaddy%5B%2FB%5D%5B%2FUPPERCASE%5D%5BCR%5D%5BCR%5DThe+infamous+Gamesmaster+Gore+Special%21+This+is+the+extended+VCD+release+of+the+show%2C+with+lots+more+clips+from+games+like+Kasumi+Ninja%2C+Doom%2C+Mortal+Kombat+2%2C+I+Have+No+Mouth+and+I+Must+Scream%2C+Phantasmagoria%2C+Plumbers+Don%27t+Wear+Ties%2C+Primal+Rage%2C+BloodStorm+and+others.%0A%0AIt%27s+definitely+a+timestamp+of+the+dodgy+era+of+gaming+when+gore+and+tits+were+a+popular+way+of+selling+crap+games.+The+VCD+is+clearly+capitalizing+on+the+appeal+of+this+too%2C+so+it%27s+quite+shallow+to+hear+Dominic+rip+the+piss+out+of+actually-good+games+like+Splatterhouse+2+to+show+how+%27with+it%27+Gamesmaster+is+%28or+was%29.+Not+the+show%27s+best+moment%2C+but+still+worth+watching+to+remind+us+all+how+fucked+up+parts+of+the+late+nineties+were.%26_options_sf&quot;)</favourite>
	<favourite name="Gamesmaster Series 5 Episode 1" thumb="https://i.ytimg.com/vi/6ee-pyeZTjE/hqdefault.jpg">PlayMedia(&quot;plugin://plugin.video.youtube/play/?video_id=6ee-pyeZTjE&amp;sf_options=fanart%3Dspecial%3A%2F%2Fhome%2Faddons%2Fplugin.video.youtube%2Fresources%2Fmedia%2Ffanart.jpg%26winID%3D10025%26desc%3D%5BUPPERCASE%5D%5BB%5DDynamiteHeaddy%5B%2FB%5D%5B%2FUPPERCASE%5D%5BCR%5D%5BCR%5DWith+The+Shamen%21%0D%0AAlso+featuring+the+bizarre+baby+challenge.%26_options_sf&quot;)</favourite>
	<favourite name="Gamesmaster Series 5 Episode 2" thumb="https://i.ytimg.com/vi/W2DqItvXxGk/hqdefault.jpg">PlayMedia(&quot;plugin://plugin.video.youtube/play/?video_id=W2DqItvXxGk&amp;sf_options=fanart%3Dspecial%3A%2F%2Fhome%2Faddons%2Fplugin.video.youtube%2Fresources%2Fmedia%2Ffanart.jpg%26winID%3D10025%26desc%3D%5BUPPERCASE%5D%5BB%5DDynamiteHeaddy%5B%2FB%5D%5B%2FUPPERCASE%5D%5BCR%5D%5BCR%5DWith+Jadene+Doran+and+lots+of+perving.%26_options_sf&quot;)</favourite>
	<favourite name="Gamesmaster Series 5 Episode 3" thumb="https://i.ytimg.com/vi/QP4LpuMH43k/hqdefault.jpg">PlayMedia(&quot;plugin://plugin.video.youtube/play/?video_id=QP4LpuMH43k&amp;sf_options=fanart%3Dspecial%3A%2F%2Fhome%2Faddons%2Fplugin.video.youtube%2Fresources%2Fmedia%2Ffanart.jpg%26winID%3D10025%26desc%3D%5BUPPERCASE%5D%5BB%5DDynamiteHeaddy%5B%2FB%5D%5B%2FUPPERCASE%5D%5BCR%5D%5BCR%5DWith+Stephen+Hendry%21%26_options_sf&quot;)</favourite>
	<favourite name="Gamesmaster Series 5 Episode 4" thumb="https://i.ytimg.com/vi/AzB8V6aO17c/hqdefault.jpg">PlayMedia(&quot;plugin://plugin.video.youtube/play/?video_id=AzB8V6aO17c&amp;sf_options=fanart%3Dspecial%3A%2F%2Fhome%2Faddons%2Fplugin.video.youtube%2Fresources%2Fmedia%2Ffanart.jpg%26winID%3D10025%26desc%3D%5BUPPERCASE%5D%5BB%5DDynamiteHeaddy%5B%2FB%5D%5B%2FUPPERCASE%5D%5BCR%5D%5BCR%5DWith+Donna+Air+and+Vicky+Taylor%21%26_options_sf&quot;)</favourite>
	<favourite name="Gamesmaster Series 5 Episode 5" thumb="https://i.ytimg.com/vi/wdemCinjyKY/hqdefault.jpg">PlayMedia(&quot;plugin://plugin.video.youtube/play/?video_id=wdemCinjyKY&amp;sf_options=fanart%3Dspecial%3A%2F%2Fhome%2Faddons%2Fplugin.video.youtube%2Fresources%2Fmedia%2Ffanart.jpg%26winID%3D10025%26desc%3D%5BUPPERCASE%5D%5BB%5DDynamiteHeaddy%5B%2FB%5D%5B%2FUPPERCASE%5D%5BCR%5D%5BCR%5DWith+Stuart+Wade+and+Tonicha+Jeronimo%21%26_options_sf&quot;)</favourite>
	<favourite name="Gamesmaster Series 5 Episode 6" thumb="https://i.ytimg.com/vi/qGBZoolvYxw/hqdefault.jpg">PlayMedia(&quot;plugin://plugin.video.youtube/play/?video_id=qGBZoolvYxw&amp;sf_options=fanart%3Dspecial%3A%2F%2Fhome%2Faddons%2Fplugin.video.youtube%2Fresources%2Fmedia%2Ffanart.jpg%26winID%3D10025%26desc%3D%5BUPPERCASE%5D%5BB%5DDynamiteHeaddy%5B%2FB%5D%5B%2FUPPERCASE%5D%5BCR%5D%5BCR%5DWith+Dean+Holdsworth+%26_options_sf&quot;)</favourite>
	<favourite name="Gamesmaster Series 5 Episode 7" thumb="https://i.ytimg.com/vi/-gCKFrqvliU/hqdefault.jpg">PlayMedia(&quot;plugin://plugin.video.youtube/play/?video_id=-gCKFrqvliU&amp;sf_options=fanart%3Dspecial%3A%2F%2Fhome%2Faddons%2Fplugin.video.youtube%2Fresources%2Fmedia%2Ffanart.jpg%26winID%3D10025%26desc%3D%5BUPPERCASE%5D%5BB%5DDynamiteHeaddy%5B%2FB%5D%5B%2FUPPERCASE%5D%5BCR%5D%5BCR%5DWith+Phil+Babb+and+Graeme+Le+Saux%21%26_options_sf&quot;)</favourite>
	<favourite name="Gamesmaster Series 5 Episode 8" thumb="https://i.ytimg.com/vi/3aJMwJiYOsk/hqdefault.jpg">PlayMedia(&quot;plugin://plugin.video.youtube/play/?video_id=3aJMwJiYOsk&amp;sf_options=fanart%3Dspecial%3A%2F%2Fhome%2Faddons%2Fplugin.video.youtube%2Fresources%2Fmedia%2Ffanart.jpg%26winID%3D10025%26desc%3D%5BUPPERCASE%5D%5BB%5DDynamiteHeaddy%5B%2FB%5D%5B%2FUPPERCASE%5D%5BCR%5D%5BCR%5DWith+Dean+Holdsworth+and+Phil+Babb%21%26_options_sf&quot;)</favourite>
	<favourite name="Gamesmaster Series 5 Episode 9" thumb="https://i.ytimg.com/vi/wNmhFpDW2U4/hqdefault.jpg">PlayMedia(&quot;plugin://plugin.video.youtube/play/?video_id=wNmhFpDW2U4&amp;sf_options=fanart%3Dspecial%3A%2F%2Fhome%2Faddons%2Fplugin.video.youtube%2Fresources%2Fmedia%2Ffanart.jpg%26winID%3D10025%26desc%3D%5BUPPERCASE%5D%5BB%5DDynamiteHeaddy%5B%2FB%5D%5B%2FUPPERCASE%5D%5BCR%5D%5BCR%5DWith+Johnny+Herbet+and+Mark+Blundell%21%26_options_sf&quot;)</favourite>
	<favourite name="Gamesmaster Series 5 Episode 10" thumb="https://i.ytimg.com/vi/dwZdroNphXA/hqdefault.jpg">PlayMedia(&quot;plugin://plugin.video.youtube/play/?video_id=dwZdroNphXA&amp;sf_options=fanart%3Dspecial%3A%2F%2Fhome%2Faddons%2Fplugin.video.youtube%2Fresources%2Fmedia%2Ffanart.jpg%26winID%3D10025%26desc%3D%5BUPPERCASE%5D%5BB%5DDynamiteHeaddy%5B%2FB%5D%5B%2FUPPERCASE%5D%5BCR%5D%5BCR%5DWith+Cobra+and+Panther+from+Gladiators%21%26_options_sf&quot;)</favourite>
	<favourite name="Gamesmaster Series 5 Episode 11" thumb="https://i.ytimg.com/vi/fqIyjKxPS1s/hqdefault.jpg">PlayMedia(&quot;plugin://plugin.video.youtube/play/?video_id=fqIyjKxPS1s&amp;sf_options=fanart%3Dspecial%3A%2F%2Fhome%2Faddons%2Fplugin.video.youtube%2Fresources%2Fmedia%2Ffanart.jpg%26winID%3D10025%26desc%3D%5BUPPERCASE%5D%5BB%5DDynamiteHeaddy%5B%2FB%5D%5B%2FUPPERCASE%5D%5BCR%5D%5BCR%5DWith+Ronnie+O%27Sullivan%21%26_options_sf&quot;)</favourite>
	<favourite name="Gamesmaster Series 5 Episode 12" thumb="https://i.ytimg.com/vi/xRcMr4Ljlzs/hqdefault.jpg">PlayMedia(&quot;plugin://plugin.video.youtube/play/?video_id=xRcMr4Ljlzs&amp;sf_options=fanart%3Dspecial%3A%2F%2Fhome%2Faddons%2Fplugin.video.youtube%2Fresources%2Fmedia%2Ffanart.jpg%26winID%3D10025%26desc%3D%5BUPPERCASE%5D%5BB%5DDynamiteHeaddy%5B%2FB%5D%5B%2FUPPERCASE%5D%5BCR%5D%5BCR%5DWith+E.Y.C.%26_options_sf&quot;)</favourite>
	<favourite name="Gamesmaster Series 5 Episode 13" thumb="https://i.ytimg.com/vi/KCgSUe4wbEk/hqdefault.jpg">PlayMedia(&quot;plugin://plugin.video.youtube/play/?video_id=KCgSUe4wbEk&amp;sf_options=fanart%3Dspecial%3A%2F%2Fhome%2Faddons%2Fplugin.video.youtube%2Fresources%2Fmedia%2Ffanart.jpg%26winID%3D10025%26desc%3D%5BUPPERCASE%5D%5BB%5DDynamiteHeaddy%5B%2FB%5D%5B%2FUPPERCASE%5D%5BCR%5D%5BCR%5DWith+Whigfield+and+the+cringe-inducing+wedding.%26_options_sf&quot;)</favourite>
	<favourite name="Gamesmaster Series 5 Episode 14" thumb="https://i.ytimg.com/vi/JKT3_s3gfSU/hqdefault.jpg">PlayMedia(&quot;plugin://plugin.video.youtube/play/?video_id=JKT3_s3gfSU&amp;sf_options=fanart%3Dspecial%3A%2F%2Fhome%2Faddons%2Fplugin.video.youtube%2Fresources%2Fmedia%2Ffanart.jpg%26winID%3D10025%26desc%3D%5BUPPERCASE%5D%5BB%5DDynamiteHeaddy%5B%2FB%5D%5B%2FUPPERCASE%5D%5BCR%5D%5BCR%5DWith+Patsy+Palmer+%26_options_sf&quot;)</favourite>
	<favourite name="Gamesmaster Series 5 Episode 15" thumb="https://i.ytimg.com/vi/Pa72J-4BhwA/hqdefault.jpg">PlayMedia(&quot;plugin://plugin.video.youtube/play/?video_id=Pa72J-4BhwA&amp;sf_options=fanart%3Dspecial%3A%2F%2Fhome%2Faddons%2Fplugin.video.youtube%2Fresources%2Fmedia%2Ffanart.jpg%26winID%3D10025%26desc%3D%5BUPPERCASE%5D%5BB%5DDynamiteHeaddy%5B%2FB%5D%5B%2FUPPERCASE%5D%5BCR%5D%5BCR%5DChristmas+Highlights+Episode%21%26_options_sf&quot;)</favourite>
	<favourite name="Gamesmaster Series 5 Episode 16" thumb="https://i.ytimg.com/vi/7yPyFkfAcmE/hqdefault.jpg">PlayMedia(&quot;plugin://plugin.video.youtube/play/?video_id=7yPyFkfAcmE&amp;sf_options=fanart%3Dspecial%3A%2F%2Fhome%2Faddons%2Fplugin.video.youtube%2Fresources%2Fmedia%2Ffanart.jpg%26winID%3D10025%26desc%3D%5BUPPERCASE%5D%5BB%5DDynamiteHeaddy%5B%2FB%5D%5B%2FUPPERCASE%5D%5BCR%5D%5BCR%5DWith+the+legendary+Mr.+Motivator%21%26_options_sf&quot;)</favourite>
	<favourite name="Gamesmaster Series 5 Episode 17" thumb="https://i.ytimg.com/vi/powM7H5fOSI/hqdefault.jpg">PlayMedia(&quot;plugin://plugin.video.youtube/play/?video_id=powM7H5fOSI&amp;sf_options=fanart%3Dspecial%3A%2F%2Fhome%2Faddons%2Fplugin.video.youtube%2Fresources%2Fmedia%2Ffanart.jpg%26winID%3D10025%26desc%3D%5BUPPERCASE%5D%5BB%5DDynamiteHeaddy%5B%2FB%5D%5B%2FUPPERCASE%5D%5BCR%5D%5BCR%5DWith+Stewart+Lee+%26_options_sf&quot;)</favourite>
	<favourite name="Gamesmaster Series 5 Episode 18" thumb="https://i.ytimg.com/vi/XYCVCQU2wxI/hqdefault.jpg">PlayMedia(&quot;plugin://plugin.video.youtube/play/?video_id=XYCVCQU2wxI&amp;sf_options=fanart%3Dspecial%3A%2F%2Fhome%2Faddons%2Fplugin.video.youtube%2Fresources%2Fmedia%2Ffanart.jpg%26winID%3D10025%26desc%3D%5BUPPERCASE%5D%5BB%5DDynamiteHeaddy%5B%2FB%5D%5B%2FUPPERCASE%5D%5BCR%5D%5BCR%5DWith+Janick+Gers%21%0AThe+%27Dominik+on+a+rollercoaster%27+episode.%26_options_sf&quot;)</favourite>
	<favourite name="Gamesmaster Series 6 Episode 1" thumb="https://i.ytimg.com/vi/FnL5Lts-JhI/hqdefault.jpg">PlayMedia(&quot;plugin://plugin.video.youtube/play/?video_id=FnL5Lts-JhI&amp;sf_options=fanart%3Dspecial%3A%2F%2Fhome%2Faddons%2Fplugin.video.youtube%2Fresources%2Fmedia%2Ffanart.jpg%26winID%3D10025%26desc%3D%5BUPPERCASE%5D%5BB%5DDynamiteHeaddy%5B%2FB%5D%5B%2FUPPERCASE%5D%5BCR%5D%5BCR%5DWith+Samantha+Fox%21%26_options_sf&quot;)</favourite>
	<favourite name="Gamesmaster Series 6 Episode 2" thumb="https://i.ytimg.com/vi/lM_pu729F8s/hqdefault.jpg">PlayMedia(&quot;plugin://plugin.video.youtube/play/?video_id=lM_pu729F8s&amp;sf_options=fanart%3Dspecial%3A%2F%2Fhome%2Faddons%2Fplugin.video.youtube%2Fresources%2Fmedia%2Ffanart.jpg%26winID%3D10025%26desc%3D%5BUPPERCASE%5D%5BB%5DDynamiteHeaddy%5B%2FB%5D%5B%2FUPPERCASE%5D%5BCR%5D%5BCR%5DWith+Danny+John-Jules%21%26_options_sf&quot;)</favourite>
	<favourite name="Gamesmaster Series 6 Episode 3" thumb="https://i.ytimg.com/vi/fBtaoTd2zC4/hqdefault.jpg">PlayMedia(&quot;plugin://plugin.video.youtube/play/?video_id=fBtaoTd2zC4&amp;sf_options=fanart%3Dspecial%3A%2F%2Fhome%2Faddons%2Fplugin.video.youtube%2Fresources%2Fmedia%2Ffanart.jpg%26winID%3D10025%26desc%3D%5BUPPERCASE%5D%5BB%5DDynamiteHeaddy%5B%2FB%5D%5B%2FUPPERCASE%5D%5BCR%5D%5BCR%5DWith+John+Regis+%26_options_sf&quot;)</favourite>
	<favourite name="Gamesmaster Series 6 Episode 4" thumb="https://i.ytimg.com/vi/cgZ9PPDn7Qw/hqdefault.jpg">PlayMedia(&quot;plugin://plugin.video.youtube/play/?video_id=cgZ9PPDn7Qw&amp;sf_options=fanart%3Dspecial%3A%2F%2Fhome%2Faddons%2Fplugin.video.youtube%2Fresources%2Fmedia%2Ffanart.jpg%26winID%3D10025%26desc%3D%5BUPPERCASE%5D%5BB%5DDynamiteHeaddy%5B%2FB%5D%5B%2FUPPERCASE%5D%5BCR%5D%5BCR%5DWith+Paul+Leyshon%21%26_options_sf&quot;)</favourite>
	<favourite name="Gamesmaster Series 6 Episode 5" thumb="https://i.ytimg.com/vi/IIApXpbU8ac/hqdefault.jpg">PlayMedia(&quot;plugin://plugin.video.youtube/play/?video_id=IIApXpbU8ac&amp;sf_options=fanart%3Dspecial%3A%2F%2Fhome%2Faddons%2Fplugin.video.youtube%2Fresources%2Fmedia%2Ffanart.jpg%26winID%3D10025%26desc%3D%5BUPPERCASE%5D%5BB%5DDynamiteHeaddy%5B%2FB%5D%5B%2FUPPERCASE%5D%5BCR%5D%5BCR%5DWith+Uri+Geller%21%26_options_sf&quot;)</favourite>
	<favourite name="Gamesmaster Series 6 Episode 6" thumb="https://i.ytimg.com/vi/N70gwx3KZUY/hqdefault.jpg">PlayMedia(&quot;plugin://plugin.video.youtube/play/?video_id=N70gwx3KZUY&amp;sf_options=fanart%3Dspecial%3A%2F%2Fhome%2Faddons%2Fplugin.video.youtube%2Fresources%2Fmedia%2Ffanart.jpg%26winID%3D10025%26desc%3D%5BUPPERCASE%5D%5BB%5DDynamiteHeaddy%5B%2FB%5D%5B%2FUPPERCASE%5D%5BCR%5D%5BCR%5DWith+Richard+Rufus+and+Michael+Duberry%21%26_options_sf&quot;)</favourite>
	<favourite name="Gamesmaster Series 6 Episode 7" thumb="https://i.ytimg.com/vi/4Wif0qCXRp8/hqdefault.jpg">PlayMedia(&quot;plugin://plugin.video.youtube/play/?video_id=4Wif0qCXRp8&amp;sf_options=fanart%3Dspecial%3A%2F%2Fhome%2Faddons%2Fplugin.video.youtube%2Fresources%2Fmedia%2Ffanart.jpg%26winID%3D10025%26desc%3D%5BUPPERCASE%5D%5BB%5DDynamiteHeaddy%5B%2FB%5D%5B%2FUPPERCASE%5D%5BCR%5D%5BCR%5DWith+Chris+Armstrong%21%26_options_sf&quot;)</favourite>
	<favourite name="Gamesmaster Series 6 Episode 8" thumb="https://i.ytimg.com/vi/U_nJhD7qCQA/hqdefault.jpg">PlayMedia(&quot;plugin://plugin.video.youtube/play/?video_id=U_nJhD7qCQA&amp;sf_options=fanart%3Dspecial%3A%2F%2Fhome%2Faddons%2Fplugin.video.youtube%2Fresources%2Fmedia%2Ffanart.jpg%26winID%3D10025%26desc%3D%5BUPPERCASE%5D%5BB%5DDynamiteHeaddy%5B%2FB%5D%5B%2FUPPERCASE%5D%5BCR%5D%5BCR%5DWith+Richard+Rufus+and+Chris+Armstrong%21%26_options_sf&quot;)</favourite>
	<favourite name="Gamesmaster Series 6 Episode 9" thumb="https://i.ytimg.com/vi/au90LOrsEEo/hqdefault.jpg">PlayMedia(&quot;plugin://plugin.video.youtube/play/?video_id=au90LOrsEEo&amp;sf_options=fanart%3Dspecial%3A%2F%2Fhome%2Faddons%2Fplugin.video.youtube%2Fresources%2Fmedia%2Ffanart.jpg%26winID%3D10025%26desc%3D%5BUPPERCASE%5D%5BB%5DDynamiteHeaddy%5B%2FB%5D%5B%2FUPPERCASE%5D%5BCR%5D%5BCR%5DThe+entertaining+Christmas+Quiz+Special%2C+with+the+infamous+Super+Mario+64+Dave+Perry+Incident.%26_options_sf&quot;)</favourite>
	<favourite name="Gamesmaster Series 6 Episode 10" thumb="https://i.ytimg.com/vi/2ma9f-HTIkY/hqdefault.jpg">PlayMedia(&quot;plugin://plugin.video.youtube/play/?video_id=2ma9f-HTIkY&amp;sf_options=fanart%3Dspecial%3A%2F%2Fhome%2Faddons%2Fplugin.video.youtube%2Fresources%2Fmedia%2Ffanart.jpg%26winID%3D10025%26desc%3D%5BUPPERCASE%5D%5BB%5DDynamiteHeaddy%5B%2FB%5D%5B%2FUPPERCASE%5D%5BCR%5D%5BCR%5DWith+Zoe+Ball+and+cross-dressing+presenters%21%26_options_sf&quot;)</favourite>
	<favourite name="Gamesmaster Series 6 Episode 11" thumb="https://i.ytimg.com/vi/bmQlxclxOG4/hqdefault.jpg">PlayMedia(&quot;plugin://plugin.video.youtube/play/?video_id=bmQlxclxOG4&amp;sf_options=fanart%3Dspecial%3A%2F%2Fhome%2Faddons%2Fplugin.video.youtube%2Fresources%2Fmedia%2Ffanart.jpg%26winID%3D10025%26desc%3D%5BUPPERCASE%5D%5BB%5DDynamiteHeaddy%5B%2FB%5D%5B%2FUPPERCASE%5D%5BCR%5D%5BCR%5DWith+Deepak+Verma%21%26_options_sf&quot;)</favourite>
	<favourite name="Gamesmaster Series 6 Episode 12" thumb="https://i.ytimg.com/vi/NHUfE_LDGNM/hqdefault.jpg">PlayMedia(&quot;plugin://plugin.video.youtube/play/?video_id=NHUfE_LDGNM&amp;sf_options=fanart%3Dspecial%3A%2F%2Fhome%2Faddons%2Fplugin.video.youtube%2Fresources%2Fmedia%2Ffanart.jpg%26winID%3D10025%26desc%3D%5BUPPERCASE%5D%5BB%5DDynamiteHeaddy%5B%2FB%5D%5B%2FUPPERCASE%5D%5BCR%5D%5BCR%5DWith+Bear+Van+Beers%21%26_options_sf&quot;)</favourite>
	<favourite name="Gamesmaster Series 6 Episode 13" thumb="https://i.ytimg.com/vi/h6A3kcyOOTo/hqdefault.jpg">PlayMedia(&quot;plugin://plugin.video.youtube/play/?video_id=h6A3kcyOOTo&amp;sf_options=fanart%3Dspecial%3A%2F%2Fhome%2Faddons%2Fplugin.video.youtube%2Fresources%2Fmedia%2Ffanart.jpg%26winID%3D10025%26desc%3D%5BUPPERCASE%5D%5BB%5DDynamiteHeaddy%5B%2FB%5D%5B%2FUPPERCASE%5D%5BCR%5D%5BCR%5DWith+Tracy+Shaw%21%26_options_sf&quot;)</favourite>
	<favourite name="Gamesmaster Series 6 Episode 14" thumb="https://i.ytimg.com/vi/f0snEdXlRGY/hqdefault.jpg">PlayMedia(&quot;plugin://plugin.video.youtube/play/?video_id=f0snEdXlRGY&amp;sf_options=fanart%3Dspecial%3A%2F%2Fhome%2Faddons%2Fplugin.video.youtube%2Fresources%2Fmedia%2Ffanart.jpg%26winID%3D10025%26desc%3D%5BUPPERCASE%5D%5BB%5DDynamiteHeaddy%5B%2FB%5D%5B%2FUPPERCASE%5D%5BCR%5D%5BCR%5DPrevious+attempt+didn%27t+upload+correctly.%0AWith+Adam+Hollioake+and+Phil+Tufnell%26_options_sf&quot;)</favourite>
	<favourite name="Gamesmaster Series 6 Episode 15" thumb="https://i.ytimg.com/vi/8KrTcnYx1VI/hqdefault.jpg">PlayMedia(&quot;plugin://plugin.video.youtube/play/?video_id=8KrTcnYx1VI&amp;sf_options=fanart%3Dspecial%3A%2F%2Fhome%2Faddons%2Fplugin.video.youtube%2Fresources%2Fmedia%2Ffanart.jpg%26winID%3D10025%26desc%3D%5BUPPERCASE%5D%5BB%5DDynamiteHeaddy%5B%2FB%5D%5B%2FUPPERCASE%5D%5BCR%5D%5BCR%5DWith+Paul+Mckenna%21%26_options_sf&quot;)</favourite>
	<favourite name="Gamesmaster Series 6 Episode 16" thumb="https://i.ytimg.com/vi/oXK_nDzdx3w/hqdefault.jpg">PlayMedia(&quot;plugin://plugin.video.youtube/play/?video_id=oXK_nDzdx3w&amp;sf_options=fanart%3Dspecial%3A%2F%2Fhome%2Faddons%2Fplugin.video.youtube%2Fresources%2Fmedia%2Ffanart.jpg%26winID%3D10025%26desc%3D%5BUPPERCASE%5D%5BB%5DDynamiteHeaddy%5B%2FB%5D%5B%2FUPPERCASE%5D%5BCR%5D%5BCR%5DWith+The+Brotherhood+%28band%29%21%26_options_sf&quot;)</favourite>
	<favourite name="Gamesmaster Series 6 Episode 17" thumb="https://i.ytimg.com/vi/DmmjnbyKxnE/hqdefault.jpg">PlayMedia(&quot;plugin://plugin.video.youtube/play/?video_id=DmmjnbyKxnE&amp;sf_options=fanart%3Dspecial%3A%2F%2Fhome%2Faddons%2Fplugin.video.youtube%2Fresources%2Fmedia%2Ffanart.jpg%26winID%3D10025%26desc%3D%5BUPPERCASE%5D%5BB%5DDynamiteHeaddy%5B%2FB%5D%5B%2FUPPERCASE%5D%5BCR%5D%5BCR%5DWith+Gene+%28band%29%21%26_options_sf&quot;)</favourite>
	<favourite name="Gamesmaster Series 6 Episode 18" thumb="https://i.ytimg.com/vi/NaXaK0Fgzac/hqdefault.jpg">PlayMedia(&quot;plugin://plugin.video.youtube/play/?video_id=NaXaK0Fgzac&amp;sf_options=fanart%3Dspecial%3A%2F%2Fhome%2Faddons%2Fplugin.video.youtube%2Fresources%2Fmedia%2Ffanart.jpg%26winID%3D10025%26desc%3D%5BUPPERCASE%5D%5BB%5DDynamiteHeaddy%5B%2FB%5D%5B%2FUPPERCASE%5D%5BCR%5D%5BCR%5DWith+Michael+Fish+the+weatherman%2C+who+looks+confused+and+bewildered.%26_options_sf&quot;)</favourite>
	<favourite name="Gamesmaster Series 7 Episode 1" thumb="https://i.ytimg.com/vi/ZTiTC8-alDs/hqdefault.jpg">PlayMedia(&quot;plugin://plugin.video.youtube/play/?video_id=ZTiTC8-alDs&amp;sf_options=fanart%3Dspecial%3A%2F%2Fhome%2Faddons%2Fplugin.video.youtube%2Fresources%2Fmedia%2Ffanart.jpg%26winID%3D10025%26desc%3D%5BUPPERCASE%5D%5BB%5DDynamiteHeaddy%5B%2FB%5D%5B%2FUPPERCASE%5D%5BCR%5D%5BCR%5DWith+Jo+Quest%21%26_options_sf&quot;)</favourite>
	<favourite name="Gamesmaster Series 7 Episode 2" thumb="https://i.ytimg.com/vi/2WckPRL4rxY/hqdefault.jpg">PlayMedia(&quot;plugin://plugin.video.youtube/play/?video_id=2WckPRL4rxY&amp;sf_options=fanart%3Dspecial%3A%2F%2Fhome%2Faddons%2Fplugin.video.youtube%2Fresources%2Fmedia%2Ffanart.jpg%26winID%3D10025%26desc%3D%5BUPPERCASE%5D%5BB%5DDynamiteHeaddy%5B%2FB%5D%5B%2FUPPERCASE%5D%5BCR%5D%5BCR%5DWith+2-Phaan+and+Jabba+da+Hype+from+Kaleef%21%26_options_sf&quot;)</favourite>
	<favourite name="Gamesmaster Series 7 Episode 3" thumb="https://i.ytimg.com/vi/W2Wm_if__bo/hqdefault.jpg">PlayMedia(&quot;plugin://plugin.video.youtube/play/?video_id=W2Wm_if__bo&amp;sf_options=fanart%3Dspecial%3A%2F%2Fhome%2Faddons%2Fplugin.video.youtube%2Fresources%2Fmedia%2Ffanart.jpg%26winID%3D10025%26desc%3D%5BUPPERCASE%5D%5BB%5DDynamiteHeaddy%5B%2FB%5D%5B%2FUPPERCASE%5D%5BCR%5D%5BCR%5DWith+Boxers+Ryan+Rhodes+%26_options_sf&quot;)</favourite>
	<favourite name="Gamesmaster Series 7 Episode 4" thumb="https://i.ytimg.com/vi/EIipe-JcXcY/hqdefault.jpg">PlayMedia(&quot;plugin://plugin.video.youtube/play/?video_id=EIipe-JcXcY&amp;sf_options=fanart%3Dspecial%3A%2F%2Fhome%2Faddons%2Fplugin.video.youtube%2Fresources%2Fmedia%2Ffanart.jpg%26winID%3D10025%26desc%3D%5BUPPERCASE%5D%5BB%5DDynamiteHeaddy%5B%2FB%5D%5B%2FUPPERCASE%5D%5BCR%5D%5BCR%5DWith+Sol+Campbell+and+Christian+Dailly%21%26_options_sf&quot;)</favourite>
	<favourite name="Gamesmaster Series 7 Episode 5" thumb="https://i.ytimg.com/vi/HlPlgDabFUc/hqdefault.jpg">PlayMedia(&quot;plugin://plugin.video.youtube/play/?video_id=HlPlgDabFUc&amp;sf_options=fanart%3Dspecial%3A%2F%2Fhome%2Faddons%2Fplugin.video.youtube%2Fresources%2Fmedia%2Ffanart.jpg%26winID%3D10025%26desc%3D%5BUPPERCASE%5D%5BB%5DDynamiteHeaddy%5B%2FB%5D%5B%2FUPPERCASE%5D%5BCR%5D%5BCR%5DWith+Emma+Harrison%21%26_options_sf&quot;)</favourite>
	<favourite name="Gamesmaster Series 7 Episode 6" thumb="https://i.ytimg.com/vi/8GmdEjdXO1Y/hqdefault.jpg">PlayMedia(&quot;plugin://plugin.video.youtube/play/?video_id=8GmdEjdXO1Y&amp;sf_options=fanart%3Dspecial%3A%2F%2Fhome%2Faddons%2Fplugin.video.youtube%2Fresources%2Fmedia%2Ffanart.jpg%26winID%3D10025%26desc%3D%5BUPPERCASE%5D%5BB%5DDynamiteHeaddy%5B%2FB%5D%5B%2FUPPERCASE%5D%5BCR%5D%5BCR%5DWith+All+Saints%21%26_options_sf&quot;)</favourite>
	<favourite name="Gamesmaster Series 7 Episode 7" thumb="https://i.ytimg.com/vi/bJNIslmWApk/hqdefault.jpg">PlayMedia(&quot;plugin://plugin.video.youtube/play/?video_id=bJNIslmWApk&amp;sf_options=fanart%3Dspecial%3A%2F%2Fhome%2Faddons%2Fplugin.video.youtube%2Fresources%2Fmedia%2Ffanart.jpg%26winID%3D10025%26desc%3D%5BUPPERCASE%5D%5BB%5DDynamiteHeaddy%5B%2FB%5D%5B%2FUPPERCASE%5D%5BCR%5D%5BCR%5DWith+Sarah+Vandenbergh+%26_options_sf&quot;)</favourite>
	<favourite name="Gamesmaster Series 7 Episode 8" thumb="https://i.ytimg.com/vi/a8wOenxa06g/hqdefault.jpg">PlayMedia(&quot;plugin://plugin.video.youtube/play/?video_id=a8wOenxa06g&amp;sf_options=fanart%3Dspecial%3A%2F%2Fhome%2Faddons%2Fplugin.video.youtube%2Fresources%2Fmedia%2Ffanart.jpg%26winID%3D10025%26desc%3D%5BUPPERCASE%5D%5BB%5DDynamiteHeaddy%5B%2FB%5D%5B%2FUPPERCASE%5D%5BCR%5D%5BCR%5DWith+Catalina+Guirado%21%26_options_sf&quot;)</favourite>
	<favourite name="Gamesmaster Series 7 Episode 9" thumb="https://i.ytimg.com/vi/CNQTIgNAK5Q/hqdefault.jpg">PlayMedia(&quot;plugin://plugin.video.youtube/play/?video_id=CNQTIgNAK5Q&amp;sf_options=fanart%3Dspecial%3A%2F%2Fhome%2Faddons%2Fplugin.video.youtube%2Fresources%2Fmedia%2Ffanart.jpg%26winID%3D10025%26desc%3D%5BUPPERCASE%5D%5BB%5DDynamiteHeaddy%5B%2FB%5D%5B%2FUPPERCASE%5D%5BCR%5D%5BCR%5DWith+Debbie+Flett+and+Emma+Noble%21%26_options_sf&quot;)</favourite>
	<favourite name="GamesMaster Series 7 Episode 10 (Last Ever Episode)" thumb="https://i.ytimg.com/vi/9l8ycz81WfA/hqdefault.jpg">PlayMedia(&quot;plugin://plugin.video.youtube/play/?video_id=9l8ycz81WfA&amp;sf_options=fanart%3Dspecial%3A%2F%2Fhome%2Faddons%2Fplugin.video.youtube%2Fresources%2Fmedia%2Ffanart.jpg%26winID%3D10025%26desc%3D%5BUPPERCASE%5D%5BB%5DDynamiteHeaddy%5B%2FB%5D%5B%2FUPPERCASE%5D%5BCR%5D%5BCR%5DThe+Last+Ever+Episode.+Compilation+of+all+the+worst+moments+of+the+show+as+the+set+is+slowly+taken+down.+Dominik+gives+one+last+speech%2Fapology+to+the+camera+and+Patrick+Moore+makes+a+very+last+appearance.+As+heart-jerking+to+watch+now+as+it+was+all+those+years+ago.+This+is+a+rip+of+the+DVD+that+was+cover-mounted+one+time+on+Gamesmaster+Magazine%2C+hence+the+superior+quality.+There%27s+barely+any+game+footage%2C+hence+why+they+were+probably+able+to+get+permission+for+it.%26_options_sf&quot;)</favourite>
	<favourite name="Gamesmaster The funny bits series 1" thumb="https://i.ytimg.com/vi/ZA5VksPw-rQ/hqdefault.jpg">PlayMedia(&quot;plugin://plugin.video.youtube/play/?video_id=ZA5VksPw-rQ&amp;sf_options=winID%3D10025%26_options_sf&quot;)</favourite>
	<favourite name="Gamesmaster the funny bits. series 2" thumb="https://i.ytimg.com/vi/98CJnE5fFns/hqdefault.jpg">PlayMedia(&quot;plugin://plugin.video.youtube/play/?video_id=98CJnE5fFns&amp;sf_options=winID%3D10025%26desc%3D%5BUPPERCASE%5D%5BB%5DMike+Dix%5B%2FB%5D%5B%2FUPPERCASE%5D%5BCR%5D%5BCR%5DPart+two+of+the+GamesMasters+funny+bits.+Note+there+where+a+lot+less+knob+jokes+this+time+Dont+forget+to+subscribe+like+and+share+as+it+helps+the+channel+and+leave+a+comment+on+what+you+think+or+if+you+want+me+to+do+more.%26_options_sf&quot;)</favourite>
	<favourite name="Gamesmaster The funny bits series 4" thumb="https://i.ytimg.com/vi/D-E-EQd-F1Q/hqdefault.jpg">PlayMedia(&quot;plugin://plugin.video.youtube/play/?video_id=D-E-EQd-F1Q&amp;sf_options=winID%3D10025%26desc%3D%5BUPPERCASE%5D%5BB%5DMike+Dix%5B%2FB%5D%5B%2FUPPERCASE%5D%5BCR%5D%5BCR%5DGamesmaster+the+funny+bits.+Its+nice+to+have+the+Dom+back.+Dont+forget+to+subscribe+like+and+share+as+it+helps+the+channel+and+leave+a+comment+on+what+you+think+or+if+you+want+me+to+do+more.%26_options_sf&quot;)</favourite>
	<favourite name="Gamesmaster The funny bits series 6" thumb="https://i.ytimg.com/vi/hdJhRNcFgzs/hqdefault.jpg">PlayMedia(&quot;plugin://plugin.video.youtube/play/?video_id=hdJhRNcFgzs&amp;sf_options=winID%3D10025%26desc%3D%5BUPPERCASE%5D%5BB%5DMike+Dix%5B%2FB%5D%5B%2FUPPERCASE%5D%5BCR%5D%5BCR%5DGamesmaster+the+funny+bits.+Its+nice+to+have+the+Dom+back.+Curtsy+of+New-tabs.com+Dont+forget+to+subscribe+like+and+share+as+it+helps+the+channel+and+leave+a+comment+on+what+you+think+or+if+you+want+me+to+do+more.%26_options_sf&quot;)</favourite>
	<favourite name="Gamesmaster The funny bits series 7" thumb="https://i.ytimg.com/vi/YqM3a37wlfM/hqdefault.jpg">PlayMedia(&quot;plugin://plugin.video.youtube/play/?video_id=YqM3a37wlfM&amp;sf_options=winID%3D10025%26desc%3D%5BUPPERCASE%5D%5BB%5DMike+Dix%5B%2FB%5D%5B%2FUPPERCASE%5D%5BCR%5D%5BCR%5Dget+the+tissues+this+is+the+last+seires.+Gamesmaster+the+funny+bits.+Its+nice+to+have+the+Dom+back.+Curtsy+of+New-tabs.com+Dont+forget+to+subscribe+like+and+share+as+it+helps+the+channel+and+leave+a+comment+on+what+you+think+or+if+you+want+me+to+do+more.%26_options_sf&quot;)</favourite>
</favourites>