<favourites>
	<favourite name="AMC HD mic US" thumb="http://www.thelogodb.com/images/media/logo/txvtyy1441049730.png">PlayMedia(&quot;plugin://plugin.video.mic/?url=plugin%3A%2F%2Fplugin.video.SportsDevil%2F%3Fitem%3Dcatcher%253dstreams%2526title%253dAMC%2526url%253dmpd%25253A%25252F%25252Fb06316b29b6c788ecf95287567cb2a3a.m3u8%2526cfg%253dtvone1.tv.cfg%252540Streams%252540Channels%2526videoTitle%253dAMC%2526director%253dtvone1.tv%2526genre%253dLive%252bTV%2526referer%253dmpd%25253A%25252F%25252Fb06316b29b6c788ecf95287567cb2a3a.m3u8%2526definedIn%253dtvone1.tv.cfg%2526type%253drss%26mode%3D1&amp;mode=12&amp;sf_options=fanart%3Dhttp%3A%2F%2Fwww.pngall.com%2Fwp-content%2Fuploads%2F2016%2F05%2FAmerica-Flag-PNG-Picture.png%26winID%3D10025%26_options_sf&quot;)</favourite>
	<favourite name="[COLOR orange]AMC UK [/COLOR] mic UK" thumb="https://upload.wikimedia.org/wikipedia/en/2/2b/UKTV_logo.png">PlayMedia(&quot;plugin://plugin.video.mic/?url=plugin%3A%2F%2Fplugin.video.f4mTester%2F%3Fstreamtype%3DTSDOWNLOADER%3Bname%3DAMC+UK%26url%3Dhttp%3A%2F%2F37.187.139.155%3A8000%2Flive%2Flightwrath%40live.com%2FWatchNow%21%2F790.ts&amp;mode=12&amp;sf_options=fanart%3Dhttp%3A%2F%2Fwallpapercave.com%2Fwp%2FPaxa7aH.jpg%26winID%3D10025%26_options_sf&quot;)</favourite>
	<favourite name="AMC Lilly Sports" thumb="http://kodeekrazy.net/PROLOGIC/livetv%20thumb.jpg">PlayMedia(&quot;plugin://plugin.video.Tigensworld/?url=plugin%3A%2F%2Fplugin.video.SportsDevil%2F%3Fmode%3D1%26amp%3Bitem%3Dcatcher%253dstreams%2526url%3Dhttp%3A%2F%2Fwww.liveonlinetv247.info%2Famc.php%2526referer%3Dhttp%3A%2F%2Fwww.liveonlinetv247.info%2Famc.php&amp;mode=12&amp;sf_options=fanart%3Dhttp%3A%2F%2Fkodeeresurrection.com%2FLILYSPORTStxts%2Flivetv2.jpg%26winID%3D10025%26_options_sf&quot;)</favourite>
	<favourite name="AMC Fido" thumb="http://static.tumblr.com/f4e2fak/ECQn5oss1/amc_logo.png">PlayMedia(&quot;plugin://plugin.video.sanctuary/?url=plugin%3A%2F%2Fplugin.video.f4mTester%2F%3Fstreamtype%3DTSDOWNLOADER%3Bname%3DFIDO%26url%3Dhttp%3A%2F%2F37.187.139.155%3A8000%2Flive%2Flightwrath%40live.com%2FWatchNow%21%2F790.ts&amp;mode=1112&amp;sf_options=fanart%3Dhttp%3A%2F%2Ffantazyrepo.uk%2Faddonimages%2Flivetv%2FLiveTV.jpg%26winID%3D10025%26_options_sf&quot;)</favourite>
	<favourite name="[COLOR red]AMC[/COLOR] Evolve" thumb="https://www.thelogodb.com/images/media/logo/txvtyy1441049730.png/medium">PlayMedia(&quot;plugin://plugin.video.Evolve/?url=plugin%3A%2F%2Fplugin.video.SportsDevil%2F%3Fmode%3D1%26amp%3Bitem%3Dcatcher%253dstreams%2526url%3Dhttp%3A%2F%2Fwww.liveonlinetv247.info%2Fembed%2Famc.php%2526referer%3Dno&amp;mode=16&amp;name=%5BCOLOR+red%5DAMC%5B%2FCOLOR%5D&amp;description=&amp;iconimage=https%3A%2F%2Fwww.thelogodb.com%2Fimages%2Fmedia%2Flogo%2Ftxvtyy1441049730.png%2Fmedium&amp;sf_options=fanart%3Dhttp%3A%2F%2Ftvseriesfinale.com%2Fwp-content%2Fuploads%2F2014%2F08%2Famc02.jpg%26winID%3D10025%26_options_sf&quot;)</favourite>
	<favourite name="[COLOR red]AMC East[/COLOR] Evolve" thumb="http://www.thelogodb.com/images/media/logo/vvytrq1476084028.png/medium">PlayMedia(&quot;plugin://plugin.video.Evolve/?url=plugin%3A%2F%2Fplugin.video.SportsDevil%2F%3Fmode%3D1%26amp%3Bitem%3Dcatcher%253dstreams%2526url%3Dhttp%3A%2F%2Fwww.shadow-net.org%2Fchannels%2FAMC-East.html%2526referer%3Dno&amp;mode=16&amp;name=%5BCOLOR+red%5DAMC+East%5B%2FCOLOR%5D&amp;description=&amp;iconimage=http%3A%2F%2Fwww.thelogodb.com%2Fimages%2Fmedia%2Flogo%2Fvvytrq1476084028.png%2Fmedium&amp;sf_options=fanart%3Dhttp%3A%2F%2Ftvseriesfinale.com%2Fwp-content%2Fuploads%2F2014%2F08%2Famc02.jpg%26winID%3D10025%26_options_sf&quot;)</favourite>
</favourites>