<favourites>
	<favourite name="AMC" thumb="http://mc.ustvnow.com/images/AMC.png">PlayMedia(&quot;http://ilv62.is.ustvnow.com:80/ilv62/mp4:667B9AMC0USTVNOW3/playlist.m3u8?key=tbd&amp;sf_options=fanart%3Dhttps%3A%2F%2Fimages3.alphacoders.com%2F799%2F79955.jpg%26meta%3Dcastandrole%253D%25255B%25255D%2526label%253D%25255BB%25255D%25255BCOLOR%252Bwhite%25255DAMC%25255B%25252FCOLOR%25255D%252B%252BLIFELOCK%252BPROTECTION%25255B%25252FB%25255D%26winID%3D10025%26_options_sf&quot;)</favourite>
	<favourite name="AMC - UKTV - 25/08/2016" thumb="https://app.uktvnow.net/images/channel_imgs/160116113647amc.png|User-Agent=Dalvik/2.1.0 (Linux; U; Android 6.0.1; SM-G935F Build/MMB29K)">PlayMedia(&quot;plugin://plugin.video.uktvnow/?url=url&amp;mode=2&amp;name=AMC&amp;channelid=28&amp;iconimage=https%3A%2F%2Fapp.uktvnow.net%2Fimages%2Fchannel_imgs%2F160116113647amc.png%7CUser-Agent%3DDalvik%2F2.1.0+%28Linux%3B+U%3B+Android+6.0.1%3B+SM-G935F+Build%2FMMB29K%29&amp;sf_options=fanart%3Dspecial%3A%2F%2Fhome%2Faddons%5Cplugin.video.uktvnow%5Cfanart.jpg%26meta%3Dplot%253D28%2526label%253DAMC%2526title%253DAMC%26winID%3D10025%26desc%3D28%26_options_sf&quot;)</favourite>
	<favourite name="AMC HD - UKTV - 25/08/2016" thumb="https://app.uktvnow.net/images/channel_imgs/160116113707amc.png|User-Agent=Dalvik/2.1.0 (Linux; U; Android 6.0.1; SM-G935F Build/MMB29K)">PlayMedia(&quot;plugin://plugin.video.uktvnow/?url=url&amp;mode=2&amp;name=AMC+HD&amp;channelid=29&amp;iconimage=https%3A%2F%2Fapp.uktvnow.net%2Fimages%2Fchannel_imgs%2F160116113707amc.png%7CUser-Agent%3DDalvik%2F2.1.0+%28Linux%3B+U%3B+Android+6.0.1%3B+SM-G935F+Build%2FMMB29K%29&amp;sf_options=fanart%3Dspecial%3A%2F%2Fhome%2Faddons%5Cplugin.video.uktvnow%5Cfanart.jpg%26meta%3Dplot%253D29%2526label%253DAMC%252BHD%2526title%253DAMC%252BHD%26winID%3D10025%26desc%3D29%26_options_sf&quot;)</favourite>
	<favourite name="AMC - Vidtime - 11/08/2016" thumb=" ">PlayMedia(&quot;plugin://plugin.video.f4mTester/?url=http://cp.dmbshare.net:8000/live/riccardo/riccardo/4602.ts&amp;streamtype=TSDOWNLOADER&amp;name=AMC&amp;sf_options=fanart%3Dhttp%3A%2F%2Fs20.postimg.org%2Fdoltr1fu5%2FVTTVBackground.png%26meta%3Dlabel%253D%25255BCOLOR%252Blimegreen%25255DAMC%25255B%25252FCOLOR%25255D%26winID%3D10025%26_options_sf&quot;)</favourite>
</favourites>