<favourites>
	<favourite name="Sky Arts mic 25/11/2016" thumb="https://upload.wikimedia.org/wikipedia/en/2/2b/UKTV_logo.png">PlayMedia(&quot;plugin://plugin.video.mic/?url=plugin%3A%2F%2Fplugin.video.f4mTester%2F%3Fstreamtype%3DTSDOWNLOADER%3Bname%3DSKY+ARTS+1%26url%3Dhttp%3A%2F%2F37.187.139.155%3A8000%2Flive%2Flightwrath%40live.com%2FWatchNow%21%2F563.ts&amp;mode=12&amp;sf_options=fanart%3Dhttp%3A%2F%2Fwallpapercave.com%2Fwp%2FPaxa7aH.jpg%26winID%3D10025%26_options_sf&quot;)</favourite>
	<favourite name="Sky Arts oblivion S1" thumb="http://oblivionbuilds.com/Oblivionlogo.png">PlayMedia(&quot;plugin://plugin.video.sanctuary/?url=plugin%3A%2F%2Fplugin.video.f4mTester%2F%3Fstreamtype%3DTSDOWNLOADER%26amp%3Burl%3Dhttp%3A%2F%2F51.254.197.40%3A25461%2Flive%2Fhastings%2Fhastings%2F1816.ts%3Bname%3DOblivion+TV&amp;mode=906&amp;regexs=&amp;setCookie=&amp;sf_options=meta%3Dlabel%253DSky%252BArts%2526title%253DSky%252BArts%26winID%3D10025%26_options_sf&quot;)</favourite>
	<favourite name="Sky Arts bamf IPTV" thumb="http://genietvcunts.co.uk/bamffff/14996309_10209473377528524_434205708_n.jpg">PlayMedia(&quot;plugin://plugin.video.sanctuary/?url=plugin%3A%2F%2Fplugin.video.f4mTester%2F%3Fstreamtype%3DTSDOWNLOADER%26amp%3Burl%3Dhttp%3A%2F%2F51.254.197.40%3A25461%2Flive%2Fscott%2Fscott%2F1816.ts%3Bname%3DBAMF+TV&amp;mode=906&amp;regexs=&amp;setCookie=&amp;sf_options=meta%3Dlabel%253D%25252CSky%252BArts%2526title%253D%25252CSky%252BArts%26winID%3D10025%26_options_sf&quot;)</favourite>
	<favourite name="[COLOR lime]Sky arts[/COLOR] Specialist" thumb="https://pbs.twimg.com/profile_images/780692473563807744/i_BrrBjv.jpg">PlayMedia(&quot;plugin://plugin.video.specialiststreams/?action=play&amp;url=%3Csublink%3Eplugin%3A%2F%2Fplugin.video.f4mTester%2F%3Fstreamtype%3DTSDOWNLOADER%26amp%3Burl%3Dhttp%3A%2F%2Fmediaiptv.xyz%3A8000%2Flive%2Fupdatedstreams%2Fjames%2F1772.ts%3Bname%3DTHE+SPECIALIST+STREAMS%3C%2Fsublink%3E&amp;sf_options=fanart%3Dspecial%3A%2F%2Fhome%2Faddons%2Fplugin.video.specialiststreams%2Ffanart.jpg%26winID%3D10025%26_options_sf&quot;)</favourite>
</favourites>