<favourites>
	<favourite name="ESPN 2 mic Sports Central" thumb="http://www.thelogodb.com/images/media/logo/vpwptv1434501703.png">PlayMedia(&quot;plugin://plugin.video.mic/?url=plugin%3A%2F%2Fplugin.video.SportsDevil%2F%3Fitem%3Dcatcher%253dstreams%2526title%253dESPN%252b2%2526url%253dmpd%25253A%25252F%25252F7a39b11b9af247053ebd637ff1ca9db8.m3u8%2526cfg%253dtvone1.tv.cfg%252540Streams%252540Sports%2526videoTitle%253dESPN%252b2%2526director%253dtvone1.tv%2526genre%253dLive%252bTV%2526referer%253dmpd%25253A%25252F%25252F7a39b11b9af247053ebd637ff1ca9db8.m3u8%2526definedIn%253dtvone1.tv.cfg%2526type%253drss%26mode%3D1&amp;mode=12&amp;sf_options=fanart%3Dhttp%3A%2F%2Fwww.pngall.com%2Fwp-content%2Fuploads%2F2016%2F05%2FAmerica-Flag-PNG-Picture.png%26winID%3D10025%26_options_sf&quot;)</favourite>
	<favourite name="ESPN 2 TVone" thumb="special://home/addons/plugin.video.SportsDevil-2016.30.30/resources/images/folder.png">PlayMedia(&quot;plugin://plugin.video.SportsDevil/?item=catcher%3dstreams%26title%3dESPN%2b2%26url%3dmpd%253A%252F%252F7a39b11b9af247053ebd637ff1ca9db8.m3u8%26cfg%3dtvone1.tv.cfg%2540Streams%2540Sports%26videoTitle%3dESPN%2b2%26director%3dtvone1.tv%26genre%3dLive%2bTV%26referer%3dmpd%253A%252F%252F7a39b11b9af247053ebd637ff1ca9db8.m3u8%26definedIn%3dtvone1.tv.cfg%26type%3drss&amp;mode=1&amp;sf_options=fanart%3Dspecial%3A%2F%2Fhome%2Faddons%2Fplugin.video.SportsDevil-2016.30.30%2Ffanart.jpg%26meta%3Dgenre%253DLive%252BTV%2526director%253Dtvone1.tv%2526label%253DESPN%252B2%2526title%253DESPN%252B2%26winID%3D10025%26_options_sf&quot;)</favourite>
	<favourite name="ESPN 2 Fido" thumb="DefaultVideo.png">PlayMedia(&quot;plugin://plugin.video.sanctuary/?url=plugin%3A%2F%2Fplugin.video.f4mTester%2F%3Fstreamtype%3DTSDOWNLOADER%3Bname%3DFIDO%26url%3Dhttp%3A%2F%2F51.254.197.40%3A25461%2Flive%2Fbrennan%2Fbrennan%2F5747.ts&amp;mode=1112&amp;sf_options=fanart%3Dhttp%3A%2F%2Ffantazyrepo.uk%2Faddonimages%2Flivetv%2FLiveTV.jpg%26winID%3D10025%26_options_sf&quot;)</favourite>
	<favourite name="ESPN 2 Evolve" thumb="https://www.thelogodb.com/images/media/logo/vpwptv1434501703.png/medium">PlayMedia(&quot;plugin://plugin.video.Evolve/?url=http%3A%2F%2Fmatsbuilds.uk%2Fjack%2FEvolve%2Fsports.txt&amp;mode=3&amp;name=ESPN+2&amp;description=&amp;iconimage=https%3A%2F%2Fwww.thelogodb.com%2Fimages%2Fmedia%2Flogo%2Fvpwptv1434501703.png%2Fmedium&amp;sf_options=fanart%3Dhttp%3A%2F%2Fwww.gamingilluminaughty.com%2Fwp-content%2Fuploads%2F2016%2F01%2Fespn.jpg%26winID%3D10025%26_options_sf&quot;)</favourite>
</favourites>