<favourites>
	<favourite name="ESPN 2 HD bamf Server 2" thumb="DefaultVideo.png">PlayMedia(&quot;plugin://plugin.video.sanctuary/?url=plugin%3A%2F%2Fplugin.video.f4mTester%2F%3Fstreamtype%3DTSDOWNLOADER%26amp%3Burl%3Dhttp%3A%2F%2Fkodi-fireiptv.ddns.net%3A8000%2Flive%2FWIL%2FBIS%2F918.ts%3Bname%3DBAMF+TV&amp;mode=906&amp;regexs=&amp;setCookie=&amp;sf_options=winID%3D10001%26_options_sf&quot;)</favourite>
	<favourite name="ESPN 2 sanctuary" thumb="http://vignette2.wikia.nocookie.net/disney/images/d/d9/2000px-ESPN2_logo.png/revision/latest?cb=20121007054435">PlayMedia(&quot;plugin://plugin.video.sanctuary/?url=plugin%3A%2F%2Fplugin.video.SportsDevil%2F%3Fmode%3D1%26amp%3Bitem%3Dcatcher%253dstreams%2526url%3Dhttp%3A%2F%2Fwww.shadow-net.org%2Fchannels%2FESPN-2.html%2526referer%3Dhttp%3A%2F%2Fwww.shadow-net.org%2Fchannels%2FESPN-2.html&amp;mode=906&amp;regexs=&amp;setCookie=&amp;sf_options=fanart%3Dspecial%3A%2F%2Fhome%2Faddons%2Fplugin.video.sanctuary%2Ffanart.jpg%26winID%3D10001%26_options_sf&quot;)</favourite>
	<favourite name="ESPN 2 mic Sports Central" thumb="http://www.thelogodb.com/images/media/logo/vpwptv1434501703.png">PlayMedia(&quot;plugin://plugin.video.mic/?url=plugin%3A%2F%2Fplugin.video.SportsDevil%2F%3Fitem%3Dcatcher%253dstreams%2526title%253dESPN%252b2%2526url%253dmpd%25253A%25252F%25252F7a39b11b9af247053ebd637ff1ca9db8.m3u8%2526cfg%253dtvone1.tv.cfg%252540Streams%252540Sports%2526videoTitle%253dESPN%252b2%2526director%253dtvone1.tv%2526genre%253dLive%252bTV%2526referer%253dmpd%25253A%25252F%25252F7a39b11b9af247053ebd637ff1ca9db8.m3u8%2526definedIn%253dtvone1.tv.cfg%2526type%253drss%26mode%3D1&amp;mode=12&amp;sf_options=fanart%3Dhttp%3A%2F%2Fwww.pngall.com%2Fwp-content%2Fuploads%2F2016%2F05%2FAmerica-Flag-PNG-Picture.png%26winID%3D10001%26_options_sf&quot;)</favourite>
	<favourite name="ESPN 2 zem S2" thumb="DefaultFolder.png">PlayMedia(&quot;plugin://plugin.video.ZemTV-shani/?url=aXBib3g6aHR0cDovL2lwdHYubW9ua2V5Y2xpbmUuY29tOjI1NDYxL2xpdmUvamFzbmUvamFzbmUvOTg1Ni50c3xVc2VyLUFnZW50PVZMQy8yLjMuMSBMaWJWTEMvMi4yLjE3JkljeS1NZXRhRGF0YT0x&amp;mode=11&amp;name=%5BCOLOR+FF11b500%5DUsa+%3A+espn+hd+2%0D+ipbox%5B%2FCOLOR%5D&amp;sf_options=winID%3D10001%26_options_sf&quot;)</favourite>
	<favourite name="ESPN 2 bamf Sports" thumb="http://genietvcunts.co.uk/bamffff/14996309_10209473377528524_434205708_n.jpg">PlayMedia(&quot;plugin://plugin.video.sanctuary/?url=plugin%3A%2F%2Fplugin.video.f4mTester%2F%3Fstreamtype%3DTSDOWNLOADER%26amp%3Burl%3Dhttp%3A%2F%2F51.254.197.40%3A25461%2Flive%2Fscott%2Fscott%2F5747.ts%3Bname%3DBAMF+TV&amp;mode=906&amp;regexs=&amp;setCookie=&amp;sf_options=winID%3D10001%26_options_sf&quot;)</favourite>
	<favourite name="ESPN 2 TVone" thumb="special://home/addons/plugin.video.SportsDevil-2016.30.30/resources/images/folder.png">PlayMedia(&quot;plugin://plugin.video.SportsDevil/?item=catcher%3dstreams%26title%3dESPN%2b2%26url%3dmpd%253A%252F%252F7a39b11b9af247053ebd637ff1ca9db8.m3u8%26cfg%3dtvone1.tv.cfg%2540Streams%2540Sports%26videoTitle%3dESPN%2b2%26director%3dtvone1.tv%26genre%3dLive%2bTV%26referer%3dmpd%253A%252F%252F7a39b11b9af247053ebd637ff1ca9db8.m3u8%26definedIn%3dtvone1.tv.cfg%26type%3drss&amp;mode=1&amp;sf_options=fanart%3Dspecial%3A%2F%2Fhome%2Faddons%2Fplugin.video.SportsDevil-2016.30.30%2Ffanart.jpg%26meta%3Dgenre%253DLive%252BTV%2526director%253Dtvone1.tv%2526label%253DESPN%252B2%2526title%253DESPN%252B2%26_options_sf&quot;)</favourite>
</favourites>