<favourites>
	<favourite name="Animal Planet vidtime 17/11/2016" thumb=" ">PlayMedia(&quot;plugin://plugin.video.VidTime/?url=https%3A%2F%2Fwww.arconaitv.me%2Fap%2F&amp;icon=+&amp;mode=ARCON&amp;name=%5BCOLOR+limegreen%5DAnimal+Planet%5B%2FCOLOR%5D&amp;sf_options=fanart%3Dhttp%3A%2F%2Fs20.postimg.org%2Fdoltr1fu5%2FVTTVBackground.png%26winID%3D10025%26_options_sf&quot;)</favourite>
	<favourite name="[COLOR orange]Animal Planet UK [/COLOR] mic 20/11/2016" thumb="https://upload.wikimedia.org/wikipedia/en/2/2b/UKTV_logo.png">PlayMedia(&quot;plugin://plugin.video.mic/?url=plugin%3A%2F%2Fplugin.video.f4mTester%2F%3Fstreamtype%3DTSDOWNLOADER%3Bname%3DANIMAL+PLANET+UK%26url%3Dhttp%3A%2F%2F37.187.139.155%3A8000%2Flive%2Flightwrath%40live.com%2FWatchNow%21%2F422.ts&amp;mode=12&amp;sf_options=fanart%3Dhttp%3A%2F%2Fwallpapercave.com%2Fwp%2FPaxa7aH.jpg%26winID%3D10025%26_options_sf&quot;)</favourite>
	<favourite name="ANIMAL PLANET HD bamf 29/11/2016" thumb="DefaultVideo.png">PlayMedia(&quot;plugin://plugin.video.sanctuary/?url=plugin%3A%2F%2Fplugin.video.f4mTester%2F%3Fstreamtype%3DTSDOWNLOADER%26amp%3Burl%3Dhttp%3A%2F%2Fkodi-fireiptv.ddns.net%3A8000%2Flive%2FWIL%2FBIS%2F2231.ts%0D&amp;mode=1112&amp;sf_options=winID%3D10025%26_options_sf&quot;)</favourite>
	<favourite name="ANIMAL PLANET HD bamf 30/11/2016" thumb="DefaultVideo.png">PlayMedia(&quot;plugin://plugin.video.sanctuary/?url=plugin%3A%2F%2Fplugin.video.f4mTester%2F%3Fstreamtype%3DTSDOWNLOADER%26amp%3Burl%3Dhttp%3A%2F%2Fkodi-fireiptv.ddns.net%3A8000%2Flive%2FWIL%2FBIS%2F2231.ts%3Bname%3DBAMF+TV&amp;mode=1112&amp;sf_options=winID%3D10025%26_options_sf&quot;)</favourite>
	<favourite name="[COLORgreen][B]•[/COLOR][/B]Animal Planet oblivion 30/11/2016" thumb="http://oblivionbuilds.com/Oblivionlogo.png">PlayMedia(&quot;plugin://plugin.video.sanctuary/?url=plugin%3A%2F%2Fplugin.video.f4mTester%2F%3Fstreamtype%3DTSDOWNLOADER%26amp%3Burl%3Dhttp%3A%2F%2Flive.softiptv.com%3A9900%2Flive%2F3month%2F3month%2F20641.ts%3Bname%3DOblivion+TV&amp;mode=1112&amp;sf_options=winID%3D10025%26_options_sf&quot;)</favourite>
	<favourite name="[COLORgreen][B]•[/COLOR][/B]Animal Planet oblivion s1 01/12/2016" thumb="http://oblivionbuilds.com/Oblivionlogo.png">PlayMedia(&quot;plugin://plugin.video.sanctuary/?url=plugin%3A%2F%2Fplugin.video.f4mTester%2F%3Fstreamtype%3DTSDOWNLOADER%26amp%3Burl%3Dhttp%3A%2F%2F164.132.182.253%3A22921%2Flive%2FMiguel%2Fskype%2F198.ts%26amp%3Bname%3DOblivion+TV&amp;mode=1112&amp;sf_options=winID%3D10025%26_options_sf&quot;)</favourite>
	<favourite name="[B][COLOR lime]UK |[/COLOR][/B] ANIMAL PLANET sanctuary 01/12/2016" thumb="DefaultVideo.png">PlayMedia(&quot;plugin://plugin.video.sanctuary/?url=plugin%3A%2F%2Fplugin.video.f4mTester%2F%3Fstreamtype%3DTSDOWNLOADER%26amp%3Burl%3Dhttp%3A%2F%2Fwww.zeebra.tv%3A8000%2Flive%2Ftiger009%2Ftiger009%2F2661.ts%26amp%3Bname%3D%5BB%5D%5BCOLOR+lime%5DUltra+IPTV%5B%2FCOLOR%5D%5B%2FB%5D&amp;mode=1112&amp;sf_options=winID%3D10025%26_options_sf&quot;)</favourite>
</favourites>