<favourites>
	<favourite name="BoxNation bamf 16/11/2016" thumb="http://vps.oblivionbuilds.com/Oblivionlogo.png">PlayMedia(&quot;plugin://plugin.video.OblivionStreams/?url=plugin%3A%2F%2Fplugin.video.f4mTester%2F%3Fstreamtype%3DTSDOWNLOADER%26amp%3Burl%3Dhttp%3A%2F%2Froot-iptv.is-found.org%3A25461%2Flive%2FzJyBiulPMV%2FAvxs812Ff9%2F243.ts%3Bname%3DOblivion+TV&amp;mode=12&amp;sf_options=winID%3D10025%26_options_sf&quot;)</favourite>
	<favourite name="Boxnation vidtime 18/11/2016" thumb="http://www.liveonlinetv247.info/images/boxnation.png">PlayMedia(&quot;plugin://plugin.video.VidTime/?url=http%3A%2F%2Fwww.liveonlinetv247.info%2Fboxnation.php&amp;icon=http%3A%2F%2Fwww.liveonlinetv247.info%2Fimages%2Fboxnation.png&amp;mode=ONTV&amp;name=%5BCOLOR+white%5DBoxnation%5B%2FCOLOR%5D&amp;sf_options=fanart%3Dhttp%3A%2F%2Fs5.postimg.org%2Faby4q1mvb%2Funited_kingdom_flag_16_cool_background.jpg%26winID%3D10025%26_options_sf&quot;)</favourite>
	<favourite name="[COLOR orange]Box Nation [/COLOR] mic 20/11/2016" thumb="https://upload.wikimedia.org/wikipedia/en/2/2b/UKTV_logo.png">PlayMedia(&quot;plugin://plugin.video.mic/?url=plugin%3A%2F%2Fplugin.video.f4mTester%2F%3Fstreamtype%3DTSDOWNLOADER%3Bname%3DBOX+NATION%26url%3Dhttp%3A%2F%2F37.187.139.155%3A8000%2Flive%2Flightwrath%40live.com%2FWatchNow%21%2F454.ts&amp;mode=12&amp;sf_options=fanart%3Dhttp%3A%2F%2Fwallpapercave.com%2Fwp%2FPaxa7aH.jpg%26winID%3D10025%26_options_sf&quot;)</favourite>
	<favourite name="BoxNation sanctuary 24/11/2016" thumb="https://boxnation.azureedge.net/cloudcache/9/f/e/e/a/2/9feea2ac46fea4abdf56bf92760753edbb85cd0b.jpg">PlayMedia(&quot;plugin://plugin.video.sanctuary/?url=plugin%3A%2F%2Fplugin.video.f4mTester%2F%3Fstreamtype%3DTSDOWNLOADER%26url%3Dhttp%3A%2F%2Fgo.teamexpat.ninja%2Flive%2Fjimmymyra%40hotmail.com%2Fpepperdog8%2F2086.ts%26streamtype%3D.TSDOWNLOADER%3Bname%3DBox_Nation&amp;mode=1112&amp;sf_options=fanart%3Dspecial%3A%2F%2Fhome%2Faddons%2Fplugin.video.sanctuary%2Ffanart.jpg%26winID%3D10025%26_options_sf&quot;)</favourite>
</favourites>