<favourites>
	<favourite name="Box Nation" thumb="https://app.uktvnow.net/images/channel_imgs/160116115340box.jpg|User-Agent=Dalvik/2.1.0 (Linux; U; Android 6.0.1; SM-G935F Build/MMB29K)">PlayMedia(&quot;playmedia(&quot;plugin://plugin.video.uktvnow/?url=url&amp;mode=2&amp;name=Box+Nation&amp;channelid=55&amp;iconimage=https%3A%2F%2Fapp.uktvnow.net%2Fimages%2Fchannel_imgs%2F160116115340box.jpg%7CUser-Agent%3DDalvik%2F2.1.0+%28Linux%3B+U%3B+Android+6.0.1%3B+SM-G935F+Build%2FMMB29K%29&quot;)&amp;sf_options=meta%3Dcastandrole%253D%25255B%25255D%2526label%253DBox%252BNation%26winID%3D10025%26_options_sf&quot;)</favourite>
	<favourite name="Box Nation - UKTV - 25/08/2016" thumb="https://app.uktvnow.net/images/channel_imgs/160116115340box.jpg|User-Agent=Dalvik/2.1.0 (Linux; U; Android 6.0.1; SM-G935F Build/MMB29K)">PlayMedia(&quot;plugin://plugin.video.uktvnow/?url=url&amp;mode=2&amp;name=Box+Nation&amp;channelid=55&amp;iconimage=https%3A%2F%2Fapp.uktvnow.net%2Fimages%2Fchannel_imgs%2F160116115340box.jpg%7CUser-Agent%3DDalvik%2F2.1.0+%28Linux%3B+U%3B+Android+6.0.1%3B+SM-G935F+Build%2FMMB29K%29&amp;sf_options=fanart%3Dspecial%3A%2F%2Fhome%2Faddons%5Cplugin.video.uktvnow%5Cfanart.jpg%26meta%3Dplot%253D55%2526label%253DBox%252BNation%2526title%253DBox%252BNation%26winID%3D10025%26desc%3D55%26_options_sf&quot;)</favourite>
	<favourite name="Boxnation - Vidtime - 12/08/2016" thumb=" ">PlayMedia(&quot;plugin://plugin.video.f4mTester/?url=http://namiptv.ddns.net:6969/live/namiptv.ddns.net/321/9.ts&amp;streamtype=TSDOWNLOADER&amp;name=Boxnation&amp;sf_options=fanart%3Dhttp%3A%2F%2Fs20.postimg.org%2Fdoltr1fu5%2FVTTVBackground.png%26meta%3Dlabel%253D%25255BCOLOR%252Blimegreen%25255DBoxnation%252B%25255B%25252FCOLOR%25255D%26winID%3D10025%26_options_sf&quot;)</favourite>
	<favourite name="Box Nation HD - NJM Soccer - 12/08/2016" thumb="http://zunox.hk/zunox1.html">PlayMedia(&quot;plugin://plugin.video.NJMSoccer/?url=plugin%3A%2F%2Fplugin.video.SportsDevil%2F%3Fmode%3D1%26amp%3Bitem%3Dcatcher%253dstreams%2526url%3Dhttp%3A%2F%2Fwww.liveonlinetv247.info%2Fboxnation.php%2526referer%3Dhttp%3A%2F%2Fwww.liveonlinetv247.info&amp;mode=12&amp;sf_options=fanart%3Dhttp%3A%2F%2Fi57.tinypic.com%2F21l07rc.png%26meta%3Dlabel%253DBox%252BNation%252BHD%252B%2526title%253DBox%252BNation%252BHD%252B%26winID%3D10025%26_options_sf&quot;)</favourite>
	<favourite name="Box Nation - DC Sports - 25/08/2016" thumb="http://www.thelogodb.com/images/media/logo/vuvwsr1433336020.png">PlayMedia(&quot;plugin://plugin.video.DCSports/?url=plugin%3A%2F%2Fplugin.video.f4mTester%2F%3Furl%3Dhttp%3A%2F%2Fcp.dmbshare.net%3A8000%2Flive%2Fmichele%2Fmichele%2F6783.ts%26streamtype%3DTSDOWNLOADER%3Bname%3DBoxnation+%23DCSPORTSADDON%7CUser-Agent%3DMozilla%2F5.0+%28iPad%3B+CPU+OS+6_0+like+Mac+OS+X%29+AppleWebKit%2F536.26+%28KHTML%2C+like+Gecko%29+Version%2F6.0+Mobile%2F10A5376e+Safari%2F8536.25%26swf%3B%3DNone%26auth%3B%26simpledownloader%3B%3Dfals%24use_proxy_for_chunks%3Dtrue%26streamtype%3B%3DTSDOWNLOADER%26maxbitrate%3B%3D0%26proxy%3B%3DNone%26url%3B&amp;mode=12&amp;sf_options=fanart%3Dhttp%3A%2F%2Fgoo.gl%2FoXPsvS%26meta%3Dlabel%253DBox%252BNation%2526title%253DBox%252BNation%26winID%3D10025%26_options_sf&quot;)</favourite>
	<favourite name="BoxNation" thumb="http://vps.oblivionbuilds.com/Oblivionlogo.png">PlayMedia(&quot;plugin://plugin.video.OblivionStreams/?url=plugin%3A%2F%2Fplugin.video.f4mTester%2F%3Fstreamtype%3DTSDOWNLOADER%26amp%3Burl%3Dhttp%3A%2F%2Froot-iptv.is-found.org%3A25461%2Flive%2FzJyBiulPMV%2FAvxs812Ff9%2F243.ts%3Bname%3DOblivion+TV&amp;mode=12&amp;sf_options=winID%3D10025%26_options_sf&quot;)</favourite>
</favourites>