<favourites>
	<favourite name="Renegades 6 15:00 Manchester City v Everton [NBCSN - 720p]" thumb="DefaultVideo.png">PlayMedia(&quot;plugin://plugin.video.NJMSoccer/?url=%24doregex%5Bm3u8%5D&amp;mode=17&amp;regexs=%7Bu%27createCFCookie%27%3A%20%7B%27cookiejar%27%3A%20%27%27%2C%20%27page%27%3A%20u%22%24pyFunction%3Acloudflare.createCookie%28%27http%3A//www.streamm.eu/live/manchester-city-vs-everton%27%2CCookie_Jar%2C%27Mozilla/5.0%20%28Windows%20NT%206.1%3B%20rv%3A14.0%29%20Gecko/20100101%20Firefox/14.0.1%27%29%22%2C%20%27expre%27%3A%20%27%27%7D%2C%20u%27iframe%27%3A%20%7B%27refer%27%3A%20u%27http%3A//streamm.eu/%27%2C%20%27cookiejar%27%3A%20u%27%24doregex%5BcreateCFCookie%5D%27%2C%20%27page%27%3A%20u%27http%3A//www.streamm.eu/live/manchester-city-vs-everton%27%2C%20%27expre%27%3A%20u%27iframe%20src%3D%22%28.%2A%3F%29%22%27%7D%2C%20u%27m3u8%27%3A%20%7B%27refer%27%3A%20u%27http%3A//streamm.eu/%27%2C%20%27cookiejar%27%3A%20u%27%24doregex%5BcreateCFCookie%5D%27%2C%20%27page%27%3A%20u%27%24doregex%5Biframe%5D%27%2C%20%27expre%27%3A%20u%27stream%22%3A%20%22%28.%2A%3F%29%22%27%7D%7D&amp;sf_options=fanart%3Dspecial%3A%2F%2Fhome%2Faddons%2Fplugin.video.NJMSoccer%2Ffanart.jpg%26winID%3D10025%26_options_sf&quot;)</favourite>
	<favourite name="Renegades 6 Man City v Everton" thumb="http://i64.tinypic.com/29gyoo.png">PlayMedia(&quot;plugin://plugin.video.NJMSoccer/?url=plugin%3A%2F%2Fplugin.video.SportsDevil%2F%3Fmode%3D1%26amp%3Bitem%3Dcatcher%253dstreams%2526url%3Dhttp%3A%2F%2Fre-matches.com%2Fgame%2Fmatch%2F544%2F0%2Fmanchester-city-vs-everton.html%2526referer%3Dhttp%3A%2F%2Fre-matches.com%2Fgame%2Fmatch%2F544%2F0%2Fmanchester-city-vs-everton.html&amp;mode=12&amp;sf_options=fanart%3Dhttp%3A%2F%2Fi64.tinypic.com%2F29gyoo.png%26winID%3D10025%26_options_sf&quot;)</favourite>
	<favourite name="Renegades 6 720p" thumb="http://i65.tinypic.com/bi04uf.jpg">PlayMedia(&quot;plugin://plugin.video.MoneySports/?url=%24doregex%5Bm3u8%5D&amp;mode=17&amp;regexs=%7Bu%27createCFCookie%27%3A%20%7B%27cookiejar%27%3A%20%27%27%2C%20%27page%27%3A%20u%22%24pyFunction%3Acloudflare.createCookie%28%27http%3A//streamm.eu/%27%2CCookie_Jar%2C%27Mozilla/5.0%20%28Windows%20NT%206.1%3B%20rv%3A14.0%29%20Gecko/20100101%20Firefox/14.0.1%27%29%22%2C%20%27expre%27%3A%20%27%27%7D%2C%20u%27iframe%27%3A%20%7B%27refer%27%3A%20u%27http%3A//streamm.eu/%27%2C%20%27cookiejar%27%3A%20u%27%24doregex%5BcreateCFCookie%5D%27%2C%20%27page%27%3A%20u%27http%3A//www.streamm.eu/live/manchester-city-vs-everton%27%2C%20%27expre%27%3A%20u%27iframe%20src%3D%22%28.%2A%3F%29%22%27%7D%2C%20u%27m3u8%27%3A%20%7B%27refer%27%3A%20u%27http%3A//streamm.eu/%27%2C%20%27cookiejar%27%3A%20u%27%24doregex%5BcreateCFCookie%5D%27%2C%20%27page%27%3A%20u%27%24doregex%5Biframe%5D%27%2C%20%27expre%27%3A%20u%27stream%22%3A%20%22%28.%2A%3F%29%22%27%7D%7D&amp;sf_options=fanart%3Dhttp%3A%2F%2Fi65.tinypic.com%2Fbbtld.jpg%26winID%3D10025%26_options_sf&quot;)</favourite>
	<favourite name="Renegades 6 1080p" thumb="DefaultFolder.png">PlayMedia(&quot;plugin://plugin.video.ZemTV-shani/?url=aXBib3g6aHR0cDovL2p1MDMxLmp1cGl0ZXIuZmFzdHdlYnNlcnZlci5kZTo4MDAwL2xpdmUva3Jpcy9rcmlzLzg1MzgudHN8VXNlci1BZ2VudD1WTEMvMi4yLjEgTGliVkxDLzIuMi4xNyZJY3ktTWV0YURhdGE9MQ%3D%3D&amp;mode=11&amp;name=%5BCOLOR+FF11b500%5DEpl%3A+mio+103%0D+ipbox%5B%2FCOLOR%5D&amp;sf_options=winID%3D10025%26_options_sf&quot;)</favourite>
</favourites>