<favourites>
	<favourite name="Renegades 6 - Kell Brook 720p" thumb="DefaultVideo.png">PlayMedia(&quot;plugin://plugin.video.ProjectCypher/?url=http%3A%2F%2Fks-i.akamaihd.net%2Fhls%2Flive%2F265198%2Findex%2Findex.m3u8%7CX-Forwarded-For%3D197.232.46.33&amp;mode=12&amp;sf_options=meta%3Dduration%253D0%2526label%253DLive%252BBoxing%252B%25257C%252BKell%252BBrook%252Bvs%252BErrol%252BSpence%252BJr%2526title%253DLive%252BBoxing%252B%25257C%252BKell%252BBrook%252Bvs%252BErrol%252BSpence%252BJr%26winID%3D10025%26desc%3DListItem.AddonDescription%26_options_sf&quot;)</favourite>
	<favourite name="Renegades 6 - Kell Brook 1080p MAIN" thumb="DefaultVideo.png">PlayMedia(&quot;plugin://plugin.video.ProjectCypher/?url=plugin%3A%2F%2Fplugin.video.f4mTester%2F%3Fstreamtype%3DTSDOWNLOADER%26url%3Dhttp%3A%2F%2Froot-iptv.is-found.org%3A25461%2Flive%2FRahman%2FRahman%2F22094.ts&amp;mode=12&amp;sf_options=meta%3Dlabel%253DLive%252BBoxing%252B%25257C%252BKell%252BBrook%252Bvs%252BErrol%252BSpence%252BJr%252BHD%2526title%253DLive%252BBoxing%252B%25257C%252BKell%252BBrook%252Bvs%252BErrol%252BSpence%252BJr%252BHD%26winID%3D10025%26desc%3DListItem.AddonDescription%26_options_sf&quot;)</favourite>
	<favourite name="Renegades 6 - Kell Brook vs Errol Spence Jr (Showtime}" thumb="DefaultVideo.png">PlayMedia(&quot;plugin://plugin.video.ProjectCypher/?url=plugin%3A%2F%2Fplugin.video.f4mTester%2F%3Fstreamtype%3DTSDOWNLOADER%26url%3Dhttp%3A%2F%2F167.114.116.16%3A2095%2Flive%2Fleetv%2Fleetv1%2F638.ts&amp;mode=12&amp;sf_options=meta%3Dlabel%253DLive%252BBoxing%252B%25257C%252BKell%252BBrook%252Bvs%252BErrol%252BSpence%252BJr%252B%252528Showtime%252529%2526title%253DLive%252BBoxing%252B%25257C%252BKell%252BBrook%252Bvs%252BErrol%252BSpence%252BJr%252B%252528Showtime%252529%26winID%3D10025%26desc%3DListItem.AddonDescription%26_options_sf&quot;)</favourite>
	<favourite name="Renegades 6 - Brook vs Spence Jr" thumb="http://res.cloudinary.com/jpress/image/fetch/f_auto,c_fill/http://www.thestar.co.uk/webimage/1.8512290.1493194729!/image/image.jpg">PlayMedia(&quot;plugin://plugin.video.bob/?action=play&amp;url=%3Csublink%3Ehttp%3A%2F%2Fks-i.akamaihd.net%2Fhls%2Flive%2F265198%2Findex%2Findex-576.m3u8%7CX-Forwarded-For%3D197.232.46.33%3C%2Fsublink%3E%3Csublink%3Eplugin%3A%2F%2Fplugin.video.SportsDevil%2F%3Fmode%3D1%26amp%3Bitem%3Dcatcher%253dstreams%2526url%3Dhttp%3A%2F%2Fnowwatchtvlive.cc%2Fstream-1-hd-soccer-football-nba-nhl-ufc-links%2F%3C%2Fsublink%3E%3Csublink%3Eplugin%3A%2F%2Fplugin.video.SportsDevil%2F%3Fmode%3D1%26amp%3Bitem%3Dcatcher%253dstreams%2526url%3Dhttp%3A%2F%2Fnowwatchtvlive.cc%2Ffox-sports-italia-live-stream-fox-sports-italia-in-diretta-streaming%2F%3C%2Fsublink%3E&amp;content=movies&amp;sf_options=fanart%3Dhttp%3A%2F%2Fwww.ringnews24.com%2Fwp-content%2Fuploads%2F2017%2F04%2FBoxing_Poster_MatchroomBoxing_KellBrook_ErrolSpence_2017_052717.jpg%26meta%3Dplot%253DBrook%252B%25252836-1%25252C%252B25%252BKO%252529%25252C%252Bwho%252Bgave%252BGennady%252BGolovkin%252Bone%252Bof%252Bhis%252Btoughest%252Bfights%252Bto%252Bdate%25252C%252Bhas%252Bknocked%252Bout%252Bseven%252Bof%252Bhis%252Blast%252Beight%252Bopponents.%252BThat%252Bsaid%25252C%252Boutside%252Bof%252BGolovkin%25252C%252Bhe%2525E2%252580%252599s%252Bbeen%252Bspinning%252Bhis%252Bwheels%252Bsince%252Bedging%252BShawn%252BPorter%252Bfor%252Bhis%252BIBF%252Bbelt%252Bin%252B2014.%252BBeating%252BSpence%252Bwould%252Bdo%252Bwonders%252Bfor%252Basserting%252Bhis%252Bplace%252Batop%252Bthe%252Bdivision%252Balongside%252BKeith%252BThurman.%252BSpence%252B%25252821-0%25252C%252B18%252BKO%252529%252Bhas%252Bknocked%252Bout%252Beight%252Bstraight%252Band%252Blooked%252Bmore%252Bor%252Bless%252Bunstoppable%252Bin%252Bthe%252Bprocess.%252BHe%252Bpasses%252Bthe%252Beye%252Btest%252Bwith%252Bflying%252Bcolors%25252C%252Bbut%252BBrook%252Bis%252Bquite%252Ba%252Bdifferent%252Bbeast%252Bfrom%252Bthe%252Blikes%252Bof%252BChris%252BAlgieri%252Band%252BLeonard%252BBundu.%2526title%253D%25255BCOLOR%252Bwhite%25255DBrook%252Bvs%252BSpence%252BJr%252B%252528IBF%252BWorld%252BWelterweight%252BTitle%252529%25255B%25252FCOLOR%25255D%2526label%253D%25255BCOLOR%252Bwhite%25255DBrook%252Bvs%252BSpence%252BJr%252B%252528IBF%252BWorld%252BWelterweight%252BTitle%252529%25255B%25252FCOLOR%25255D%2526originaltitle%253DBrook%252Bvs%252BSpence%252BJr%252B%252528IBF%252BWorld%252BWelterweight%252BTitle%252529%2526year%253D2017%2526trailer%253Dplugin%25253A%25252F%25252Fplugin.video.bob%25252F%25253Faction%25253Dtrailer%252526name%25253D%2525255BCOLOR%25252Bwhite%2525255DBrook%25252Bvs%25252BSpence%25252BJr%25252B%25252528IBF%25252BWorld%25252BWelterweight%25252BTitle%25252529%2525255B%2525252FCOLOR%2525255D%26winID%3D10025%26desc%3DBrook+%2836-1%2C+25+KO%29%2C+who+gave+Gennady+Golovkin+one+of+his+toughest+fights+to+date%2C+has+knocked+out+seven+of+his+last+eight+opponents.+That+said%2C+outside+of+Golovkin%2C+he%E2%80%99s+been+spinning+his+wheels+since+edging+Shawn+Porter+for+his+IBF+belt+in+2014.+Beating+Spence+would+do+wonders+for+asserting+his+place+atop+the+division+alongside+Keith+Thurman.+Spence+%2821-0%2C+18+KO%29+has+knocked+out+eight+straight+and+looked+more+or+less+unstoppable+in+the+process.+He+passes+the+eye+test+with+flying+colors%2C+but+Brook+is+quite+a+different+beast+from+the+likes+of+Chris+Algieri+and+Leonard+Bundu.%26_options_sf&quot;)</favourite>
	<favourite name="Renegades 6 - Sky Sports 1 SD" thumb="DefaultVideo.png">PlayMedia(&quot;plugin://plugin.video.ProjectCypher/?url=http%3A%2F%2F193.200.164.134%3A56019%2Flive%2Fonline%2Ftv%2F154.ts%7CUser-Agent%3DONLINETVCLIENT_X60000_X25000_X4000MEGA_V1770%26amp%3Bmode%3D12&amp;mode=12&amp;sf_options=meta%3Dduration%253D0%2526label%253DCypher%252BMedia%252BUK%25253A%252BSky%252BSports%252B1%252BSD%2526title%253DCypher%252BMedia%252BUK%25253A%252BSky%252BSports%252B1%252BSD%26winID%3D10025%26desc%3DListItem.AddonDescription%26_options_sf&quot;)</favourite>
	<favourite name="Renegades 1 - Sky Sport1 HD" thumb="DefaultVideo.png">PlayMedia(&quot;plugin://plugin.video.ProjectCypher/?url=http%3A%2F%2F193.200.164.134%3A56019%2Flive%2Fonline%2Ftv%2F1760.ts%7CUser-Agent%3DONLINETVCLIENT_X60000_X25000_X4000MEGA_V1770%26amp%3Bmode%3D12&amp;mode=12&amp;sf_options=meta%3Dduration%253D0%2526label%253DCypher%252BMedia%252BUK-Sky%252BSport1%252BHD%2526title%253DCypher%252BMedia%252BUK-Sky%252BSport1%252BHD%26winID%3D10025%26desc%3DListItem.AddonDescription%26_options_sf&quot;)</favourite>
	<favourite name="Renegades 6 - sky sports 1" thumb="DefaultFolder.png">PlayMedia(&quot;plugin://plugin.video.ZemTV-shani/?url=aXBib3g6aHR0cDovL2lwdHZyZXNlbGxlci54eXo6MTIzNC9saXZlL3d3dy5pcHR2cmVzdHJlYW0ubmV0L2VlR1kwVExsVTYvMTc4LnRzfFVzZXItQWdlbnQ9ZnVjaw%3D%3D&amp;mode=11&amp;name=Uk%3A+sky+sports+1+%3D%3E+http%3A%2F%2Fiptvrestream.net%2F%0D+ipbox&amp;sf_options=meta%3Dlabel%253DUk%25253A%252Bsky%252Bsports%252B1%252B%25253D%25253E%252Bhttp%25253A%25252F%25252Fiptvrestream.net%25252F%25250D%252Bipbox%2526title%253DUk%25253A%252Bsky%252Bsports%252B1%252B%25253D%25253E%252Bhttp%25253A%25252F%25252Fiptvrestream.net%25252F%25250D%252Bipbox%26winID%3D10025%26desc%3DListItem.AddonDescription%26_options_sf&quot;)</favourite>
</favourites>