<favourites>
	<favourite name="Renegades 6 MANCHESTER CITY-FC BARCELONA" thumb=" ">PlayMedia(&quot;plugin://program.plexus/?mode=1&amp;url=acestream://e677cd71455f6e78c017ca66f95416674c20fca2&amp;name=VIDTIME&amp;sf_options=fanart%3Dhttp%3A%2F%2Fs5.postimg.org%2Fk44hcn1c7%2FLivewall.jpg%26winID%3D10025%26_options_sf&quot;)</favourite>
	<favourite name="Renegades 6 MANCHESTER CITY-FC BARCELONA" thumb=" ">PlayMedia(&quot;plugin://program.plexus/?mode=1&amp;url=acestream://081f0ec18cf62bc8d84642aae399fc1fe15a0e12&amp;name=VIDTIME&amp;sf_options=fanart%3Dhttp%3A%2F%2Fs5.postimg.org%2Fk44hcn1c7%2FLivewall.jpg%26winID%3D10025%26_options_sf&quot;)</favourite>
	<favourite name="Renegades 6 MANCHESTER CITY-FC BARCELONA" thumb=" ">PlayMedia(&quot;plugin://program.plexus/?mode=1&amp;url=acestream://74acfd9687fa9b5258b2e6c9bce792cee87d3c71&amp;name=VIDTIME&amp;sf_options=fanart%3Dhttp%3A%2F%2Fs5.postimg.org%2Fk44hcn1c7%2FLivewall.jpg%26winID%3D10025%26_options_sf&quot;)</favourite>
	<favourite name="[COLOR yellow]15:45 SOCCER  MANCHESTER CITY-FC BARCELONA / UEFA CHAMPIONS LEAGUE[COLOR limegreen]/SOPCAST[COLOR blue]" thumb=" ">PlayMedia(&quot;plugin://program.plexus/?mode=2&amp;url=sop://broker./SOPCAST.com:3912/262496&amp;sf_options=fanart%3Dhttp%3A%2F%2Fs5.postimg.org%2Fk44hcn1c7%2FLivewall.jpg%26winID%3D10025%26_options_sf&quot;)</favourite>
	<favourite name="[COLOR yellow]15:45 SOCCER  MANCHESTER CITY-FC BARCELONA / UEFA CHAMPIONS LEAGUE[COLOR limegreen]/SOPCAST[COLOR blue]EST[/COLOR]" thumb=" ">PlayMedia(&quot;plugin://program.plexus/?mode=2&amp;url=sop://broker./SOPCAST.com:3912/262499&amp;sf_options=fanart%3Dhttp%3A%2F%2Fs5.postimg.org%2Fk44hcn1c7%2FLivewall.jpg%26winID%3D10025%26_options_sf&quot;)</favourite>
</favourites>