<favourites>
	<favourite name="Renegades 6 The NFL Redzone" thumb="/images/icons/nfl.png">PlayMedia(&quot;plugin://plugin.video.ZemTV-shani/?url=c3RyZWFtaGQ6aHR0cDovL3d3dy5zdHJlYW1oZC5ldS9uZmwvdGhlLW5mbC1yZWR6b25lLWxpdmUtc3RyZWFtLTg0Ny5waHA%3D&amp;mode=11&amp;name=%5BCOLOR+green%5D+18%3A00+GMT%5B%2FCOLOR%5D%3A+%5BCOLOR+red%5D+NFL%5B%2FCOLOR%5D++%0A+The+NFL+Redzone+&amp;sf_options=meta%3Dlabel%253D%25255BCOLOR%252Bgreen%25255D%252B18%25253A00%252BGMT%25255B%25252FCOLOR%25255D%25253A%252B%25255BCOLOR%252Bred%25255D%252BNFL%25255B%25252FCOLOR%25255D%252B%252B%25255Cn%252BThe%252BNFL%252BRedzone%252B%2526title%253D%25255BCOLOR%252Bgreen%25255D%252B18%25253A00%252BGMT%25255B%25252FCOLOR%25255D%25253A%252B%25255BCOLOR%252Bred%25255D%252BNFL%25255B%25252FCOLOR%25255D%252B%252B%25255Cn%252BThe%252BNFL%252BRedzone%252B%26winID%3D10025%26_options_sf&quot;)</favourite>
	<favourite name="Renegades 6 Pittsburgh Steelers vs Buffalo Bills" thumb="/images/icons/nfl.png">PlayMedia(&quot;plugin://plugin.video.ZemTV-shani/?url=c3RyZWFtaGQ6aHR0cDovL3d3dy5zdHJlYW1oZC5ldS9uZmwvcGl0dHNidXJnaC1zdGVlbGVycy12cy1idWZmYWxvLWJpbGxzLWxpdmUtc3RyZWFtLTg0Ny5waHA%3D&amp;mode=11&amp;name=%5BCOLOR+green%5D+18%3A00+GMT%5B%2FCOLOR%5D%3A+%5BCOLOR+red%5D+NFL%5B%2FCOLOR%5D++%0A+Pittsburgh+Steelers+vs+Buffalo+Bills+&amp;sf_options=meta%3Dlabel%253D%25255BCOLOR%252Bgreen%25255D%252B18%25253A00%252BGMT%25255B%25252FCOLOR%25255D%25253A%252B%25255BCOLOR%252Bred%25255D%252BNFL%25255B%25252FCOLOR%25255D%252B%252B%25255Cn%252BPittsburgh%252BSteelers%252Bvs%252BBuffalo%252BBills%252B%2526title%253D%25255BCOLOR%252Bgreen%25255D%252B18%25253A00%252BGMT%25255B%25252FCOLOR%25255D%25253A%252B%25255BCOLOR%252Bred%25255D%252BNFL%25255B%25252FCOLOR%25255D%252B%252B%25255Cn%252BPittsburgh%252BSteelers%252Bvs%252BBuffalo%252BBills%252B%26winID%3D10025%26_options_sf&quot;)</favourite>
	<favourite name="Renegades 6 San Diego Chargers vs Carolina Panthers" thumb="/images/icons/nfl.png">PlayMedia(&quot;plugin://plugin.video.ZemTV-shani/?url=c3RyZWFtaGQ6aHR0cDovL3d3dy5zdHJlYW1oZC5ldS9uZmwvc2FuLWRpZWdvLWNoYXJnZXJzLXZzLWNhcm9saW5hLXBhbnRoZXJzLWxpdmUtc3RyZWFtLTg0Ny5waHA%3D&amp;mode=11&amp;name=%5BCOLOR+green%5D+18%3A00+GMT%5B%2FCOLOR%5D%3A+%5BCOLOR+red%5D+NFL%5B%2FCOLOR%5D++%0A+San+Diego+Chargers+vs+Carolina+Panthers+&amp;sf_options=meta%3Dlabel%253D%25255BCOLOR%252Bgreen%25255D%252B18%25253A00%252BGMT%25255B%25252FCOLOR%25255D%25253A%252B%25255BCOLOR%252Bred%25255D%252BNFL%25255B%25252FCOLOR%25255D%252B%252B%25255Cn%252BSan%252BDiego%252BChargers%252Bvs%252BCarolina%252BPanthers%252B%2526title%253D%25255BCOLOR%252Bgreen%25255D%252B18%25253A00%252BGMT%25255B%25252FCOLOR%25255D%25253A%252B%25255BCOLOR%252Bred%25255D%252BNFL%25255B%25252FCOLOR%25255D%252B%252B%25255Cn%252BSan%252BDiego%252BChargers%252Bvs%252BCarolina%252BPanthers%252B%26winID%3D10025%26_options_sf&quot;)</favourite>
	<favourite name="Renegades 6 Cincinnati Bengals vs Cleveland Browns" thumb="/images/icons/nfl.png">PlayMedia(&quot;plugin://plugin.video.ZemTV-shani/?url=c3RyZWFtaGQ6aHR0cDovL3d3dy5zdHJlYW1oZC5ldS9uZmwvY2luY2lubmF0aS1iZW5nYWxzLXZzLWNsZXZlbGFuZC1icm93bnMtbGl2ZS1zdHJlYW0tODQ3LnBocA%3D%3D&amp;mode=11&amp;name=%5BCOLOR+green%5D+18%3A00+GMT%5B%2FCOLOR%5D%3A+%5BCOLOR+red%5D+NFL%5B%2FCOLOR%5D++%0A+Cincinnati+Bengals+vs+Cleveland+Browns+&amp;sf_options=meta%3Dlabel%253D%25255BCOLOR%252Bgreen%25255D%252B18%25253A00%252BGMT%25255B%25252FCOLOR%25255D%25253A%252B%25255BCOLOR%252Bred%25255D%252BNFL%25255B%25252FCOLOR%25255D%252B%252B%25255Cn%252BCincinnati%252BBengals%252Bvs%252BCleveland%252BBrowns%252B%2526title%253D%25255BCOLOR%252Bgreen%25255D%252B18%25253A00%252BGMT%25255B%25252FCOLOR%25255D%25253A%252B%25255BCOLOR%252Bred%25255D%252BNFL%25255B%25252FCOLOR%25255D%252B%252B%25255Cn%252BCincinnati%252BBengals%252Bvs%252BCleveland%252BBrowns%252B%26winID%3D10025%26_options_sf&quot;)</favourite>
	<favourite name="Renegades 6 Chicago Bears vs Detroit Lions" thumb="/images/icons/nfl.png">PlayMedia(&quot;plugin://plugin.video.ZemTV-shani/?url=c3RyZWFtaGQ6aHR0cDovL3d3dy5zdHJlYW1oZC5ldS9uZmwvY2hpY2Fnby1iZWFycy12cy1kZXRyb2l0LWxpb25zLWxpdmUtc3RyZWFtLTg0Ny5waHA%3D&amp;mode=11&amp;name=%5BCOLOR+green%5D+18%3A00+GMT%5B%2FCOLOR%5D%3A+%5BCOLOR+red%5D+NFL%5B%2FCOLOR%5D++%0A+Chicago+Bears+vs+Detroit+Lions+&amp;sf_options=meta%3Dlabel%253D%25255BCOLOR%252Bgreen%25255D%252B18%25253A00%252BGMT%25255B%25252FCOLOR%25255D%25253A%252B%25255BCOLOR%252Bred%25255D%252BNFL%25255B%25252FCOLOR%25255D%252B%252B%25255Cn%252BChicago%252BBears%252Bvs%252BDetroit%252BLions%252B%2526title%253D%25255BCOLOR%252Bgreen%25255D%252B18%25253A00%252BGMT%25255B%25252FCOLOR%25255D%25253A%252B%25255BCOLOR%252Bred%25255D%252BNFL%25255B%25252FCOLOR%25255D%252B%252B%25255Cn%252BChicago%252BBears%252Bvs%252BDetroit%252BLions%252B%26winID%3D10025%26_options_sf&quot;)</favourite>
	<favourite name="Renegades 6 Houston Texans vs Indianapolis Colts" thumb="/images/icons/nfl.png">PlayMedia(&quot;plugin://plugin.video.ZemTV-shani/?url=c3RyZWFtaGQ6aHR0cDovL3d3dy5zdHJlYW1oZC5ldS9uZmwvaG91c3Rvbi10ZXhhbnMtdnMtaW5kaWFuYXBvbGlzLWNvbHRzLWxpdmUtc3RyZWFtLTg0Ny5waHA%3D&amp;mode=11&amp;name=%5BCOLOR+green%5D+18%3A00+GMT%5B%2FCOLOR%5D%3A+%5BCOLOR+red%5D+NFL%5B%2FCOLOR%5D++%0A+Houston+Texans+vs+Indianapolis+Colts+&amp;sf_options=meta%3Dlabel%253D%25255BCOLOR%252Bgreen%25255D%252B18%25253A00%252BGMT%25255B%25252FCOLOR%25255D%25253A%252B%25255BCOLOR%252Bred%25255D%252BNFL%25255B%25252FCOLOR%25255D%252B%252B%25255Cn%252BHouston%252BTexans%252Bvs%252BIndianapolis%252BColts%252B%2526title%253D%25255BCOLOR%252Bgreen%25255D%252B18%25253A00%252BGMT%25255B%25252FCOLOR%25255D%25253A%252B%25255BCOLOR%252Bred%25255D%252BNFL%25255B%25252FCOLOR%25255D%252B%252B%25255Cn%252BHouston%252BTexans%252Bvs%252BIndianapolis%252BColts%252B%26winID%3D10025%26_options_sf&quot;)</favourite>
	<favourite name="Renegades 6 Minnesota Vikings vs Jacksonville Jaguars" thumb="/images/icons/nfl.png">PlayMedia(&quot;plugin://plugin.video.ZemTV-shani/?url=c3RyZWFtaGQ6aHR0cDovL3d3dy5zdHJlYW1oZC5ldS9uZmwvbWlubmVzb3RhLXZpa2luZ3MtdnMtamFja3NvbnZpbGxlLWphZ3VhcnMtbGl2ZS1zdHJlYW0tODQ3LnBocA%3D%3D&amp;mode=11&amp;name=%5BCOLOR+green%5D+18%3A00+GMT%5B%2FCOLOR%5D%3A+%5BCOLOR+red%5D+NFL%5B%2FCOLOR%5D++%0A+Minnesota+Vikings+vs+Jacksonville+Jaguars+&amp;sf_options=meta%3Dlabel%253D%25255BCOLOR%252Bgreen%25255D%252B18%25253A00%252BGMT%25255B%25252FCOLOR%25255D%25253A%252B%25255BCOLOR%252Bred%25255D%252BNFL%25255B%25252FCOLOR%25255D%252B%252B%25255Cn%252BMinnesota%252BVikings%252Bvs%252BJacksonville%252BJaguars%252B%2526title%253D%25255BCOLOR%252Bgreen%25255D%252B18%25253A00%252BGMT%25255B%25252FCOLOR%25255D%25253A%252B%25255BCOLOR%252Bred%25255D%252BNFL%25255B%25252FCOLOR%25255D%252B%252B%25255Cn%252BMinnesota%252BVikings%252Bvs%252BJacksonville%252BJaguars%252B%26winID%3D10025%26_options_sf&quot;)</favourite>
	<favourite name="Renegades 6 Arizona Cardinals vs Miami Dolphins" thumb="/images/icons/nfl.png">PlayMedia(&quot;plugin://plugin.video.ZemTV-shani/?url=c3RyZWFtaGQ6aHR0cDovL3d3dy5zdHJlYW1oZC5ldS9uZmwvYXJpem9uYS1jYXJkaW5hbHMtdnMtbWlhbWktZG9scGhpbnMtbGl2ZS1zdHJlYW0tODQ3LnBocA%3D%3D&amp;mode=11&amp;name=%5BCOLOR+green%5D+18%3A00+GMT%5B%2FCOLOR%5D%3A+%5BCOLOR+red%5D+NFL%5B%2FCOLOR%5D++%0A+Arizona+Cardinals+vs+Miami+Dolphins+&amp;sf_options=meta%3Dlabel%253D%25255BCOLOR%252Bgreen%25255D%252B18%25253A00%252BGMT%25255B%25252FCOLOR%25255D%25253A%252B%25255BCOLOR%252Bred%25255D%252BNFL%25255B%25252FCOLOR%25255D%252B%252B%25255Cn%252BArizona%252BCardinals%252Bvs%252BMiami%252BDolphins%252B%2526title%253D%25255BCOLOR%252Bgreen%25255D%252B18%25253A00%252BGMT%25255B%25252FCOLOR%25255D%25253A%252B%25255BCOLOR%252Bred%25255D%252BNFL%25255B%25252FCOLOR%25255D%252B%252B%25255Cn%252BArizona%252BCardinals%252Bvs%252BMiami%252BDolphins%252B%26winID%3D10025%26_options_sf&quot;)</favourite>
	<favourite name="Renegades 6 Washington Redskins vs Philadelphia Eagles" thumb="/images/icons/nfl.png">PlayMedia(&quot;plugin://plugin.video.ZemTV-shani/?url=c3RyZWFtaGQ6aHR0cDovL3d3dy5zdHJlYW1oZC5ldS9uZmwvd2FzaGluZ3Rvbi1yZWRza2lucy12cy1waGlsYWRlbHBoaWEtZWFnbGVzLWxpdmUtc3RyZWFtLTg0Ny5waHA%3D&amp;mode=11&amp;name=%5BCOLOR+green%5D+18%3A00+GMT%5B%2FCOLOR%5D%3A+%5BCOLOR+red%5D+NFL%5B%2FCOLOR%5D++%0A+Washington+Redskins+vs+Philadelphia+Eagles+&amp;sf_options=meta%3Dlabel%253D%25255BCOLOR%252Bgreen%25255D%252B18%25253A00%252BGMT%25255B%25252FCOLOR%25255D%25253A%252B%25255BCOLOR%252Bred%25255D%252BNFL%25255B%25252FCOLOR%25255D%252B%252B%25255Cn%252BWashington%252BRedskins%252Bvs%252BPhiladelphia%252BEagles%252B%2526title%253D%25255BCOLOR%252Bgreen%25255D%252B18%25253A00%252BGMT%25255B%25252FCOLOR%25255D%25253A%252B%25255BCOLOR%252Bred%25255D%252BNFL%25255B%25252FCOLOR%25255D%252B%252B%25255Cn%252BWashington%252BRedskins%252Bvs%252BPhiladelphia%252BEagles%252B%26winID%3D10025%26_options_sf&quot;)</favourite>
	<favourite name="Renegades 6 Denver Broncos vs Tennessee Titans" thumb="/images/icons/nfl.png">PlayMedia(&quot;plugin://plugin.video.ZemTV-shani/?url=c3RyZWFtaGQ6aHR0cDovL3d3dy5zdHJlYW1oZC5ldS9uZmwvZGVudmVyLWJyb25jb3MtdnMtdGVubmVzc2VlLXRpdGFucy1saXZlLXN0cmVhbS04NDcucGhw&amp;mode=11&amp;name=%5BCOLOR+green%5D+18%3A00+GMT%5B%2FCOLOR%5D%3A+%5BCOLOR+red%5D+NFL%5B%2FCOLOR%5D++%0A+Denver+Broncos+vs+Tennessee+Titans+&amp;sf_options=meta%3Dlabel%253D%25255BCOLOR%252Bgreen%25255D%252B18%25253A00%252BGMT%25255B%25252FCOLOR%25255D%25253A%252B%25255BCOLOR%252Bred%25255D%252BNFL%25255B%25252FCOLOR%25255D%252B%252B%25255Cn%252BDenver%252BBroncos%252Bvs%252BTennessee%252BTitans%252B%2526title%253D%25255BCOLOR%252Bgreen%25255D%252B18%25253A00%252BGMT%25255B%25252FCOLOR%25255D%25253A%252B%25255BCOLOR%252Bred%25255D%252BNFL%25255B%25252FCOLOR%25255D%252B%252B%25255Cn%252BDenver%252BBroncos%252Bvs%252BTennessee%252BTitans%252B%26winID%3D10025%26_options_sf&quot;)</favourite>
	<favourite name="Renegades 6 New York Jets vs San Francisco 49ers" thumb="/images/icons/nfl.png">PlayMedia(&quot;plugin://plugin.video.ZemTV-shani/?url=c3RyZWFtaGQ6aHR0cDovL3d3dy5zdHJlYW1oZC5ldS9uZmwvbmV3LXlvcmstamV0cy12cy1zYW4tZnJhbmNpc2NvLTQ5ZXJzLWxpdmUtc3RyZWFtLTg0Ny5waHA%3D&amp;mode=11&amp;name=%5BCOLOR+green%5D+21%3A05+GMT%5B%2FCOLOR%5D%3A+%5BCOLOR+red%5D+NFL%5B%2FCOLOR%5D++%0A+New+York+Jets+vs+San+Francisco+49ers+&amp;sf_options=meta%3Dlabel%253D%25255BCOLOR%252Bgreen%25255D%252B21%25253A05%252BGMT%25255B%25252FCOLOR%25255D%25253A%252B%25255BCOLOR%252Bred%25255D%252BNFL%25255B%25252FCOLOR%25255D%252B%252B%25255Cn%252BNew%252BYork%252BJets%252Bvs%252BSan%252BFrancisco%252B49ers%252B%2526title%253D%25255BCOLOR%252Bgreen%25255D%252B21%25253A05%252BGMT%25255B%25252FCOLOR%25255D%25253A%252B%25255BCOLOR%252Bred%25255D%252BNFL%25255B%25252FCOLOR%25255D%252B%252B%25255Cn%252BNew%252BYork%252BJets%252Bvs%252BSan%252BFrancisco%252B49ers%252B%26winID%3D10025%26_options_sf&quot;)</favourite>
	<favourite name="Renegades 6 New Orleans Saints vs Tampa Bay Buccaneers" thumb="/images/icons/nfl.png">PlayMedia(&quot;plugin://plugin.video.ZemTV-shani/?url=c3RyZWFtaGQ6aHR0cDovL3d3dy5zdHJlYW1oZC5ldS9uZmwvbmV3LW9ybGVhbnMtc2FpbnRzLXZzLXRhbXBhLWJheS1idWNjYW5lZXJzLWxpdmUtc3RyZWFtLTg0Ny5waHA%3D&amp;mode=11&amp;name=%5BCOLOR+green%5D+21%3A25+GMT%5B%2FCOLOR%5D%3A+%5BCOLOR+red%5D+NFL%5B%2FCOLOR%5D++%0A+New+Orleans+Saints+vs+Tampa+Bay+Buccaneers+&amp;sf_options=meta%3Dlabel%253D%25255BCOLOR%252Bgreen%25255D%252B21%25253A25%252BGMT%25255B%25252FCOLOR%25255D%25253A%252B%25255BCOLOR%252Bred%25255D%252BNFL%25255B%25252FCOLOR%25255D%252B%252B%25255Cn%252BNew%252BOrleans%252BSaints%252Bvs%252BTampa%252BBay%252BBuccaneers%252B%2526title%253D%25255BCOLOR%252Bgreen%25255D%252B21%25253A25%252BGMT%25255B%25252FCOLOR%25255D%25253A%252B%25255BCOLOR%252Bred%25255D%252BNFL%25255B%25252FCOLOR%25255D%252B%252B%25255Cn%252BNew%252BOrleans%252BSaints%252Bvs%252BTampa%252BBay%252BBuccaneers%252B%26winID%3D10025%26_options_sf&quot;)</favourite>
	<favourite name="Renegades 6 Seattle Seahawks vs Green Bay Packers" thumb="/images/icons/nfl.png">PlayMedia(&quot;plugin://plugin.video.ZemTV-shani/?url=c3RyZWFtaGQ6aHR0cDovL3d3dy5zdHJlYW1oZC5ldS9uZmwvc2VhdHRsZS1zZWFoYXdrcy12cy1ncmVlbi1iYXktcGFja2Vycy1saXZlLXN0cmVhbS04NDcucGhw&amp;mode=11&amp;name=%5BCOLOR+green%5D+21%3A25+GMT%5B%2FCOLOR%5D%3A+%5BCOLOR+red%5D+NFL%5B%2FCOLOR%5D++%0A+Seattle+Seahawks+vs+Green+Bay+Packers+&amp;sf_options=meta%3Dlabel%253D%25255BCOLOR%252Bgreen%25255D%252B21%25253A25%252BGMT%25255B%25252FCOLOR%25255D%25253A%252B%25255BCOLOR%252Bred%25255D%252BNFL%25255B%25252FCOLOR%25255D%252B%252B%25255Cn%252BSeattle%252BSeahawks%252Bvs%252BGreen%252BBay%252BPackers%252B%2526title%253D%25255BCOLOR%252Bgreen%25255D%252B21%25253A25%252BGMT%25255B%25252FCOLOR%25255D%25253A%252B%25255BCOLOR%252Bred%25255D%252BNFL%25255B%25252FCOLOR%25255D%252B%252B%25255Cn%252BSeattle%252BSeahawks%252Bvs%252BGreen%252BBay%252BPackers%252B%26winID%3D10025%26_options_sf&quot;)</favourite>
	<favourite name="Renegads 6 Atlanta Falcons vs Los Angeles Rams" thumb="/images/icons/nfl.png">PlayMedia(&quot;plugin://plugin.video.ZemTV-shani/?url=c3RyZWFtaGQ6aHR0cDovL3d3dy5zdHJlYW1oZC5ldS9uZmwvYXRsYW50YS1mYWxjb25zLXZzLWxvcy1hbmdlbGVzLXJhbXMtbGl2ZS1zdHJlYW0tODQ3LnBocA%3D%3D&amp;mode=11&amp;name=%5BCOLOR+green%5D+21%3A25+GMT%5B%2FCOLOR%5D%3A+%5BCOLOR+red%5D+NFL%5B%2FCOLOR%5D++%0A+Atlanta+Falcons+vs+Los+Angeles+Rams+&amp;sf_options=meta%3Dlabel%253D%25255BCOLOR%252Bgreen%25255D%252B21%25253A25%252BGMT%25255B%25252FCOLOR%25255D%25253A%252B%25255BCOLOR%252Bred%25255D%252BNFL%25255B%25252FCOLOR%25255D%252B%252B%25255Cn%252BAtlanta%252BFalcons%252Bvs%252BLos%252BAngeles%252BRams%252B%2526title%253D%25255BCOLOR%252Bgreen%25255D%252B21%25253A25%252BGMT%25255B%25252FCOLOR%25255D%25253A%252B%25255BCOLOR%252Bred%25255D%252BNFL%25255B%25252FCOLOR%25255D%252B%252B%25255Cn%252BAtlanta%252BFalcons%252Bvs%252BLos%252BAngeles%252BRams%252B%26winID%3D10025%26_options_sf&quot;)</favourite>
	<favourite name="Renegades 6 Dallas Cowboys vs New York Giants" thumb="/images/icons/nfl.png">PlayMedia(&quot;plugin://plugin.video.ZemTV-shani/?url=c3RyZWFtaGQ6aHR0cDovL3d3dy5zdHJlYW1oZC5ldS9uZmwvZGFsbGFzLWNvd2JveXMtdnMtbmV3LXlvcmstZ2lhbnRzLWxpdmUtc3RyZWFtLTg0Ny5waHA%3D&amp;mode=11&amp;name=%5BCOLOR+green%5D+01%3A30+GMT%5B%2FCOLOR%5D%3A+%5BCOLOR+red%5D+NFL%5B%2FCOLOR%5D++%0A+Dallas+Cowboys+vs+New+York+Giants+&amp;sf_options=meta%3Dlabel%253D%25255BCOLOR%252Bgreen%25255D%252B01%25253A30%252BGMT%25255B%25252FCOLOR%25255D%25253A%252B%25255BCOLOR%252Bred%25255D%252BNFL%25255B%25252FCOLOR%25255D%252B%252B%25255Cn%252BDallas%252BCowboys%252Bvs%252BNew%252BYork%252BGiants%252B%2526title%253D%25255BCOLOR%252Bgreen%25255D%252B01%25253A30%252BGMT%25255B%25252FCOLOR%25255D%25253A%252B%25255BCOLOR%252Bred%25255D%252BNFL%25255B%25252FCOLOR%25255D%252B%252B%25255Cn%252BDallas%252BCowboys%252Bvs%252BNew%252BYork%252BGiants%252B%26winID%3D10025%26_options_sf&quot;)</favourite>
	<favourite name="Renegades 6 [COLOR blue]MANCHESTER CITY [/COLOR][COLOR lime]v[/COLOR][COLOR blue] WATFORD[/COLOR][COLOR lime] 20:00 PM [/COLOR] Live PremierShip" thumb="http://i.imgur.com/9MCxK6C.png">PlayMedia(&quot;plugin://plugin.video.livepremiership/?url=http%3A%2F%2Fpastebin.com%2Fraw%2F5C8FR51q&amp;mode=8&amp;name=%5BCOLOR+blue%5DMANCHESTER+CITY+%5B%2FCOLOR%5D%5BCOLOR+lime%5Dv%5B%2FCOLOR%5D%5BCOLOR+blue%5D+WATFORD%5B%2FCOLOR%5D%5BCOLOR+lime%5D+20%3A00+PM+%5B%2FCOLOR%5D&amp;fanart=http%3A%2F%2Fi.imgur.com%2FzaL52nG.png&amp;sf_options=fanart%3Dhttp%3A%2F%2Fi.imgur.com%2FzaL52nG.png%26meta%3Dlabel%253D%25255BCOLOR%252Bblue%25255DMANCHESTER%252BCITY%252B%25255B%25252FCOLOR%25255D%25255BCOLOR%252Blime%25255Dv%25255B%25252FCOLOR%25255D%25255BCOLOR%252Bblue%25255D%252BWATFORD%25255B%25252FCOLOR%25255D%25255BCOLOR%252Blime%25255D%252B20%25253A00%252BPM%252B%25255B%25252FCOLOR%25255D%2526title%253D%25255BCOLOR%252Bblue%25255DMANCHESTER%252BCITY%252B%25255B%25252FCOLOR%25255D%25255BCOLOR%252Blime%25255Dv%25255B%25252FCOLOR%25255D%25255BCOLOR%252Bblue%25255D%252BWATFORD%25255B%25252FCOLOR%25255D%25255BCOLOR%252Blime%25255D%252B20%25253A00%252BPM%252B%25255B%25252FCOLOR%25255D%26winID%3D10025%26_options_sf&quot;)</favourite>
	<favourite name="Renegades 6 20:00 Manchester City v Watford [MATCH Futbol 2 - 1080p] [COLOR yellow][B]*Acestream[/B][/COLOR] NJM" thumb="http://img0.cfstatic.com/wallpapers/f36c1ef92fbb2e97dcfb2f4b6e6e8044_large.jpeg">PlayMedia(&quot;plugin://plugin.video.NJMSoccer/?url=plugin%3A%2F%2Fprogram.plexus%2F%3Fmode%3D1%26url%3Dacestream%3A%2F%2Fd3bf0ca9de3014b97a2c75c5284adb0463d25c12%26name%3DMy%2Bacestream%2Bchannel&amp;mode=12&amp;sf_options=fanart%3Dhttp%3A%2F%2Fimg0.cfstatic.com%2Fwallpapers%2Ff36c1ef92fbb2e97dcfb2f4b6e6e8044_large.jpeg%26meta%3Dlabel%253D20%25253A00%252BManchester%252BCity%252Bv%252BWatford%252B%25255BMATCH%252BFutbol%252B2%252B-%252B1080p%25255D%252B%25255BCOLOR%252Byellow%25255D%25255BB%25255D%25252AAcestream%25255B%25252FB%25255D%25255B%25252FCOLOR%25255D%2526title%253D20%25253A00%252BManchester%252BCity%252Bv%252BWatford%252B%25255BMATCH%252BFutbol%252B2%252B-%252B1080p%25255D%252B%25255BCOLOR%252Byellow%25255D%25255BB%25255D%25252AAcestream%25255B%25252FB%25255D%25255B%25252FCOLOR%25255D%26winID%3D10025%26_options_sf&quot;)</favourite>
</favourites>