<favourites>
	<favourite name="Renegades 6 MANCHESTER CITY-FC BARCELONA" thumb=" ">PlayMedia(&quot;plugin://program.plexus/?mode=1&amp;url=acestream://e677cd71455f6e78c017ca66f95416674c20fca2&amp;name=VIDTIME&amp;sf_options=fanart%3Dhttp%3A%2F%2Fs5.postimg.org%2Fk44hcn1c7%2FLivewall.jpg%26winID%3D10025%26_options_sf&quot;)</favourite>
	<favourite name="Renegades 6 MANCHESTER CITY-FC BARCELONA" thumb=" ">PlayMedia(&quot;plugin://program.plexus/?mode=1&amp;url=acestream://081f0ec18cf62bc8d84642aae399fc1fe15a0e12&amp;name=VIDTIME&amp;sf_options=fanart%3Dhttp%3A%2F%2Fs5.postimg.org%2Fk44hcn1c7%2FLivewall.jpg%26winID%3D10025%26_options_sf&quot;)</favourite>
	<favourite name="Renegades 6 MANCHESTER CITY-FC BARCELONA" thumb=" ">PlayMedia(&quot;plugin://program.plexus/?mode=1&amp;url=acestream://74acfd9687fa9b5258b2e6c9bce792cee87d3c71&amp;name=VIDTIME&amp;sf_options=fanart%3Dhttp%3A%2F%2Fs5.postimg.org%2Fk44hcn1c7%2FLivewall.jpg%26winID%3D10025%26_options_sf&quot;)</favourite>
	<favourite name="[COLOR yellow]15:45 SOCCER  MANCHESTER CITY-FC BARCELONA / UEFA CHAMPIONS LEAGUE[COLOR limegreen]/SOPCAST[COLOR blue]" thumb=" ">PlayMedia(&quot;plugin://program.plexus/?mode=2&amp;url=sop://broker./SOPCAST.com:3912/262496&amp;sf_options=fanart%3Dhttp%3A%2F%2Fs5.postimg.org%2Fk44hcn1c7%2FLivewall.jpg%26winID%3D10025%26_options_sf&quot;)</favourite>
	<favourite name="[COLOR yellow]15:45 SOCCER  MANCHESTER CITY-FC BARCELONA / UEFA CHAMPIONS LEAGUE[COLOR limegreen]/SOPCAST[COLOR blue]EST[/COLOR]" thumb=" ">PlayMedia(&quot;plugin://program.plexus/?mode=2&amp;url=sop://broker./SOPCAST.com:3912/262499&amp;sf_options=fanart%3Dhttp%3A%2F%2Fs5.postimg.org%2Fk44hcn1c7%2FLivewall.jpg%26winID%3D10025%26_options_sf&quot;)</favourite>
	<favourite name="Renegades 6 TSN 4" thumb="http://thevoice-fuerteventura.com/directory/wp-content/uploads/2014/07/keep-calm-live-football-shown-here-2.png">PlayMedia(&quot;plugin://plugin.video.NJMSoccer/?url=http%3A%2F%2F46.166.162.35%3A9090%2Fload%2Fb0922f3fa8aa%2F55.m3u8&amp;mode=12&amp;sf_options=fanart%3Dhttp%3A%2F%2Fthevoice-fuerteventura.com%2Fdirectory%2Fwp-content%2Fuploads%2F2014%2F07%2Fkeep-calm-live-football-shown-here-2.png%26winID%3D10025%26_options_sf&quot;)</favourite>
	<favourite name="Renegades 6 19:45 Manchester City v Barcelona [FS1 - 720p]" thumb="http://thevoice-fuerteventura.com/directory/wp-content/uploads/2014/07/keep-calm-live-football-shown-here-2.png">PlayMedia(&quot;plugin://plugin.video.NJMSoccer/?url=http%3A%2F%2Fhitbox.gcdn.co%2Fhls%2Fboztr%2Findex.m3u8%3Fst%3DYzI0uRxxhpp2TU_s2i33oA%3Bci%3D-sN8hA5sPS4-sZ1sM60w-Q&amp;mode=12&amp;sf_options=fanart%3Dhttp%3A%2F%2Fthevoice-fuerteventura.com%2Fdirectory%2Fwp-content%2Fuploads%2F2014%2F07%2Fkeep-calm-live-football-shown-here-2.png%26winID%3D10025%26_options_sf&quot;)</favourite>
	<favourite name="Renegades 6 19:45 Manchester City v Barcelona [FS1 - 720p]" thumb="http://thevoice-fuerteventura.com/directory/wp-content/uploads/2014/07/keep-calm-live-football-shown-here-2.png">PlayMedia(&quot;plugin://plugin.video.NJMSoccer/?url=plugin%3A%2F%2Fplugin.video.SportsDevil%2F%3Fmode%3D1%26amp%3Bitem%3Dcatcher%253dstreams%2526url%3Dhttp%3A%2F%2F10livestreams.com%2Fplayer%2Fstream2.php%2526referer%3Dhttp%3A%2F%2F10livestreams.com%2Fplayer%2Fstream2.php&amp;mode=12&amp;sf_options=fanart%3Dhttp%3A%2F%2Fthevoice-fuerteventura.com%2Fdirectory%2Fwp-content%2Fuploads%2F2014%2F07%2Fkeep-calm-live-football-shown-here-2.png%26winID%3D10025%26_options_sf&quot;)</favourite>
	<favourite name="Renegades 6 19:45 Manchester City v Barcelona [TSN 4 - 720p]" thumb="http://thevoice-fuerteventura.com/directory/wp-content/uploads/2014/07/keep-calm-live-football-shown-here-2.png">PlayMedia(&quot;plugin://plugin.video.NJMSoccer/?url=plugin%3A%2F%2Fplugin.video.SportsDevil%2F%3Fmode%3D1%26amp%3Bitem%3Dcatcher%253dstreams%2526url%3Dhttp%3A%2F%2Fwidestream.io%2Fembed-3169%2526referer%3Dhttp%3A%2F%2Fwidestream.io%2Fembed-3169&amp;mode=12&amp;sf_options=fanart%3Dhttp%3A%2F%2Fthevoice-fuerteventura.com%2Fdirectory%2Fwp-content%2Fuploads%2F2014%2F07%2Fkeep-calm-live-football-shown-here-2.png%26winID%3D10025%26_options_sf&quot;)</favourite>
</favourites>