<favourites>
	<favourite name="Renegades 6 [COLOR limegreen]7:00 SOCCER: DINAMO KIEV-BENFICA[COLOR red]/ACESTREAM[COLOR blue]EST[/COLOR]" thumb=" ">PlayMedia(&quot;plugin://program.plexus/?mode=1&amp;url=acestream://72b02ca71866cef90c6c7d06cbfc61e6cfb8c345&amp;name=VIDTIME&amp;sf_options=fanart%3Dhttp%3A%2F%2Fs5.postimg.org%2Fk44hcn1c7%2FLivewall.jpg%26winID%3D10025%26_options_sf&quot;)</favourite>
	<favourite name="Renegades 6 [COLOR yellow]7:00  SOCCER:  DINAMO KIEV-BENFICA[COLOR limegreen]/SOPCAST[COLOR blue]EST[/COLOR]" thumb=" ">PlayMedia(&quot;plugin://program.plexus/?mode=2&amp;url=sop://broker./SOPCAST.com:3912/262492&amp;sf_options=fanart%3Dhttp%3A%2F%2Fs5.postimg.org%2Fk44hcn1c7%2FLivewall.jpg%26winID%3D10025%26_options_sf&quot;)</favourite>
	<favourite name="Renegades 6 DYNAMO KIEV-BENFICA" thumb=" ">PlayMedia(&quot;plugin://program.plexus/?mode=1&amp;url=acestream://2bbcc2d6516b00bda384df8e0d04ecff68046555&amp;name=VIDTIME&amp;sf_options=fanart%3Dhttp%3A%2F%2Fs5.postimg.org%2Fk44hcn1c7%2FLivewall.jpg%26winID%3D10025%26_options_sf&quot;)</favourite>
	<favourite name="Renegades 6 DYNAMO KIEV-BENFICA" thumb=" ">PlayMedia(&quot;plugin://program.plexus/?mode=2&amp;url=sop://broker./SOPCAST.com:3912/262496&amp;sf_options=fanart%3Dhttp%3A%2F%2Fs5.postimg.org%2Fk44hcn1c7%2FLivewall.jpg%26winID%3D10025%26_options_sf&quot;)</favourite>
</favourites>