<favourites>
	<favourite name="[COLORgreen][B]•[/COLOR][/B]Eden Oblivion S1" thumb="http://oblivionbuilds.com/Oblivionlogo.png">PlayMedia(&quot;plugin://plugin.video.sanctuary/?url=plugin%3A%2F%2Fplugin.video.f4mTester%2F%3Fstreamtype%3DTSDOWNLOADER%26amp%3Burl%3Dhttp%3A%2F%2F164.132.182.253%3A22921%2Flive%2FMiguel%2Fskype%2F205.ts%26amp%3Bname%3DOblivion+TV&amp;mode=1112&amp;sf_options=winID%3D10025%26_options_sf&quot;)</favourite>
	<favourite name="Eden zem 01/12/2016" thumb="DefaultFolder.png">PlayMedia(&quot;plugin://plugin.video.ZemTV-shani/?url=aXBib3g6aHR0cDovL0lQVFZGUkVFMS5DT006Njk2OS9saXZlLz09Pl93d3cuaXB0dnJlc3RyZWFtLm5ldF88PT0vPT0%2BX3d3dy5pcHR2cmVzdHJlYW0ubmV0Xzw9PS80MzYudHN8VXNlci1BZ2VudD1zZmRnZmV3ZWZnaHRmcmRlcw%3D%3D&amp;mode=11&amp;name=%5BCOLOR+FF11b500%5DUk+%3A+eden%0D+ipbox%5B%2FCOLOR%5D&amp;sf_options=winID%3D10025%26_options_sf&quot;)</favourite>
	<favourite name="Eden zem 01/12/2016" thumb="DefaultFolder.png">PlayMedia(&quot;plugin://plugin.video.ZemTV-shani/?url=aXBib3g6aHR0cDovL2lwdHYubW9ua2V5Y2xpbmUuY29tOjI1NDYxL2xpdmUvamFzbmUvamFzbmUvMTg0NC50c3xVc2VyLUFnZW50PVZMQy8yLjMuMSBMaWJWTEMvMi4yLjE3JkljeS1NZXRhRGF0YT0x&amp;mode=11&amp;name=%5BCOLOR+FF11b500%5DEden%0D+ipbox%5B%2FCOLOR%5D&amp;sf_options=winID%3D10025%26_options_sf&quot;)</favourite>
	<favourite name="Eden zem S4" thumb="DefaultFolder.png">PlayMedia(&quot;plugin://plugin.video.ZemTV-shani/?url=aXBib3g6aHR0cDovL0lQVFZGUkVFMS5DT006Njk2OS9saXZlLz09Pl93d3cuaXB0dnJlc3RyZWFtLm5ldF88PT0vPT0%2BX3d3dy5pcHR2cmVzdHJlYW0ubmV0Xzw9PS80MzYudHN8VXNlci1BZ2VudD1pcHR2cmVzdHJlYW0ubmV0MQ%3D%3D&amp;mode=11&amp;name=%5BCOLOR+FF11b500%5DUk+%3A+eden%0D+ipbox%5B%2FCOLOR%5D&amp;sf_options=winID%3D10025%26_options_sf&quot;)</favourite>
	<favourite name="Eden sanctuary" thumb="https://pbs.twimg.com/profile_images/2789238884/7ba1042bab853473142e0387ea90c3e6_400x400.png">PlayMedia(&quot;plugin://plugin.video.sanctuary/?url=plugin%3A%2F%2Fplugin.video.f4mTester%2F%3Fstreamtype%3DTSDOWNLOADER%26url%3Dhttp%3A%2F%2Fiptv.monkeycline.com%3A25461%2Flive%2Fpak%2Fpak%2F1844.ts%26streamtype%3D.TSDOWNLOADER%3Bname%3DEden&amp;mode=906&amp;regexs=&amp;setCookie=&amp;sf_options=fanart%3Dspecial%3A%2F%2Fhome%2Faddons%2Fplugin.video.sanctuary%2Ffanart.jpg%26winID%3D10025%26_options_sf&quot;)</favourite>
</favourites>