<favourites>
	<favourite name="[COLOR orange] WWE Network [/COLOR] mic Sports Central" thumb="http://www.thelogodb.com/images/media/logo/vpwstx1476449246.png">PlayMedia(&quot;plugin://plugin.video.mic/?url=plugin%3A%2F%2Fplugin.video.f4mTester%2F%3Fstreamtype%3DTSDOWNLOADER%3Bname%3DWWE%26url%3Dhttp%3A%2F%2Fserver.internext.tv%3A8000%2Flive%2Fhabib%2Fhabib%2F1257.ts&amp;mode=12&amp;sf_options=fanart%3Dhttp%3A%2F%2Fgamerlimit.com%2Fwp-content%2Fuploads%2F2016%2F04%2Foriginal.jpg%26winID%3D10025%26_options_sf&quot;)</favourite>
	<favourite name="WWE Network mic Events" thumb="https://i1.wp.com/prowrestling.net/site/wp-content/uploads/2015/12/Logo_WWE_dn.png">PlayMedia(&quot;plugin://plugin.video.mic/?url=plugin%3A%2F%2Fplugin.video.f4mTester%2F%3Fstreamtype%3DTSDOWNLOADER%26url%3Dhttp%3A%2F%2F62.4.21.70%3A8000%2Flive%2Fakdim%2Fakdim%2F3297.ts%3Bname%3DWWE+EVENT+4&amp;mode=12&amp;sf_options=h%3B%3D1080%26quality%3B%3D100%26winID%3D10025%26_options_sf&quot;)</favourite>
	<favourite name="WWE Network TVone" thumb="special://home/addons/plugin.video.SportsDevil-2016.30.30/resources/images/folder.png">PlayMedia(&quot;plugin://plugin.video.SportsDevil/?item=catcher%3dstreams%26title%3dWWE%2bTV%26url%3dmpd%253A%252F%252Fcd61f0ea3b560a665ea813dab2505a2f.m3u8%26cfg%3dtvone1.tv.cfg%2540Streams%2540Sports%26videoTitle%3dWWE%2bTV%26director%3dtvone1.tv%26genre%3dLive%2bTV%26referer%3dmpd%253A%252F%252Fcd61f0ea3b560a665ea813dab2505a2f.m3u8%26definedIn%3dtvone1.tv.cfg%26type%3drss&amp;mode=1&amp;sf_options=fanart%3Dspecial%3A%2F%2Fhome%2Faddons%2Fplugin.video.SportsDevil-2016.30.30%2Ffanart.jpg%26meta%3Dgenre%253DLive%252BTV%2526director%253Dtvone1.tv%2526label%253DWWE%252BTV%2526title%253DWWE%252BTV%26winID%3D10025%26_options_sf&quot;)</favourite>
	<favourite name="WWE Newtwork Bamf Iptv" thumb="http://genietvcunts.co.uk/bamffff/iptv1.jpg">PlayMedia(&quot;plugin://plugin.video.sanctuary/?url=plugin%3A%2F%2Fplugin.video.f4mTester%2F%3Fstreamtype%3DTSDOWNLOADER%26amp%3Burl%3Dhttp%3A%2F%2F51.255.70.112%3A8000%2Flive%2FLewis%2FLewis%2F1903.ts%3Bname%3DBAMF+TV&amp;mode=1112&amp;sf_options=winID%3D10025%26_options_sf&quot;)</favourite>
	<favourite name="[COLOR blue]WWE Network[/COLOR] Live PremierShip" thumb="http://i.imgur.com/3SRhwGb.png">PlayMedia(&quot;plugin://plugin.video.livepremiership/?url=http%3A%2F%2Fpastebin.com%2Fraw%2FXF49HmBW&amp;mode=8&amp;name=%5BCOLOR+blue%5DWWE+Network%5B%2FCOLOR%5D&amp;fanart=http%3A%2F%2Fi.imgur.com%2FzaL52nG.png&amp;sf_options=fanart%3Dhttp%3A%2F%2Fi.imgur.com%2FzaL52nG.png%26winID%3D10025%26_options_sf&quot;)</favourite>
	<favourite name="WWE Network Oblivion" thumb="DefaultVideo.png">PlayMedia(&quot;plugin://plugin.video.sanctuary/?url=plugin%3A%2F%2Fplugin.video.f4mTester%2F%3Fstreamtype%3DTSDOWNLOADER%26amp%3Burl%3Dhttp%3A%2F%2Fiptv9.lazystreams.tk%3A8080%2Flive%2FSuPrEmEsTrEaMs%2FKeepYourHandsOffCUNTS%21%21%401%2F1657.ts%3Bname%3DOblivion+TV&amp;mode=1112&amp;sf_options=winID%3D10025%26_options_sf&quot;)</favourite>
	<favourite name="[COLORgreen]ONLINE:[/COLOR]WWE Networl Lily Sports" thumb="http://kodeeresurrection.com/LILYSPORTStxts/pngs/WWE-Network-Logo.png">PlayMedia(&quot;plugin://plugin.video.Tigensworld/?url=plugin%3A%2F%2Fplugin.video.SportsDevil%2F%3Fmode%3D1%26amp%3Bitem%3Dcatcher%253dstreams%2526url%3Dhttp%3A%2F%2Fwww.shadow-net.org%2Fchannels%2FWWE-Network.html%2526referer%3Dhttp%3A%2F%2Fwww.shadow-net.org%2Fchannels%2FWWE-Network.html&amp;mode=12&amp;sf_options=fanart%3Dhttp%3A%2F%2Fkodeekrazy.net%2Fprologictexts%2FSKY%2520SPORTS%2520BACKGROUND.jpg%26winID%3D10025%26_options_sf&quot;)</favourite>
	<favourite name="WWE Network LIVE Fido" thumb="http://www.officialpsds.com/images/thumbs/WWE-Network-Logo-psd98782.png">PlayMedia(&quot;plugin://plugin.video.sanctuary/?url=http%3A%2F%2Fhls.megadash.xyz%2Fs%2Fwwe684%2Foe69e.m3u8%3Fh%3DBTygHMrqv4oPpEWPKiuEQA&amp;mode=1112&amp;sf_options=fanart%3Dhttp%3A%2F%2Ffantazyrepo.uk%2Faddonimages%2Flivetv%2FLiveTV.jpg%26winID%3D10025%26_options_sf&quot;)</favourite>
	<favourite name="WWE Network Evolve" thumb="http://www.thelogodb.com/images/media/logo/vpwstx1476449246.png/medium">PlayMedia(&quot;plugin://plugin.video.Evolve/?url=http%3A%2F%2Fmatsbuilds.uk%2Fjack%2FEvolve%2Fsports.txt&amp;mode=3&amp;name=WWE&amp;description=&amp;iconimage=http%3A%2F%2Fwww.thelogodb.com%2Fimages%2Fmedia%2Flogo%2Fvpwstx1476449246.png%2Fmedium&amp;sf_options=fanart%3Dhttp%3A%2F%2Fwww.thewrap.com%2Fwp-content%2Fuploads%2F2014%2F09%2FWWE-Logo.jpg%26winID%3D10025%26_options_sf&quot;)</favourite>
</favourites>