<favourites>
	<favourite name="wwe HD - UKTV - 25/08/2016" thumb="https://app.uktvnow.net/images/channel_imgs/200116043641wwee.gif|User-Agent=Dalvik/2.1.0 (Linux; U; Android 6.0.1; SM-G935F Build/MMB29K)">PlayMedia(&quot;plugin://plugin.video.uktvnow/?url=url&amp;mode=2&amp;name=wwe+HD&amp;channelid=241&amp;iconimage=https%3A%2F%2Fapp.uktvnow.net%2Fimages%2Fchannel_imgs%2F200116043641wwee.gif%7CUser-Agent%3DDalvik%2F2.1.0+%28Linux%3B+U%3B+Android+6.0.1%3B+SM-G935F+Build%2FMMB29K%29&amp;sf_options=fanart%3Dspecial%3A%2F%2Fhome%2Faddons%5Cplugin.video.uktvnow%5Cfanart.jpg%26meta%3Dplot%253D241%2526label%253Dwwe%252BHD%2526title%253Dwwe%252BHD%26winID%3D10025%26desc%3D241%26_options_sf&quot;)</favourite>
	<favourite name="WWE Network - Vidtime - 12/08/2016" thumb=" ">PlayMedia(&quot;plugin://plugin.video.f4mTester/?url=http://namiptv.ddns.net:6969/live/facebook.com/groups/iptvfree/7/1316.ts&amp;streamtype=TSDOWNLOADER&amp;name=WWE Network&amp;sf_options=fanart%3Dhttp%3A%2F%2Fs20.postimg.org%2Fdoltr1fu5%2FVTTVBackground.png%26meta%3Dlabel%253D%25255BCOLOR%252Blimegreen%25255DWWE%252BNetwork%25255B%25252FCOLOR%25255D%26winID%3D10025%26_options_sf&quot;)</favourite>
	<favourite name="WWE Network - NJM Soccer - 12/08/2016" thumb="DefaultVideo.png">PlayMedia(&quot;plugin://plugin.video.NJMSoccer/?url=rtmp%3A%2F%2F80.82.78.29%2Fhd%3FwmsAuthSign%3Dc2VydmVyX3RpbWU9Ny8zMC8yMDE2IDM6MDg6NDggQU0maGFzaF92YWx1ZT01MXl5MStidk8zSTNGeXpNOSs3djZ3PT0mdmFsaWRtaW51dGVzPTEw%2F+playpath%3Do1a6PAZHOO20160209++swfUrl%3Dhttp%3A%2F%2Fwww.hdcast.info%2Fmyplayer%2Fjwplayer.flash.swf+flashver%3DWIN%5C2021%2C0%2C0%2C242+live%3D1+timeout%3D20+token%3D%25XB00%28nKH%40%23.+pageUrl%3Dhttp%3A%2F%2Fwww.hdcast.info%2Fembed.php%3Flive%3Dwwe%26vw%3B%3D620%26vh%3B%3D490&amp;mode=12&amp;sf_options=fanart%3Dspecial%3A%2F%2Fhome%2Faddons%5Cplugin.video.NJMSoccer%5Cfanart.jpg%26meta%3Dduration%253D0%2526label%253DWWE%252BNetwork%2526title%253DWWE%252BNetwork%26winID%3D10025%26_options_sf&quot;)</favourite>
	<favourite name="WWE Network - DC Sports - 25/08/2016" thumb="DefaultVideo.png">PlayMedia(&quot;plugin://plugin.video.DCSports/?url=plugin%3A%2F%2Fplugin.video.f4mTester%2F%3Furl%3Dhttp%3A%2F%2Fcp.dmbshare.net%3A8000%2Flive%2Ffernando%2Ffernando%2F6983.ts%26streamtype%3DTSDOWNLOADER%3Bname%3DWWE+%23DCSPORTSADDON%7CUser-Agent%3DMozilla%2F5.0+%28iPad%3B+CPU+OS+6_0+like+Mac+OS+X%29+AppleWebKit%2F536.26+%28KHTML%2C+like+Gecko%29+Version%2F6.0+Mobile%2F10A5376e+Safari%2F8536.25%26swf%3B%3DNone%26auth%3B%26simpledownloader%3B%3Dfals%24use_proxy_for_chunks%3Dtrue%26streamtype%3B%3DTSDOWNLOADER%26maxbitrate%3B%3D0%26proxy%3B%3DNone%26url%3B&amp;mode=12&amp;sf_options=fanart%3Dhttps%3A%2F%2Fgoo.gl%2Fk0Qp2J%26meta%3Dlabel%253DWWE%252BNetwork%2526title%253DWWE%252BNetwork%26winID%3D10025%26_options_sf&quot;)</favourite>
</favourites>