<favourites>
	<favourite name="[B][COLOR white]NBC[/COLOR]  THE MEREDITH VIEIRA SHOW[/B]" thumb="http://mc.ustvnow.com/images/WGAL.png">PlayMedia(&quot;http://ilv52.is.ustvnow.com:80/ilv52/mp4:24184WGALUSTVNOW3/playlist.m3u8?key=tbd&amp;sf_options=fanart%3Dhttps%3A%2F%2Fimages3.alphacoders.com%2F799%2F79955.jpg%26meta%3Dcastandrole%253D%25255B%25255D%2526label%253D%25255BB%25255D%25255BCOLOR%252Bwhite%25255DNBC%25255B%25252FCOLOR%25255D%252B%252BTHE%252BMEREDITH%252BVIEIRA%252BSHOW%25255B%25252FB%25255D%26winID%3D10025%26_options_sf&quot;)</favourite>
	<favourite name="NBC - UKTV - 25/08/2016" thumb="https://app.uktvnow.net/images/channel_imgs/200116020902nbc.jpg|User-Agent=Dalvik/2.1.0 (Linux; U; Android 6.0.1; SM-G935F Build/MMB29K)">PlayMedia(&quot;plugin://plugin.video.uktvnow/?url=url&amp;mode=2&amp;name=NBC&amp;channelid=160&amp;iconimage=https%3A%2F%2Fapp.uktvnow.net%2Fimages%2Fchannel_imgs%2F200116020902nbc.jpg%7CUser-Agent%3DDalvik%2F2.1.0+%28Linux%3B+U%3B+Android+6.0.1%3B+SM-G935F+Build%2FMMB29K%29&amp;sf_options=fanart%3Dspecial%3A%2F%2Fhome%2Faddons%5Cplugin.video.uktvnow%5Cfanart.jpg%26meta%3Dplot%253D160%2526label%253DNBC%2526title%253DNBC%26winID%3D10025%26desc%3D160%26_options_sf&quot;)</favourite>
	<favourite name="NBC HD - UKTV - 25/08/2016" thumb="https://app.uktvnow.net/images/channel_imgs/200116020927nbc.jpg|User-Agent=Dalvik/2.1.0 (Linux; U; Android 6.0.1; SM-G935F Build/MMB29K)">PlayMedia(&quot;plugin://plugin.video.uktvnow/?url=url&amp;mode=2&amp;name=NBC+HD&amp;channelid=161&amp;iconimage=https%3A%2F%2Fapp.uktvnow.net%2Fimages%2Fchannel_imgs%2F200116020927nbc.jpg%7CUser-Agent%3DDalvik%2F2.1.0+%28Linux%3B+U%3B+Android+6.0.1%3B+SM-G935F+Build%2FMMB29K%29&amp;sf_options=fanart%3Dspecial%3A%2F%2Fhome%2Faddons%5Cplugin.video.uktvnow%5Cfanart.jpg%26meta%3Dplot%253D161%2526label%253DNBC%252BHD%2526title%253DNBC%252BHD%26winID%3D10025%26desc%3D161%26_options_sf&quot;)</favourite>
	<favourite name="NBC - Vidtime - 11/08/2016" thumb=" ">PlayMedia(&quot;plugin://plugin.video.f4mTester/?url=http://cp.dmbshare.net:8000/live/uapgodi/uapgodi/4578.ts&amp;streamtype=TSDOWNLOADER&amp;name=NBC&amp;sf_options=fanart%3Dhttp%3A%2F%2Fs20.postimg.org%2Fdoltr1fu5%2FVTTVBackground.png%26meta%3Dlabel%253D%25255BCOLOR%252Blimegreen%25255DNBC%25255B%25252FCOLOR%25255D%26winID%3D10025%26_options_sf&quot;)</favourite>
</favourites>