<favourites>
	<favourite name="Renegades 2 Arsenal vs Stoke City" thumb="http://mamahd.com/images/leagues/123.png">PlayMedia(&quot;plugin://plugin.video.ZemTV-shani/?url=bWFtYWhkOmh0dHA6Ly9tYW1haGQuY29tL2Fyc2VuYWwtbGl2ZS1zdHJlYW0yLTEuaHRtbA%3D%3D&amp;mode=11&amp;name=Arsenal+vs+Stoke+City%5BCOLOR+red%5D%0ALIVE+in+21+Hrs%5B%2FCOLOR%5D&amp;sf_options=winID%3D10025%26_options_sf&quot;)</favourite>
	<favourite name="Renegades 2  [COLOR limegreen] ARSENAL-STOKE CITY [COLOR red] /ACESTREAM [COLOR blue]EST[/COLOR]" thumb=" ">PlayMedia(&quot;plugin://program.plexus/?mode=1&amp;url=acestream://cada00c06ba1f6d64ee09814520579923a10c931&amp;name=VIDTIME&amp;sf_options=fanart%3Dhttp%3A%2F%2Fs5.postimg.org%2Fk44hcn1c7%2FLivewall.jpg%26winID%3D10025%26_options_sf&quot;)</favourite>
	<favourite name="Renegades 2 Arsenal vs Stoke City" thumb="/images/icons/football.png">PlayMedia(&quot;plugin://plugin.video.ZemTV-shani/?url=c3RyZWFtaGQ6aHR0cDovL3d3dy5zdHJlYW1oZC5ldS9mb290YmFsbC9hcnNlbmFsLXZzLXN0b2tlLWNpdHktbGl2ZS1zdHJlYW0tNjczLnBocA%3D%3D&amp;mode=11&amp;name=%5BCOLOR+green%5D+15%3A00+GMT%5B%2FCOLOR%5D%3A+%5BCOLOR+red%5D+Football%5B%2FCOLOR%5D++%0A+Arsenal+vs+Stoke+City+&amp;sf_options=winID%3D10025%26_options_sf&quot;)</favourite>
	<favourite name="Renegades 2 [COLOR blue]ARSENAL [/COLOR][COLOR lime]V[/COLOR][COLOR blue] STOKE CITY[/COLOR]" thumb="http://i.imgur.com/9MCxK6C.png">PlayMedia(&quot;plugin://plugin.video.livepremiership/?url=http%3A%2F%2Fpastebin.com%2Fraw%2F5C8FR51q&amp;mode=8&amp;name=%5BCOLOR+blue%5DARSENAL+%5B%2FCOLOR%5D%5BCOLOR+lime%5DV%5B%2FCOLOR%5D%5BCOLOR+blue%5D+STOKE+CITY%5B%2FCOLOR%5D&amp;fanart=http%3A%2F%2Fi.imgur.com%2FzaL52nG.png&amp;sf_options=fanart%3Dhttp%3A%2F%2Fi.imgur.com%2FzaL52nG.png%26winID%3D10025%26_options_sf&quot;)</favourite>
	<favourite name="Renegades 2 Arsenal V Stoke HD" thumb="http://matsbuilds.uk/pics/newevolveicons/sports.PNG">PlayMedia(&quot;plugin://plugin.video.Evolve/?url=http%3A%2F%2Fiptvch.selfip.info%2Flive%2Fsayed%2Fsayed%2F1569.ts%0D&amp;mode=2&amp;name=ASTRO+3+HD%0D&amp;description=&amp;iconimage=http%3A%2F%2Fmatsbuilds.uk%2Fpics%2Fnewevolveicons%2Fsports.PNG&amp;sf_options=fanart%3Dhttps%3A%2F%2Fsuperrepo.org%2Fstatic%2Fimages%2Ffanart%2Foriginal%2Fplugin.video.LiveTV.jpg%26winID%3D10025%26_options_sf&quot;)</favourite>
</favourites>