<favourites>
	<favourite name="Renegades 2 [COLOR yellow] ROAD BLOCK. END OF THE LINE[/COLOR] | [COLOR skyblue]WRESTLING (19/12/2016)[/COLOR] MIC acestreams" thumb="http://arenavision.in/sites/default/files/logo_av2015.png">PlayMedia(&quot;plugin://plugin.video.mic/?url=plugin%3A%2F%2Fprogram.plexus%2F%3Furl%3D%24doregex%5Bgetace%5D%26mode%3D1%26name%3D19%2F12%2F2016&amp;mode=17&amp;regexs=%7Bu%27getace%27%3A%20%7B%27cookiejar%27%3A%20%27%27%2C%20%27expres%27%3A%20u%27%5B%22%2C%5C%27%5D%28acestream%5B%5E%22%5C%27%5D%2B%29%27%2C%20%27referer%27%3A%20u%27http%3A//arenavision.in/schedule%27%2C%20%27name%27%3A%20u%27getace%27%2C%20%27page%27%3A%20u%27http%3A//arenavision.in/av13%27%7D%7D&amp;iconimage=http%3A%2F%2Farenavision.in%2Fsites%2Fdefault%2Ffiles%2Flogo_av2015.png&amp;sf_options=meta%3Dlabel%253D%25255BCOLOR%252Byellow%25255D%252BROAD%252BBLOCK.%252BEND%252BOF%252BTHE%252BLINE%25255B%25252FCOLOR%25255D%252B%25257C%252B%25255BCOLOR%252Bskyblue%25255DWRESTLING%252B%25252819%25252F12%25252F2016%252529%25255B%25252FCOLOR%25255D%2526title%253D%25255BCOLOR%252Byellow%25255D%252BROAD%252BBLOCK.%252BEND%252BOF%252BTHE%252BLINE%25255B%25252FCOLOR%25255D%252B%25257C%252B%25255BCOLOR%252Bskyblue%25255DWRESTLING%252B%25252819%25252F12%25252F2016%252529%25255B%25252FCOLOR%25255D%26winID%3D10025%26_options_sf&quot;)</favourite>
	<favourite name="Renegades 2 WWE Roadblock PPV" thumb="/images/icons/wwe.png">PlayMedia(&quot;plugin://plugin.video.ZemTV-shani/?url=c3RyZWFtaGQ6aHR0cDovL3d3dy5zdHJlYW1oZC5ldS93d2Uvd3dlLXJvYWRibG9jay1wcHYtbGl2ZS1zdHJlYW0tNjgwLnBocA%3D%3D&amp;mode=11&amp;name=%5BCOLOR+green%5D+01%3A00+GMT%5B%2FCOLOR%5D%3A+%5BCOLOR+red%5D+WWE%5B%2FCOLOR%5D++%0A+WWE+Roadblock+PPV+&amp;sf_options=meta%3Dlabel%253D%25255BCOLOR%252Bgreen%25255D%252B01%25253A00%252BGMT%25255B%25252FCOLOR%25255D%25253A%252B%25255BCOLOR%252Bred%25255D%252BWWE%25255B%25252FCOLOR%25255D%252B%252B%25255Cn%252BWWE%252BRoadblock%252BPPV%252B%2526title%253D%25255BCOLOR%252Bgreen%25255D%252B01%25253A00%252BGMT%25255B%25252FCOLOR%25255D%25253A%252B%25255BCOLOR%252Bred%25255D%252BWWE%25255B%25252FCOLOR%25255D%252B%252B%25255Cn%252BWWE%252BRoadblock%252BPPV%252B%26winID%3D10025%26_options_sf&quot;)</favourite>
	<favourite name="Renegades 2 WWE ROADBLOCK 18TH DEC bamf" thumb="http://genietvcunts.co.uk/bamffff/3pm.jpg">PlayMedia(&quot;plugin://plugin.video.BAMFTV/?url=plugin%3A%2F%2Fplugin.video.f4mTester%2F%3Fstreamtype%3DTSDOWNLOADER%26amp%3Burl%3Dhttp%3A%2F%2F51.254.197.40%3A25461%2Flive%2Fiptv1%2Fiptv1%2F8054.ts%3Bname%3DBAMF+TV&amp;mode=12&amp;sf_options=meta%3Dlabel%253DWWE%252BROADBLOCK%252B18TH%252BDEC%2526title%253DWWE%252BROADBLOCK%252B18TH%252BDEC%26winID%3D10025%26_options_sf&quot;)</favourite>
	<favourite name="Renegades 2 PPV 6 links Road Block Specialist" thumb="https://my.sky.com/orderboxoffice/images/sky-sports-box-office-logo.png">PlayMedia(&quot;plugin://plugin.video.specialiststreams/?action=play&amp;url=%3Csublink%3Eplugin%3A%2F%2Fplugin.video.f4mTester%2F%3Fstreamtype%3DTSDOWNLOADER%26amp%3Burl%3Dhttp%3A%2F%2Fwww.otttv.ga%3A2095%2Flive%2FJHagans%2Fames626964%2F18902.ts%3C%2Fsublink%3E%3Csublink%3Eplugin%3A%2F%2Fplugin.video.f4mTester%2F%3Fstreamtype%3DTSDOWNLOADER%26amp%3Burl%3Dhttp%3A%2F%2Fwww.otttv.ga%3A2095%2Flive%2FJHagans%2Fames626964%2F18906.ts%3C%2Fsublink%3E%3Csublink%3Eplugin%3A%2F%2Fplugin.video.f4mTester%2F%3Fstreamtype%3DTSDOWNLOADER%26amp%3Burl%3Dhttp%3A%2F%2Fwww.otttv.ga%3A2095%2Flive%2FJHagans%2Fames626964%2F18907.ts%3C%2Fsublink%3E%3Csublink%3Eplugin%3A%2F%2Fplugin.video.f4mTester%2F%3Fstreamtype%3DTSDOWNLOADER%26amp%3Burl%3Dhttp%3A%2F%2Fwww.otttv.ga%3A2095%2Flive%2FJHagans%2Fames626964%2F18908.ts%3C%2Fsublink%3E%3Csublink%3Eplugin%3A%2F%2Fplugin.video.f4mTester%2F%3Fstreamtype%3DTSDOWNLOADER%26amp%3Burl%3Dhttp%3A%2F%2Fwww.otttv.ga%3A2095%2Flive%2FJHagans%2Fames626964%2F18909.ts%3C%2Fsublink%3E%3Csublink%3Eplugin%3A%2F%2Fplugin.video.f4mTester%2F%3Fstreamtype%3DTSDOWNLOADER%26amp%3Burl%3Dhttp%3A%2F%2Fwww.otttv.ga%3A2095%2Flive%2FJHagans%2Fames626964%2F18904.ts%3C%2Fsublink%3E&amp;sf_options=fanart%3Dspecial%3A%2F%2Fhome%2Faddons%2Fplugin.video.specialiststreams%2Ffanart.jpg%26meta%3Dlabel%253DSky%252BSports%252BBox%252Boffice%26winID%3D10025%26_options_sf&quot;)</favourite>
	<favourite name="Renegades 2 WWE Road Block Specialist" thumb="http://spherelogos.ddns.net/repo/logos/WWE%20Network.png">PlayMedia(&quot;plugin://plugin.video.specialiststreams/?action=play&amp;url=%3Csublink%3Eplugin%3A%2F%2Fplugin.video.f4mTester%2F%3Fstreamtype%3DTSDOWNLOADER%26amp%3Burl%3Dhttp%3A%2F%2Fmediaiptv.xyz%3A8000%2Flive%2Fjamesstreams%2Fjames%2F1903.ts%3C%2Fsublink%3E&amp;sf_options=fanart%3Dspecial%3A%2F%2Fhome%2Faddons%2Fplugin.video.specialiststreams%2Ffanart.jpg%26meta%3Dlabel%253DWWE%252BNetwork%26winID%3D10025%26_options_sf&quot;)</favourite>
	<favourite name="Renegades 2 WWE MIC" thumb="http://www.thelogodb.com/images/media/logo/vpwstx1476449246.png">PlayMedia(&quot;plugin://plugin.video.mic/?url=plugin%3A%2F%2Fplugin.video.SportsDevil%2F%3Fmode%3D1%26amp%3Bitem%3Dcatcher%253dstreams%2526url%3Dhttp%3A%2F%2Fwww.shadow-net.org%2Fchannels%2FWWE-Network.html%2526referer%3Dhttp%3A%2F%2Fwww.shadow-net.org%2F&amp;mode=12&amp;iconimage=http%3A%2F%2Fwww.thelogodb.com%2Fimages%2Fmedia%2Flogo%2Fvpwstx1476449246.png&amp;sf_options=fanart%3Dhttp%3A%2F%2Fgamerlimit.com%2Fwp-content%2Fuploads%2F2016%2F04%2Foriginal.jpg%26meta%3Dlabel%253D%25255BCOLOR%252Borange%25255D%252BWWE%252BNetwork%252B%25255B%25252FCOLOR%25255D%2526title%253D%25255BCOLOR%252Borange%25255D%252BWWE%252BNetwork%252B%25255B%25252FCOLOR%25255D%26winID%3D10025%26_options_sf&quot;)</favourite>
	<favourite name="Renegades 2 WWE Mic" thumb="http://www.thelogodb.com/images/media/logo/vpwstx1476449246.png">PlayMedia(&quot;plugin://plugin.video.mic/?url=plugin%3A%2F%2Fplugin.video.f4mTester%2F%3Fstreamtype%3DHLSRETRY%3Bname%3DWWE+Network%26url%3Dhttp%3A%2F%2Fmediaiptv.xyz%3A8000%2Flive%2FGaz%2FGaz%2F1903.m3u8&amp;mode=12&amp;iconimage=http%3A%2F%2Fwww.thelogodb.com%2Fimages%2Fmedia%2Flogo%2Fvpwstx1476449246.png&amp;sf_options=fanart%3Dhttp%3A%2F%2Fgamerlimit.com%2Fwp-content%2Fuploads%2F2016%2F04%2Foriginal.jpg%26meta%3Dlabel%253D%25255BCOLOR%252Borange%25255D%252BWWE%252BNetwork%252B%25255B%25252FCOLOR%25255D%2526title%253D%25255BCOLOR%252Borange%25255D%252BWWE%252BNetwork%252B%25255B%25252FCOLOR%25255D%26winID%3D10025%26_options_sf&quot;)</favourite>
</favourites>