<favourites>
	<favourite name="Renegades 2 - Scottish Cup Final BBC One Scotland" thumb="special://home/addons/plugin.video.iplayerwww/media/bbc_one_scotland_hd.png">PlayMedia(&quot;plugin://plugin.video.iplayerwww/?url=bbc_one_scotland_hd&amp;mode=203&amp;name=BBC+One+Scotland&amp;iconimage=%2Fstorage%2Femulated%2F0%2FAndroid%2Fdata%2Forg.xbmc.ftmc%2Ffiles%2F.ftmc%2Faddons%2Fplugin.video.iplayerwww%2Fmedia%2Fbbc_one_scotland_hd.png&amp;description=&amp;subtitles_url=&amp;logged_in=False&amp;sf_options=meta%3Dlabel%253DBBC%252BOne%252BScotland%2526title%253DBBC%252BOne%252BScotland%26winID%3D10025%26desc%3DListItem.AddonDescription%26_options_sf&quot;)</favourite>
	<favourite name="Renegades 2 -Scottish Cup Final sky sports 1 hd" thumb="DefaultFolder.png">PlayMedia(&quot;plugin://plugin.video.ZemTV-shani/?url=aXBib3g6aHR0cDovL2lwdHZyZXNlbGxlci54eXo6MTIzNC9saXZlL3d3dy5pcHR2cmVzdHJlYW0ubmV0L2VlR1kwVExsVTYvMjU0LnRzfFVzZXItQWdlbnQ9ZnVjaw%3D%3D&amp;mode=11&amp;name=Uk+%7C+sky+sports+1+hd%0D+ipbox&amp;sf_options=meta%3Dlabel%253DUk%252B%25257C%252Bsky%252Bsports%252B1%252Bhd%25250D%252Bipbox%2526title%253DUk%252B%25257C%252Bsky%252Bsports%252B1%252Bhd%25250D%252Bipbox%26winID%3D10025%26desc%3DListItem.AddonDescription%26_options_sf&quot;)</favourite>
	<favourite name="Renegades 2 - Scottish Cup Final" thumb="DefaultVideo.png">PlayMedia(&quot;plugin://plugin.video.ProjectCypher/?url=http%3A%2F%2F193.200.164.134%3A56019%2Flive%2Fonline%2Ftv%2F1760.ts%7CUser-Agent%3DONLINETVCLIENT_X60000_X25000_X4000MEGA_V1770%26amp%3Bmode%3D12&amp;mode=12&amp;sf_options=meta%3Dduration%253D0%2526label%253DCypher%252BMedia%252BUK-Sky%252BSport1%252BHD%2526title%253DCypher%252BMedia%252BUK-Sky%252BSport1%252BHD%26winID%3D10025%26desc%3DListItem.AddonDescription%26_options_sf&quot;)</favourite>
	<favourite name="Renegades 2 - Scottish CUP 1080p" thumb="DefaultVideo.png">PlayMedia(&quot;plugin://plugin.video.ProjectCypher/?url=http%3A%2F%2F193.200.164.134%3A56019%2Flive%2Fonline%2Ftv%2F1764.ts%7CUser-Agent%3DONLINETVCLIENT_X60000_X25000_X4000MEGA_V1770%26amp%3Bmode%3D12&amp;mode=12&amp;sf_options=meta%3Dduration%253D0%2526label%253DCypher%252BMedia%252BUK-Sky%252BSport5%252BHD%2526title%253DCypher%252BMedia%252BUK-Sky%252BSport5%252BHD%26winID%3D10025%26desc%3DListItem.AddonDescription%26_options_sf&quot;)</favourite>
</favourites>