<favourites>
	<favourite name="Renegades 2 - Man Utd / Tottenham" thumb="http://www.thelogodb.com/images/media/logo/upsspx1433379567.png">PlayMedia(&quot;plugin://plugin.video.mic/?url=http%3A%2F%2F199.21.149.125%3A8888%2FUS_TSN_1_HD%2Findex.m3u8&amp;mode=12&amp;iconimage=http%3A%2F%2Fwww.thelogodb.com%2Fimages%2Fmedia%2Flogo%2Fupsspx1433379567.png&amp;sf_options=fanart%3Dhttp%3A%2F%2Fgamerlimit.com%2Fwp-xcontent%2Fuploads%2F2016%2F04%2Foriginal.jpg%26winID%3D10025%26_options_sf&quot;)</favourite>
	<favourite name="Renegades 2 - Man Utd / Tottenham" thumb="DefaultVideo.png">PlayMedia(&quot;plugin://plugin.video.ProjectCypher/?url=http%3A%2F%2Fiptvfree1.com%3A6969%2Flive%2FDjbigant%40gmail.com%2F1Wcc7b3vDG%2F92.ts&amp;mode=12&amp;sf_options=winID%3D10025%26_options_sf&quot;)</favourite>
	<favourite name="Renegades 2 - Man Utd / Tottenham" thumb="http://www.thelogodb.com/images/media/logo/sytpty1433380112.png">PlayMedia(&quot;plugin://plugin.video.mic/?url=http%3A%2F%2F199.21.149.125%3A8888%2FUS_TSN_5_HD%2Findex.m3u8&amp;mode=12&amp;iconimage=http%3A%2F%2Fwww.thelogodb.com%2Fimages%2Fmedia%2Flogo%2Fsytpty1433380112.png&amp;sf_options=fanart%3Dhttp%3A%2F%2Fgamerlimit.com%2Fwp-content%2Fuploads%2F2016%2F04%2Foriginal.jpg%26winID%3D10025%26_options_sf&quot;)</favourite>
	<favourite name="Renegades 2 - Man Utd / Tottenham 1080p" thumb="https://www.thelogodb.com/images/media/logo/vxvtup1434505598.png">PlayMedia(&quot;plugin://plugin.video.mic/?url=http%3A%2F%2F50.7.69.42%3A8899%2FGB%2FUSA%2FNBCSN_HD%2Findex.m3u8&amp;mode=12&amp;iconimage=https%3A%2F%2Fwww.thelogodb.com%2Fimages%2Fmedia%2Flogo%2Fvxvtup1434505598.png&amp;sf_options=fanart%3Dhttp%3A%2F%2Fwww.pngall.com%2Fwp-content%2Fuploads%2F2016%2F05%2FAmerica-Flag-PNG-Picture.png%26winID%3D10025%26_options_sf&quot;)</favourite>
	<favourite name="Renegades 2 - Man Utd vs Middlesborough BT1" thumb="https://www.thelogodb.com/images/media/logo/ruprqp1433360902.png/medium">PlayMedia(&quot;plugin://plugin.video.mic/?url=http%3A%2F%2F199.21.149.125%3A8888%2FUK_BT_SPORTS_1_HD_TRUE%2Findex.m3u8&amp;mode=12&amp;iconimage=https%3A%2F%2Fwww.thelogodb.com%2Fimages%2Fmedia%2Flogo%2Fruprqp1433360902.png%2Fmedium&amp;sf_options=fanart%3Dhttp%3A%2F%2Fwallpapercave.com%2Fwp%2FPaxa7aH.jpg%26winID%3D10025%26_options_sf&quot;)</favourite>
	<favourite name="Renegades 2 - Man Utd / Tottenham" thumb="http://www.thelogodb.com/images/media/logo/ssxtux1433380256.png">PlayMedia(&quot;plugin://plugin.video.mic/?url=http%3A%2F%2F199.21.149.125%3A8888%2FUS_TSN_3_HD%2Findex.m3u8&amp;mode=12&amp;iconimage=http%3A%2F%2Fwww.thelogodb.com%2Fimages%2Fmedia%2Flogo%2Fssxtux1433380256.png&amp;sf_options=fanart%3Dhttp%3A%2F%2Fgamerlimit.com%2Fwp-content%2Fuploads%2F2016%2F04%2Foriginal.jpg%26winID%3D10025%26_options_sf&quot;)</favourite>
	<favourite name="Renegades 2 - Man Utd / Tottenham" thumb="http://www.thelogodb.com/images/media/logo/upsspx1433379567.png">PlayMedia(&quot;plugin://plugin.video.mic/?url=plugin%3A%2F%2Fplugin.video.f4mTester%2F%3Fstreamtype%3DTSDOWNLOADER%26name%3DTSN+1%26url%3Dhttp%3A%2F%2F176.31.231.205%3A8000%2Flive%2Fwhall76%40gmail.com%2Fqwsepbqk%2F138.ts&amp;mode=12&amp;iconimage=http%3A%2F%2Fwww.thelogodb.com%2Fimages%2Fmedia%2Flogo%2Fupsspx1433379567.png&amp;sf_options=fanart%3Dhttp%3A%2F%2Fgamerlimit.com%2Fwp-xcontent%2Fuploads%2F2016%2F04%2Foriginal.jpg%26winID%3D10025%26_options_sf&quot;)</favourite>
	<favourite name="Renegades 2 - Man Utd / Tottenham" thumb="http://www.thelogodb.com/images/media/logo/sytpty1433380112.png">PlayMedia(&quot;plugin://plugin.video.mic/?url=plugin%3A%2F%2Fplugin.video.f4mTester%2F%3Fstreamtype%3DTSDOWNLOADER%26name%3DTSN+5%26url%3Dhttp%3A%2F%2F176.31.231.205%3A8000%2Flive%2Fwhall76%40gmail.com%2Fqwsepbqk%2F142.ts&amp;mode=12&amp;iconimage=http%3A%2F%2Fwww.thelogodb.com%2Fimages%2Fmedia%2Flogo%2Fsytpty1433380112.png&amp;sf_options=fanart%3Dhttp%3A%2F%2Fgamerlimit.com%2Fwp-content%2Fuploads%2F2016%2F04%2Foriginal.jpg%26winID%3D10025%26_options_sf&quot;)</favourite>
	<favourite name="Renegades 2 - Liverpool" thumb="DefaultFolder.png">PlayMedia(&quot;plugin://plugin.video.ZemTV-shani/?url=aXBib3g6aHR0cDovLzE2My4xNzIuODEuMzM6MTIzNC9saXZlL3d3dy5pcHR2cmVzdHJlYW0ubmV0L2VlR1kwVExsVTYvMjU0LnRzfFVzZXItQWdlbnQ9ZnVjazQxMg%3D%3D&amp;mode=11&amp;name=Uk+%7C+sky+sports+1+hd%0D+ipbox&amp;sf_options=winID%3D10025%26_options_sf&quot;)</favourite>
	<favourite name="Renegades 2 - Liverpool" thumb="http://i438.photobucket.com/albums/qq102/krazykraz/SN-ONE.png">PlayMedia(&quot;plugin://plugin.video.mic/?url=plugin%3A%2F%2Fplugin.video.f4mTester%2F%3Fstreamtype%3DTSDOWNLOADER%26name%3DSportsNet+World%26url%3Dhttp%3A%2F%2F176.31.231.205%3A8000%2Flive%2Fwhall76%40gmail.com%2Fqwsepbqk%2F150.ts&amp;mode=12&amp;iconimage=http%3A%2F%2Fi438.photobucket.com%2Falbums%2Fqq102%2Fkrazykraz%2FSN-ONE.png&amp;sf_options=fanart%3Dhttp%3A%2F%2Fi438.photobucket.com%2Falbums%2Fqq102%2Fkrazykraz%2FSportsNetNow.jpg%26winID%3D10025%26_options_sf&quot;)</favourite>
	<favourite name="Renegades 2 - Liverpool" thumb="DefaultFolder.png">PlayMedia(&quot;plugin://plugin.video.ZemTV-shani/?url=aXBib3g6aHR0cDovLzE2My4xNzIuODEuMzM6MTIzNC9saXZlL3d3dy5pcHR2cmVzdHJlYW0ubmV0L2VlR1kwVExsVTYvMzU0LnRzfFVzZXItQWdlbnQ9ZnVjazQxMg%3D%3D&amp;mode=11&amp;name=Mlz%3A+astro+sports+3%0D+ipbox&amp;sf_options=winID%3D10025%26_options_sf&quot;)</favourite>
</favourites>