<favourites>
	<favourite name="Renegades 2 - Everton vs Hull" thumb="http://www.thelogodb.com/images/media/logo/upsspx1433379567.png">PlayMedia(&quot;plugin://plugin.video.mic/?url=http%3A%2F%2F199.21.149.125%3A8888%2FUS_TSN_1_HD%2Findex.m3u8&amp;mode=12&amp;iconimage=http%3A%2F%2Fwww.thelogodb.com%2Fimages%2Fmedia%2Flogo%2Fupsspx1433379567.png&amp;sf_options=fanart%3Dhttp%3A%2F%2Fgamerlimit.com%2Fwp-xcontent%2Fuploads%2F2016%2F04%2Foriginal.jpg%26winID%3D10001%26_options_sf&quot;)</favourite>
	<favourite name="Renegades 2 - Everton vs Hull" thumb="DefaultVideo.png">PlayMedia(&quot;plugin://plugin.video.ProjectCypher/?url=http%3A%2F%2Fiptvfree1.com%3A6969%2Flive%2FDjbigant%40gmail.com%2F1Wcc7b3vDG%2F92.ts&amp;mode=12&amp;sf_options=winID%3D10001%26_options_sf&quot;)</favourite>
	<favourite name="Renegades 2 - Everton vs Hull" thumb="DefaultFolder.png">PlayMedia(&quot;plugin://plugin.video.ZemTV-shani/?url=aXBib3g6aHR0cDovLzE2My4xNzIuODEuMzM6MTIzNC9saXZlL3d3dy5pcHR2cmVzdHJlYW0ubmV0L2VlR1kwVExsVTYvMzg3LnRzfFVzZXItQWdlbnQ9ZnVjazQxMg%3D%3D&amp;mode=11&amp;name=Ar+%7C+bein+sports+7+hd+%3D%3E+http%3A%2F%2Fiptvrestream.net%2F%0D+ipbox&amp;sf_options=winID%3D10001%26_options_sf&quot;)</favourite>
	<favourite name="Renegades 2 - Stoke vs Chelsea" thumb="http://i438.photobucket.com/albums/qq102/krazykraz/SN-ON.png">PlayMedia(&quot;plugin://plugin.video.mic/?url=plugin%3A%2F%2Fplugin.video.f4mTester%2F%3Fstreamtype%3DTSDOWNLOADER%26name%3DSportsNet+Ontario%26url%3Dhttp%3A%2F%2F176.31.231.205%3A8000%2Flive%2Fwhall76%40gmail.com%2Fqwsepbqk%2F148.ts&amp;mode=12&amp;iconimage=http%3A%2F%2Fi438.photobucket.com%2Falbums%2Fqq102%2Fkrazykraz%2FSN-ON.png&amp;sf_options=fanart%3Dhttp%3A%2F%2Fgamerlimit.com%2Fwp-content%2Fuploads%2F2016%2F04%2Foriginal.jpg%26winID%3D10001%26_options_sf&quot;)</favourite>
	<favourite name="Renegades 2 - Stoke vs Chelsea" thumb="DefaultFolder.png">PlayMedia(&quot;plugin://plugin.video.ZemTV-shani/?url=aXBib3g6aHR0cDovLzE2My4xNzIuODEuMzM6MTIzNC9saXZlL3d3dy5pcHR2cmVzdHJlYW0ubmV0L2VlR1kwVExsVTYvMzkyLnRzfFVzZXItQWdlbnQ9ZnVjazQxMg%3D%3D&amp;mode=11&amp;name=Ar+%7C+bein+sports+2+hd+%3D%3E+http%3A%2F%2Fiptvrestream.net%2F%0D+ipbox&amp;sf_options=winID%3D10001%26_options_sf&quot;)</favourite>
	<favourite name="Renegades 2 - Burnley vs Sunderland" thumb="DefaultFolder.png">PlayMedia(&quot;plugin://plugin.video.ZemTV-shani/?url=aXBib3g6aHR0cDovLzE2My4xNzIuODEuMzM6MTIzNC9saXZlL3d3dy5pcHR2cmVzdHJlYW0ubmV0L2VlR1kwVExsVTYvMzg1LnRzfFVzZXItQWdlbnQ9ZnVjazQxMg%3D%3D&amp;mode=11&amp;name=Ar+%7C+bein+sports+9+hd%0D+ipbox&amp;sf_options=winID%3D10001%26_options_sf&quot;)</favourite>
	<favourite name="Renegades 2 - Burnley vs Sunderland" thumb="http://www.thelogodb.com/images/media/logo/sytpty1433380112.png">PlayMedia(&quot;plugin://plugin.video.mic/?url=http%3A%2F%2F199.21.149.125%3A8888%2FUS_TSN_5_HD%2Findex.m3u8&amp;mode=12&amp;iconimage=http%3A%2F%2Fwww.thelogodb.com%2Fimages%2Fmedia%2Flogo%2Fsytpty1433380112.png&amp;sf_options=fanart%3Dhttp%3A%2F%2Fgamerlimit.com%2Fwp-content%2Fuploads%2F2016%2F04%2Foriginal.jpg%26winID%3D10001%26_options_sf&quot;)</favourite>
	<favourite name="Renegades 2 - West Ham vs Leicester" thumb="http://i438.photobucket.com/albums/qq102/krazykraz/SN-ONE.png">PlayMedia(&quot;plugin://plugin.video.mic/?url=plugin%3A%2F%2Fplugin.video.f4mTester%2F%3Fstreamtype%3DTSDOWNLOADER%26name%3DSportsNet+World%26url%3Dhttp%3A%2F%2F176.31.231.205%3A8000%2Flive%2Fwhall76%40gmail.com%2Fqwsepbqk%2F150.ts&amp;mode=12&amp;iconimage=http%3A%2F%2Fi438.photobucket.com%2Falbums%2Fqq102%2Fkrazykraz%2FSN-ONE.png&amp;sf_options=fanart%3Dhttp%3A%2F%2Fi438.photobucket.com%2Falbums%2Fqq102%2Fkrazykraz%2FSportsNetNow.jpg%26winID%3D10001%26_options_sf&quot;)</favourite>
	<favourite name="Renegades 2 - West Ham vs Leicester" thumb="DefaultFolder.png">PlayMedia(&quot;plugin://plugin.video.ZemTV-shani/?url=aXBib3g6aHR0cDovLzE2My4xNzIuODEuMzM6MTIzNC9saXZlL3d3dy5pcHR2cmVzdHJlYW0ubmV0L2VlR1kwVExsVTYvMzg2LnRzfFVzZXItQWdlbnQ9ZnVjazQxMg%3D%3D&amp;mode=11&amp;name=Ar+%7C+bein+sports+8+hd%0D+ipbox&amp;sf_options=winID%3D10001%26_options_sf&quot;)</favourite>
	<favourite name="Renegades 2 - EVERTON VS HULL" thumb="DefaultVideo.png">PlayMedia(&quot;plugin://plugin.video.ProjectCypher/?url=http%3A%2F%2Fiptvfree1.com%3A6969%2Flive%2FDjbigant%40gmail.com%2F1Wcc7b3vDG%2F5162.ts&amp;mode=12&amp;sf_options=winID%3D10001%26_options_sf&quot;)</favourite>
	<favourite name="Renegades 2 - SUNDERLAND VS BURNLEY" thumb="DefaultVideo.png">PlayMedia(&quot;plugin://plugin.video.ProjectCypher/?url=http%3A%2F%2Fiptvfree1.com%3A6969%2Flive%2FDjbigant%40gmail.com%2F1Wcc7b3vDG%2F5164.ts&amp;mode=12&amp;sf_options=winID%3D10001%26_options_sf&quot;)</favourite>
	<favourite name="Renegades 2 - WEST HAM VS LEICESTER" thumb="DefaultVideo.png">PlayMedia(&quot;plugin://plugin.video.ProjectCypher/?url=http%3A%2F%2Fiptvfree1.com%3A6969%2Flive%2FDjbigant%40gmail.com%2F1Wcc7b3vDG%2F5165.ts&amp;mode=12&amp;sf_options=winID%3D10001%26_options_sf&quot;)</favourite>
	<favourite name="Renegades 2 - Palace vs Watford" thumb="DefaultVideo.png">PlayMedia(&quot;plugin://plugin.video.ProjectCypher/?url=http%3A%2F%2Fiptvfree1.com%3A6969%2Flive%2FDjbigant%40gmail.com%2F1Wcc7b3vDG%2F5163.ts&amp;mode=12&amp;sf_options=winID%3D10001%26_options_sf&quot;)</favourite>
</favourites>