<favourites>
	<favourite name="Renegades 2 - INDY 500 SD" thumb="DefaultVideo.png">PlayMedia(&quot;plugin://plugin.video.ProjectCypher/?url=http%3A%2F%2F193.200.164.134%3A56019%2Flive%2Fonline%2Ftv%2F1697.ts%7CUser-Agent%3DONLINETVCLIENT_X60000_X25000_X4000MEGA_V1770%26amp%3Bmode%3D12&amp;mode=12&amp;sf_options=meta%3Dduration%253D0%2526label%253DCypher%252BMedia%252BUK-BT%252BSport%252BESPN%2526title%253DCypher%252BMedia%252BUK-BT%252BSport%252BESPN%26winID%3D10025%26desc%3DListItem.AddonDescription%26_options_sf&quot;)</favourite>
	<favourite name="Renegades 2 - INDY 500HD" thumb="http://www.sportstravel.com/cached/_images/smartcrop/340x190/93ac76081c88ca3831c33b2ed99b5c3c/2017-indy-500-9837.jpg">PlayMedia(&quot;plugin://plugin.video.mic/?url=plugin%3A%2F%2Fplugin.video.mic%2F%3Furl%3D%2524doregex%255BgetUrl%255D%257CUser-Agent%253DiPad%26mode%3D17%26regexs%3D%257Bu%2527getUrl%2527%253A%2520%257B%2527expres%2527%253A%2520u%2527%2523%2524pyFunction%255Cr%255Cnimport%2520re%252C%2520requests%255Cr%255Cndef%2520GetLSProData%2528page_data%252CCookie_Jar%252Cm%252C%2529%253A%255Cr%255Cn%2520first_ip%2520%253D%2520re.findall%2528%2522x_first_ip.%252B%253F%255C%2527%2528.%252A%253F%2529%255C%2527%2522%252C%2520page_data%2529%255B0%255D%255Cr%255Cn%2520first_c%2520%253D%2520re.findall%2528%2522x_first_c.%252B%253F%255C%2527%2528.%252A%253F%2529%255C%2527%2522%252C%2520page_data%2529%255B0%255D%255Cr%255Cn%2520ket2%2520%253D%2520re.findall%2528%2522ket2.%252B%253F%255C%2527%2528.%252A%253F%2529%255C%2527%2522%252C%2520page_data%2529%255B0%255D%255Cr%255Cn%2520first_ua%2520%253D%2520re.findall%2528%2522x_first_ua.%252B%253F%255C%2527%2528.%252A%253F%2529%255C%2527%2522%252C%2520page_data%2529%255B0%255D%255Cr%255Cn%2520preurl%2520%253D%2520%255C%2527http%253A%2F%2Ftmg.ustreamix.com%2F%255C%2527%2520%2520%2520%2523%2520here%2520is%2520the%2520server%2520url%2520which%2520changed%2520most%2520of%2520time%255Cr%255Cn%2520url%2520%253D%2520preurl%2520%252B%2520%255C%2527stats.php%253Fp%253D%255C%2527%2520%252B%2520first_ip%2520%252B%2520%255C%2527%2526C%253D%255C%2527%2520%252B%2520first_c%2520%252B%2520%255C%2527%2526Ket%253D%255C%2527%2520%252B%2520ket2%255Cr%255Cn%2520source%2520%253D%2520requests.get%2528url%252C%2520headers%2520%253D%2520%257B%255C%2527Referer%255C%2527%253A%2520%255C%2527https%253A%2F%2Fbeta.ustreamix.com%2F%2Fstream.php%253Fid%253Dsportsnet-one%255C%2527%252C%2520%255C%2527User-Agent%255C%2527%253A%2520first_ua%252C%2520%255C%2527Accept%255C%2527%253A%2520%255C%2527%252A%2F%252A%255C%2527%257D%2529.text%255Cr%255Cn%2520tok%2520%253D%2520re.findall%2528%255C%2527var%2520jdtk%253D%2522%2528.%252A%253F%2529%2522%255C%2527%252C%2520source%2529%255B0%255D%255Cr%255Cn%2520return%2520preurl%2520%252B%2520%255C%2527tmg.m3u8%253F%255C%2527%2520%252B%2520%255C%2527%2Fstream.php%253Fid%253Dsportsnet-one%255C%2527%2520%252B%2520%255C%2527%2526token%253D%255C%2527%2520%252B%2520tok%255Cr%255Cn%2527%252C%2520%2527cookiejar%2527%253A%2520%2527%2527%252C%2520%2527name%2527%253A%2520u%2527getUrl%2527%252C%2520%2527agent%2527%253A%2520u%2527Mozilla%2F5.0%2520%2528X11%253B%2520Linux%2520i686%253B%2520rv%253A44.0%2529%2520Gecko%2F20100101%2520Firefox%2F44.0%2520Iceweasel%2F44.0%2527%252C%2520%2527page%2527%253A%2520u%2527https%253A%2F%2Fbeta.ustreamix.com%2F%2Fstream.php%253Fid%253Dsportsnet-one%2527%257D%257D&amp;mode=12&amp;iconimage=http%3A%2F%2Fwww.sportstravel.com%2Fcached%2F_images%2Fsmartcrop%2F340x190%2F93ac76081c88ca3831c33b2ed99b5c3c%2F2017-indy-500-9837.jpg&amp;sf_options=fanart%3Dhttps%3A%2F%2Fwww.indianapolismotorspeedway.com%2F%7E%2Fmedia%2Fims%2Farticle-images%2F2015%2F05%2F27%2F11%2F44%2F2015_startv1_1600x800.jpg%26meta%3Dduration%253D0%2526label%253DINDY%252B500%252B-%252BHD%252B-%252BSPORTSNET%26winID%3D10025%26desc%3DListItem.AddonDescription%26_options_sf&quot;)</favourite>
	<favourite name="Renegades 2 - INDY500" thumb="DefaultVideo.png">PlayMedia(&quot;plugin://plugin.video.ProjectCypher/?url=plugin%3A%2F%2Fplugin.video.f4mTester%2F%3Fstreamtype%3DTSDOWNLOADER%26url%3Dhttp%3A%2F%2Fdreamlord.tk%3A5454%2Flive%2Fricciskyline%40yahoo.co.uk%2Fw6u9HS7t7r%2F17556.ts&amp;mode=12&amp;sf_options=meta%3Dlabel%253D620%252B-%252BSPORTS%252BNET%252BONE%252BHD%2526title%253D620%252B-%252BSPORTS%252BNET%252BONE%252BHD%26winID%3D10025%26desc%3DListItem.AddonDescription%26_options_sf&quot;)</favourite>
	<favourite name="Renegades 2 - INDY500" thumb="http://sport.bt.com/s/assets/ucl/images/btsportespn.png">PlayMedia(&quot;plugin://plugin.video.sanctuary/?url=plugin%3A%2F%2Fplugin.video.SportsDevil%2F%3Fmode%3D1%26amp%3Bitem%3Dcatcher%253dstreams%2526url%3Dhttp%3A%2F%2Fwww.shadow-net.org%2Fchannels%2FBT-Sport-ESPN.html%2526referer%3Dhttp%3A%2F%2Fwww.shadow-net.org%2Fchannels%2FBT-Sport-ESPN.html&amp;mode=1112&amp;sf_options=fanart%3Dhttp%3A%2F%2Fstephen-builds.uk%2Fart%2Ffanart.jpg.png%26meta%3Dlabel%253D%25255BCOLOR%252Baqua%25255DBT%252BSport%252BESPN%25255B%25252FCOLOR%25255D%2526title%253D%25255BCOLOR%252Baqua%25255DBT%252BSport%252BESPN%25255B%25252FCOLOR%25255D%26winID%3D10025%26desc%3DListItem.AddonDescription%26_options_sf&quot;)</favourite>
	<favourite name="Renegades 2 - [COLOR lightyellow]Sportsnet 360 / sn360[/COLOR] [COLOR dodgerblue](Live now: 2017 Indianapolis 500)[/COLOR]" thumb="DefaultVideo.png">PlayMedia(&quot;plugin://plugin.video.mic/?url=%24doregex%5BgetUrl%5D%7CUser-Agent%3DiPad&amp;mode=17&amp;regexs=%7Bu%27getUrl%27%3A%20%7B%27expres%27%3A%20u%27%23%24pyFunction%5Cr%5Cnimport%20re%2C%20requests%5Cr%5Cndef%20GetLSProData%28page_data%2CCookie_Jar%2Cm%2C%29%3A%5Cr%5Cn%20first_ip%20%3D%20re.findall%28%22x_first_ip.%2B%3F%5C%27%28.%2A%3F%29%5C%27%22%2C%20page_data%29%5B0%5D%5Cr%5Cn%20first_c%20%3D%20re.findall%28%22x_first_c.%2B%3F%5C%27%28.%2A%3F%29%5C%27%22%2C%20page_data%29%5B0%5D%5Cr%5Cn%20ket2%20%3D%20re.findall%28%22ket2.%2B%3F%5C%27%28.%2A%3F%29%5C%27%22%2C%20page_data%29%5B0%5D%5Cr%5Cn%20first_ua%20%3D%20re.findall%28%22x_first_ua.%2B%3F%5C%27%28.%2A%3F%29%5C%27%22%2C%20page_data%29%5B0%5D%5Cr%5Cn%20preurl%20%3D%20%5C%27http%3A//tmg.ustreamix.com/%5C%27%20%20%20%23%20here%20is%20the%20server%20url%20which%20changed%20most%20of%20time%5Cr%5Cn%20url%20%3D%20preurl%20%2B%20%5C%27stats.php%3Fp%3D%5C%27%20%2B%20first_ip%20%2B%20%5C%27%26C%3D%5C%27%20%2B%20first_c%20%2B%20%5C%27%26Ket%3D%5C%27%20%2B%20ket2%5Cr%5Cn%20source%20%3D%20requests.get%28url%2C%20headers%20%3D%20%7B%5C%27Referer%5C%27%3A%20%5C%27https%3A//beta.ustreamix.com//stream.php%3Fid%3Dsportsnet-360%5C%27%2C%20%5C%27User-Agent%5C%27%3A%20first_ua%2C%20%5C%27Accept%5C%27%3A%20%5C%27%2A/%2A%5C%27%7D%29.text%5Cr%5Cn%20tok%20%3D%20re.findall%28%5C%27var%20jdtk%3D%22%28.%2A%3F%29%22%5C%27%2C%20source%29%5B0%5D%5Cr%5Cn%20return%20preurl%20%2B%20%5C%27tmg.m3u8%3F%5C%27%20%2B%20%5C%27/stream.php%3Fid%3Dsportsnet-360%5C%27%20%2B%20%5C%27%26token%3D%5C%27%20%2B%20tok%5Cr%5Cn%27%2C%20%27cookiejar%27%3A%20%27%27%2C%20%27name%27%3A%20u%27getUrl%27%2C%20%27agent%27%3A%20u%27Mozilla/5.0%20%28X11%3B%20Linux%20i686%3B%20rv%3A44.0%29%20Gecko/20100101%20Firefox/44.0%20Iceweasel/44.0%27%2C%20%27page%27%3A%20u%27https%3A//beta.ustreamix.com//stream.php%3Fid%3Dsportsnet-360%27%7D%7D&amp;sf_options=meta%3Dduration%253D0%2526label%253D%25255BCOLOR%252Blightyellow%25255DSportsnet%252B360%252B%25252F%252Bsn360%25255B%25252FCOLOR%25255D%252B%25255BCOLOR%252Bdodgerblue%25255D%252528Live%252Bnow%25253A%252B2017%252BIndianapolis%252B500%252529%25255B%25252FCOLOR%25255D%26winID%3D10025%26desc%3DListItem.AddonDescription%26_options_sf&quot;)</favourite>
</favourites>