<favourites>
	<favourite name="Renegades 2 FC Basel - Arsenal FC" thumb="DefaultFolder.png">PlayMedia(&quot;plugin://plugin.video.ZemTV-shani/?url=&amp;mode=0&amp;name=%5BN%2FA%5D%5BCOLOR+blue%5DSoccer+%3A+19%3A45+%3A+%5BCOLOR+orange%5D%5BEnglish%5D%5B%2FCOLOR%5DFC+Basel+-+Arsenal+FC%5B%2FCOLOR%5D&amp;sf_options=winID%3D10001%26_options_sf&quot;)</favourite>
	<favourite name="Renegades 2 Manchester City - Celtic FC" thumb="DefaultFolder.png">PlayMedia(&quot;plugin://plugin.video.ZemTV-shani/?url=&amp;mode=0&amp;name=%5BN%2FA%5D%5BCOLOR+blue%5DSoccer+%3A+19%3A45+%3A+%5BCOLOR+orange%5D%5BEnglish%5D%5B%2FCOLOR%5DManchester+City+-+Celtic+FC%5B%2FCOLOR%5D&amp;sf_options=winID%3D10001%26_options_sf&quot;)</favourite>
	<favourite name="Renegades 2 Paris Saint-Germain FC - PFC Ludogorets Razgrad" thumb="DefaultFolder.png">PlayMedia(&quot;plugin://plugin.video.ZemTV-shani/?url=&amp;mode=0&amp;name=%5BN%2FA%5D%5BCOLOR+blue%5DSoccer+%3A+19%3A45+%3A+%5BCOLOR+orange%5D%5BEnglish%5D%5B%2FCOLOR%5DParis+Saint-Germain+FC+-+PFC+Ludogorets+Razgrad%5B%2FCOLOR%5D&amp;sf_options=winID%3D10001%26_options_sf&quot;)</favourite>
	<favourite name="Renegades 2 League vs Simulcast" thumb="http://mamahd.com/images/leagues/131.png">PlayMedia(&quot;plugin://plugin.video.ZemTV-shani/?url=bWFtYWhkOmh0dHA6Ly9tYW1haGQuY29tL2NoYW1waW9ucy1sZWFndWUtbGl2ZS1zdHJlYW0tMS5odG1s&amp;mode=11&amp;name=UEFA+Champions+League+vs+Simulcast%5BCOLOR+red%5D%0ALIVE+in+5+Hrs%5B%2FCOLOR%5D&amp;sf_options=winID%3D10001%26_options_sf&quot;)</favourite>
	<favourite name="Renegades 2 PSV vs Rostov" thumb="http://mamahd.com/images/leagues/131.png">PlayMedia(&quot;plugin://plugin.video.ZemTV-shani/?url=bWFtYWhkOmh0dHA6Ly9tYW1haGQuY29tL2Zvb3RiYWxsLWxpdmUtc3RyZWFtaW5nLW9ubGluZS1mb3ItZnJlZV9jaGFtcGlvbnMtbGVhZ3VlLWxpdmUtc3RyZWFtXzc2MTNfd2F0Y2gtbGl2ZS1wc3YtdnMtcm9zdG92LTEuaHRtbA%3D%3D&amp;mode=11&amp;name=PSV+vs+Rostov%5BCOLOR+red%5D%0ALIVE+in+5+Hrs%5B%2FCOLOR%5D&amp;sf_options=winID%3D10001%26_options_sf&quot;)</favourite>
	<favourite name="Renegades 2 Bayern Munich vs Athletico Madrid" thumb="http://mamahd.com/images/leagues/131.png">PlayMedia(&quot;plugin://plugin.video.ZemTV-shani/?url=bWFtYWhkOmh0dHA6Ly9tYW1haGQuY29tL2JheWVybi1tdW5pY2gtbGl2ZS1zdHJlYW0tMS5odG1s&amp;mode=11&amp;name=Bayern+Munich+vs+Athletico+Madrid%5BCOLOR+red%5D%0ALIVE+in+5+Hrs%5B%2FCOLOR%5D&amp;sf_options=winID%3D10001%26_options_sf&quot;)</favourite>
	<favourite name="Renegades 2 Manchester City vs Celtic" thumb="http://mamahd.com/images/leagues/131.png">PlayMedia(&quot;plugin://plugin.video.ZemTV-shani/?url=bWFtYWhkOmh0dHA6Ly9tYW1haGQuY29tL21hbi1jaXR5LWxpdmUtc3RyZWFtaW5nLTEuaHRtbA%3D%3D&amp;mode=11&amp;name=Manchester+City+vs+Celtic%5BCOLOR+red%5D%0ALIVE+in+5+Hrs%5B%2FCOLOR%5D&amp;sf_options=winID%3D10001%26_options_sf&quot;)</favourite>
	<favourite name="Renegades 2 PSG vs Ludogorets Razgrad" thumb="http://mamahd.com/images/leagues/131.png">PlayMedia(&quot;plugin://plugin.video.ZemTV-shani/?url=bWFtYWhkOmh0dHA6Ly9tYW1haGQuY29tL3BhcmlzLXN0LWdlcm1haW4tbGl2ZS1zdHJlYW0xLTEuaHRtbA%3D%3D&amp;mode=11&amp;name=PSG+vs+Ludogorets+Razgrad%5BCOLOR+red%5D%0ALIVE+in+5+Hrs%5B%2FCOLOR%5D&amp;sf_options=winID%3D10001%26_options_sf&quot;)</favourite>
	<favourite name="Renegades 2 Basel vs Arsenal" thumb="http://mamahd.com/images/leagues/131.png">PlayMedia(&quot;plugin://plugin.video.ZemTV-shani/?url=bWFtYWhkOmh0dHA6Ly9tYW1haGQuY29tL2Fyc2VuYWwtbGl2ZS1zdHJlYW0xLTEuaHRtbA%3D%3D&amp;mode=11&amp;name=Basel+vs+Arsenal%5BCOLOR+red%5D%0ALIVE+in+5+Hrs%5B%2FCOLOR%5D&amp;sf_options=winID%3D10001%26_options_sf&quot;)</favourite>
	<favourite name="Renegades 2 FC Barcelona vs Monchengladbach" thumb="http://mamahd.com/images/leagues/131.png">PlayMedia(&quot;plugin://plugin.video.ZemTV-shani/?url=bWFtYWhkOmh0dHA6Ly9tYW1haGQuY29tL2JhcmNlbG9uYS1saXZlLXN0cmVhbTItMS5odG1s&amp;mode=11&amp;name=FC+Barcelona+vs+Monchengladbach%5BCOLOR+red%5D%0ALIVE+in+5+Hrs%5B%2FCOLOR%5D&amp;sf_options=winID%3D10001%26_options_sf&quot;)</favourite>
	<favourite name="Renegades 2 Deportivo La Coruna vs Real Socieda" thumb="/images/icons/football.png">PlayMedia(&quot;plugin://plugin.video.ZemTV-shani/?url=c3RyZWFtaGQ6aHR0cDovL3d3dy5zdHJlYW1oZC5ldS9mb290YmFsbC9kZXBvcnRpdm8tbGEtY29ydW5hLXZzLXJlYWwtc29jaWVkYWQtbGl2ZS1zdHJlYW0tMTk4LnBocA%3D%3D&amp;mode=11&amp;name=%5BCOLOR+green%5D+19%3A45+GMT%5B%2FCOLOR%5D%3A+%5BCOLOR+red%5D+Football%5B%2FCOLOR%5D++%0A+Deportivo+La+Coruna+vs+Real+Sociedad+&amp;sf_options=winID%3D10001%26_options_sf&quot;)</favourite>
</favourites>