<favourites>
	<favourite name="Renegades 2 - Palace" thumb="http://www.thelogodb.com/images/media/logo/upsspx1433379567.png">PlayMedia(&quot;plugin://plugin.video.mic/?url=http%3A%2F%2F163.172.81.33%3A1234%2Flive%2Fwww.iptvrestream.net%2FeeGY0TLlU6%2F313.ts%7CUser-Agent%3Diptvrestream.net&amp;mode=12&amp;iconimage=http%3A%2F%2Fwww.thelogodb.com%2Fimages%2Fmedia%2Flogo%2Fupsspx1433379567.png&amp;sf_options=fanart%3Dhttp%3A%2F%2Fgamerlimit.com%2Fwp-xcontent%2Fuploads%2F2016%2F04%2Foriginal.jpg%26winID%3D10025%26_options_sf&quot;)</favourite>
	<favourite name="Renegades 2 - Palace" thumb="http://www.thelogodb.com/images/media/logo/upsspx1433379567.png">PlayMedia(&quot;plugin://plugin.video.mic/?url=plugin%3A%2F%2Fprogram.plexus%2F%3Furl%3Dacestream%253A%252F%252F4e5abe370e1bfa45a5d8dfb510431b662ab90225%26mode%3D1%26name%3DTSN+1&amp;mode=12&amp;iconimage=http%3A%2F%2Fwww.thelogodb.com%2Fimages%2Fmedia%2Flogo%2Fupsspx1433379567.png&amp;sf_options=fanart%3Dhttps%3A%2F%2Fi.ytimg.com%2Fvi%2F3uHHtwFjm3g%2Fmaxresdefault.jpg%26winID%3D10025%26_options_sf&quot;)</favourite>
	<favourite name="Renegades 2 - Palace 720p NJM" thumb="http://i64.tinypic.com/29gyoo.png">PlayMedia(&quot;plugin://plugin.video.NJMSoccer/?url=plugin%3A%2F%2Fplugin.video.SportsDevil%2F%3Fmode%3D1%26amp%3Bitem%3Dcatcher%253dstreams%2526url%3Dhttp%3A%2F%2Fwww.247hd.info%2Fhd%2Fhd6.php%2526referer%3Dhttp%3A%2F%2Fwww.247hd.info%2Fhd%2Fhd6.php&amp;mode=12&amp;sf_options=fanart%3Dhttp%3A%2F%2Fi64.tinypic.com%2F29gyoo.png%26winID%3D10025%26_options_sf&quot;)</favourite>
	<favourite name="Renegades 3 - Mon Foot ACE1 8pm" thumb="https://i.ytimg.com/vi/Lxv5YiumGdI/maxresdefault.jpg">PlayMedia(&quot;plugin://plugin.video.NJMSoccer/?url=plugin%3A%2F%2Fprogram.plexus%2F%3Fmode%3D1%26url%3Dacestream%3A%2F%2F2afed8296d3e093bd513df41bb6c47dd29331b55%26name%3DMy%2Bacestream%2Bchannel&amp;mode=12&amp;sf_options=fanart%3Dhttps%3A%2F%2Fi.ytimg.com%2Fvi%2FLxv5YiumGdI%2Fmaxresdefault.jpg%26winID%3D10025%26_options_sf&quot;)</favourite>
	<favourite name="Renegades 2 - Palace ACE2" thumb="https://i.ytimg.com/vi/Lxv5YiumGdI/maxresdefault.jpg">PlayMedia(&quot;plugin://plugin.video.NJMSoccer/?url=plugin%3A%2F%2Fprogram.plexus%2F%3Fmode%3D1%26url%3Dacestream%3A%2F%2Fa9b9995d03479772da9ac3fd8c639adfcb8d3a51%26name%3DMy%2Bacestream%2Bchannel&amp;mode=12&amp;sf_options=fanart%3Dhttps%3A%2F%2Fi.ytimg.com%2Fvi%2FLxv5YiumGdI%2Fmaxresdefault.jpg%26winID%3D10025%26_options_sf&quot;)</favourite>
	<favourite name="Renegades 2 - Palace EVOLVE 720P" thumb="http://icons.iconarchive.com/icons/custom-icon-design/pretty-office-6/256/football-icon.png">PlayMedia(&quot;plugin://plugin.video.Evolve/?url=plugin%3A%2F%2Fplugin.video.SportsDevil%2F%3Fmode%3D1%26amp%3Bitem%3Dcatcher%253dstreams%2526url%3Dhttp%3A%2F%2Fwww.247hd.info%2Fhd2.php&amp;mode=16&amp;name=%5BB%5D%5BCOLOR+orange%5DTottenham+Hotspur+vs+Bournemouth+12.30%5B%2FCOLOR%5D%5B%2FB%5D&amp;description=&amp;fanart=http%3A%2F%2Fi.imgur.com%2FZgICDMW.jpg&amp;iconimage=http%3A%2F%2Ficons.iconarchive.com%2Ficons%2Fcustom-icon-design%2Fpretty-office-6%2F256%2Ffootball-icon.png&amp;sf_options=fanart%3Dhttp%3A%2F%2Fi.imgur.com%2FZgICDMW.jpg%26winID%3D10025%26_options_sf&quot;)</favourite>
</favourites>