<favourites>
	<favourite name="Renegades 8 [COLOR yellow][B]ENGLISH[/B][/COLOR] David Haye v Tony Bellew [COLOR yellow][B]*Acestream[/B][/COLOR] NJM" thumb="http://img0.cfstatic.com/wallpapers/f36c1ef92fbb2e97dcfb2f4b6e6e8044_large.jpeg">PlayMedia(&quot;plugin://plugin.video.NJMSoccer/?url=plugin%3A%2F%2Fprogram.plexus%2F%3Fmode%3D1%26url%3Dacestream%3A%2F%2Fb3359b97e5da757c62614c51e016a33433af56b5%26name%3DMy%2Bacestream%2Bchannel&amp;mode=12&amp;sf_options=fanart%3Dhttp%3A%2F%2Fimg0.cfstatic.com%2Fwallpapers%2Ff36c1ef92fbb2e97dcfb2f4b6e6e8044_large.jpeg%26winID%3D10025%26_options_sf&quot;)</favourite>
	<favourite name="Renegades 8 - David Haye vs. Tony Bellew - MIC SD" thumb="http://www.theo2.co.uk/assets/img/DavidHaye_Tickets_Small-aea1115180.jpg">PlayMedia(&quot;plugin://plugin.video.mic/?url=http%3A%2F%2Fmcdn-play-358.5centscdn.net%2Fskyppvextv%2F5c6d78cffa59e129f040fcec2d788532.sdp%2Findex.m3u8&amp;mode=12&amp;iconimage=http%3A%2F%2Fwww.theo2.co.uk%2Fassets%2Fimg%2FDavidHaye_Tickets_Small-aea1115180.jpg&amp;sf_options=fanart%3Dhttp%3A%2F%2Fvideo.skysports.com%2FVrZTU1YTE6pJaa9n606RfVCC23ffwoEC%2Fpromo312818779%26winID%3D10025%26_options_sf&quot;)</favourite>
	<favourite name="Renegades 8 - David Haye vs. Tony Bellew - MIC SD" thumb="http://www.theo2.co.uk/assets/img/DavidHaye_Tickets_Small-aea1115180.jpg">PlayMedia(&quot;plugin://plugin.video.mic/?url=plugin%3A%2F%2Fplugin.video.f4mTester%2F%3Fstreamtype%3DHLSRETRY%26name%3DDavid+Haye+vs.+Tony+Bellew+-+Heavyweight+Fight%26url%3Dhttp%3A%2F%2Fmcdn-play-358.5centscdn.net%2Fskyppvextv%2F5c6d78cffa59e129f040fcec2d788532.sdp%2Findex.m3u8&amp;mode=12&amp;iconimage=http%3A%2F%2Fwww.theo2.co.uk%2Fassets%2Fimg%2FDavidHaye_Tickets_Small-aea1115180.jpg&amp;sf_options=fanart%3Dhttp%3A%2F%2Fvideo.skysports.com%2FVrZTU1YTE6pJaa9n606RfVCC23ffwoEC%2Fpromo312818779%26winID%3D10025%26_options_sf&quot;)</favourite>
	<favourite name="Renegades 8 - Robocops PPV BOXING(DIRECT STREAM)SD" thumb="DefaultVideo.png">PlayMedia(&quot;plugin://plugin.video.ProjectCypher/?url=http%3A%2F%2Fks-i.akamaihd.net%2Fhls%2Flive%2F265198%2Findex%2Findex-360.m3u8%7CX-Forwarded-For%3D197.232.46.33&amp;mode=12&amp;sf_options=winID%3D10025%26_options_sf&quot;)</favourite>
	<favourite name="Renegades 8 - Robocops PPV BOXING(DIRECT STREAM)HD" thumb="DefaultVideo.png">PlayMedia(&quot;plugin://plugin.video.ProjectCypher/?url=http%3A%2F%2Fks-i.akamaihd.net%2Fhls%2Flive%2F265198%2Findex%2Findex.m3u8%7CX-Forwarded-For%3D197.232.46.33&amp;mode=12&amp;sf_options=winID%3D10025%26_options_sf&quot;)</favourite>
	<favourite name="Renegades 8 - Robocops PPV BOXING(DIRECT STREAM)HD" thumb="DefaultVideo.png">PlayMedia(&quot;plugin://plugin.video.ProjectCypher/?url=http%3A%2F%2Fks-i.akamaihd.net%2Fhls%2Flive%2F265198%2Findex%2Findex-576.m3u8%7CX-Forwarded-For%3D197.232.46.33&amp;mode=12&amp;sf_options=winID%3D10025%26_options_sf&quot;)</favourite>
	<favourite name="Renegades 8 - Cypher Media SKYSPORTSBOXOFFICE SD" thumb="DefaultVideo.png">PlayMedia(&quot;plugin://plugin.video.ProjectCypher/?url=http%3A%2F%2Fmcdn-play-358.5centscdn.net%2Fskyppvextv%2F5c6d78cffa59e129f040fcec2d788532.sdp%2Findex.m3u8&amp;mode=12&amp;sf_options=winID%3D10025%26_options_sf&quot;)</favourite>
	<favourite name="Renegades 8 - Cypher Media SKYSPORTSBOXOFFICE HD" thumb="DefaultVideo.png">PlayMedia(&quot;plugin://plugin.video.ProjectCypher/?url=https%3A%2F%2Fperiscope-prod-eu-central-1.global.ssl.fastly.net%2Fvidmanlive%2F-0AVf_8l1GgdihsMNXI-5U7LdkyEJn9ZMUSpc3JrEGFc2u1PaemOFSa9nE9mOBa75SbftfYIoa047yCx1AElqw%2Fplaylist.m3u8&amp;mode=12&amp;sf_options=winID%3D10025%26_options_sf&quot;)</favourite>
	<favourite name="Renegades 8 - Robocops PPV BOXING(DIRECT STREAM)HD NEW" thumb="DefaultVideo.png">PlayMedia(&quot;plugin://plugin.video.ProjectCypher/?url=http%3A%2F%2Fks2-i.akamaihd.net%2Fhls%2Flive%2F267343%2Findex%2Findex.m3u8%7CX-Forwarded-For%3D197.232.46.33&amp;mode=12&amp;sf_options=winID%3D10025%26_options_sf&quot;)</favourite>
</favourites>