<favourites>
	<favourite name="FC BARCELONA-MANCHESTER -ACE" thumb=" ">PlayMedia(&quot;plugin://program.plexus/?mode=1&amp;url=acestream://eaacaabd3300d5631f0f1e5dac73c3f6c2d0ba8a&amp;name=VIDTIME&amp;sf_options=fanart%3Dhttp%3A%2F%2Fs5.postimg.org%2Fk44hcn1c7%2FLivewall.jpg%26winID%3D10025%26_options_sf&quot;)</favourite>
	<favourite name="Renegades 8 [COLOR yellow]10:00 SOCCER: FC BARCELONA-MANCHESTER CITY[COLOR limegreen]/SOPCAST[COLOR blue]EST[/COLOR]" thumb=" ">PlayMedia(&quot;plugin://program.plexus/?mode=2&amp;url=sop://broker./SOPCAST.com:3912/262493&amp;sf_options=fanart%3Dhttp%3A%2F%2Fs5.postimg.org%2Fk44hcn1c7%2FLivewall.jpg%26winID%3D10025%26_options_sf&quot;)</favourite>
	<favourite name="Renegades 8 FC BARCELONA-MANCHESTER" thumb=" ">PlayMedia(&quot;plugin://program.plexus/?mode=2&amp;url=sop://broker./SOPCAST.com:3912/262499&amp;sf_options=fanart%3Dhttp%3A%2F%2Fs5.postimg.org%2Fk44hcn1c7%2FLivewall.jpg%26winID%3D10025%26_options_sf&quot;)</favourite>
	<favourite name="Renegades 8 19:45 Barcelona v Man City [Acestream] Bloodzeed" thumb="http://thevoice-fuerteventura.com/directory/wp-content/uploads/2014/07/keep-calm-live-football-shown-here-2.png">PlayMedia(&quot;plugin://plugin.video.NJMSoccer/?url=plugin%3A%2F%2Fprogram.plexus%2F%3Fmode%3D1%26url%3Dacestream%3A%2F%2F42fe51591598d905ab011a9c8339150f8391dfa7%26name%3DMy%2Bacestream%2Bchannel&amp;mode=12&amp;sf_options=fanart%3Dhttp%3A%2F%2Fthevoice-fuerteventura.com%2Fdirectory%2Fwp-content%2Fuploads%2F2014%2F07%2Fkeep-calm-live-football-shown-here-2.png%26winID%3D10025%26_options_sf&quot;)</favourite>
	<favourite name="Renegades 8 19:45 Barcelona v Man City 720p" thumb="http://thevoice-fuerteventura.com/directory/wp-content/uploads/2014/07/keep-calm-live-football-shown-here-2.png">PlayMedia(&quot;plugin://plugin.video.NJMSoccer/?url=http%3A%2F%2F46.166.162.35%3A9090%2Fload%2Fb0922f3fa8aa%2F55.m3u8&amp;mode=12&amp;sf_options=fanart%3Dhttp%3A%2F%2Fthevoice-fuerteventura.com%2Fdirectory%2Fwp-content%2Fuploads%2F2014%2F07%2Fkeep-calm-live-football-shown-here-2.png%26winID%3D10025%26_options_sf&quot;)</favourite>
	<favourite name="Renegades 4 720p" thumb="http://vps.oblivionbuilds.com/Oblivionlogo.png">PlayMedia(&quot;plugin://plugin.video.OblivionStreams/?url=http%3A%2F%2F46.166.162.35%3A9090%2Fload%2Fb0922f3fa8aa%2F55.m3u8&amp;mode=12&amp;sf_options=winID%3D10025%26_options_sf&quot;)</favourite>
	<favourite name="Renegades 8 1080p" thumb="http://vps.oblivionbuilds.com/Oblivionlogo.png">PlayMedia(&quot;plugin://plugin.video.OblivionStreams/?url=plugin%3A%2F%2Fplugin.video.f4mTester%2F%3Fstreamtype%3DTSDOWNLOADER%26amp%3Burl%3Dhttp%3A%2F%2Froot-iptv.is-found.org%3A25461%2Flive%2FzJyBiulPMV%2FAvxs812Ff9%2F2674.ts%3Bname%3DOblivion+TV&amp;mode=12&amp;sf_options=winID%3D10025%26_options_sf&quot;)</favourite>
	<favourite name="Renegades 8" thumb="DefaultVideo.png">PlayMedia(&quot;plugin://plugin.video.bulldogstreams/?url=http%3A%2F%2Ft1-btsport-live-hls-prod.akamaized.net%2Fout%2Fu%2Fbts2%2F643_6.m3u8%3Fhdnea%3Dst%3D1474801817%7Eexp%3D1477393817%7Eacl%3D%2F%2A%7Ehmac%3D1ca545eb72dc1d018c9b750cd678b59eca1c76b115c62b464ff329607c0f7169%7CX-Forwaded-For%3D178.208.163.66&amp;mode=12&amp;sf_options=fanart%3Dspecial%3A%2F%2Fhome%2Faddons%2Fplugin.video.bulldogstreams%2Ffanart.jpg%26winID%3D10025%26_options_sf&quot;)</favourite>
</favourites>