<favourites>
	<favourite name="Renegades 8 [COLOR yellow][B]ENGLISH[/B][/COLOR] David Haye v Tony Bellew [COLOR yellow][B]*Acestream[/B][/COLOR] NJM" thumb="http://img0.cfstatic.com/wallpapers/f36c1ef92fbb2e97dcfb2f4b6e6e8044_large.jpeg">PlayMedia(&quot;plugin://plugin.video.NJMSoccer/?url=plugin%3A%2F%2Fprogram.plexus%2F%3Fmode%3D1%26url%3Dacestream%3A%2F%2Fb3359b97e5da757c62614c51e016a33433af56b5%26name%3DMy%2Bacestream%2Bchannel&amp;mode=12&amp;sf_options=fanart%3Dhttp%3A%2F%2Fimg0.cfstatic.com%2Fwallpapers%2Ff36c1ef92fbb2e97dcfb2f4b6e6e8044_large.jpeg%26winID%3D10001%26_options_sf&quot;)</favourite>
	<favourite name="Renegades 8 David Haye vs Tony Bellew ZEM" thumb="/images/icons/box.png">PlayMedia(&quot;plugin://plugin.video.ZemTV-shani/?url=c3RyZWFtaGQ6aHR0cDovL3d3dy5zdHJlYW1oZC5ldS9ib3gvZGF2aWQtaGF5ZS12cy10b255LWJlbGxldy1saXZlLXN0cmVhbS05NjkucGhw&amp;mode=11&amp;name=%5BCOLOR+green%5D+18%3A00+GMT%5B%2FCOLOR%5D%3A+%5BCOLOR+red%5D+BOX%5B%2FCOLOR%5D++%0A+David+Haye+vs+Tony+Bellew+&amp;sf_options=winID%3D10001%26_options_sf&quot;)</favourite>
	<favourite name="Renegades 8  Danny Garcia vs Jeith Thurman ZEM" thumb="/images/icons/box.png">PlayMedia(&quot;plugin://plugin.video.ZemTV-shani/?url=c3RyZWFtaGQ6aHR0cDovL3d3dy5zdHJlYW1oZC5ldS9ib3gvZGFubnktZ2FyY2lhLXZzLWplaXRoLXRodXJtYW4tbGl2ZS1zdHJlYW0tOTY5LnBocA%3D%3D&amp;mode=11&amp;name=%5BCOLOR+green%5D+01%3A00+GMT%5B%2FCOLOR%5D%3A+%5BCOLOR+red%5D+BOX%5B%2FCOLOR%5D++%0A+Danny+Garcia+vs+Jeith+Thurman+&amp;sf_options=winID%3D10001%26_options_sf&quot;)</favourite>
	<favourite name="Renegades 8 Boxing Multi Link Specialist" thumb="https://my.sky.com/orderboxoffice/images/sky-sports-box-office-logo.png">PlayMedia(&quot;plugin://plugin.video.specialistss/?action=play&amp;url=%3Csublink%3Eplugin%3A%2F%2Fplugin.video.f4mTester%2F%3Fstreamtype%3DTSDOWNLOADER%26amp%3Burl%3D%3C%2Fsublink%3E%3Csublink%3Eplugin%3A%2F%2Fplugin.video.f4mTester%2F%3Fstreamtype%3DTSDOWNLOADER%26amp%3Burl%3D%3C%2Fsublink%3E%3Csublink%3Eplugin%3A%2F%2Fplugin.video.f4mTester%2F%3Fstreamtype%3DTSDOWNLOADER%26amp%3Burl%3D%3C%2Fsublink%3E%3Csublink%3Eplugin%3A%2F%2Fplugin.video.f4mTester%2F%3Fstreamtype%3DTSDOWNLOADER%26amp%3Burl%3D%3C%2Fsublink%3E%3Csublink%3Eplugin%3A%2F%2Fplugin.video.f4mTester%2F%3Fstreamtype%3DTSDOWNLOADER%26amp%3Burl%3D%3C%2Fsublink%3E%3Csublink%3Eplugin%3A%2F%2Fplugin.video.f4mTester%2F%3Fstreamtype%3DTSDOWNLOADER%26amp%3Burl%3D%3C%2Fsublink%3E&amp;content=0&amp;sf_options=fanart%3Dspecial%3A%2F%2Fhome%2Faddons%2Fplugin.video.specialistss%2Ffanart.jpg%26winID%3D10001%26_options_sf&quot;)</favourite>
	<favourite name="Renegades 8 [COLOR red]David Haye V Tony Bellew[/COLOR] Evolve" thumb="http://www.iconesgratis.net/imagens/boxing_gloves_red.png">PlayMedia(&quot;plugin://plugin.video.Evolve/?url=plugin%3A%2F%2Fplugin.video.SportsDevil%2F%3Fmode%3D1%26amp%3Bitem%3Dcatcher%253dstreams%2526url%3Dhttp%253A%2F%2Fmamahd.com%2Fchannel12-live-stream-1.html%2526referer%3Dhttp%3A%2F%2Fmamahd.com%2Fchannel12-live-stream-1.html&amp;mode=16&amp;name=%5BCOLOR+red%5DDavid+Haye+V+Tony+Bellew%5B%2FCOLOR%5D&amp;description=&amp;iconimage=http%3A%2F%2Fwww.iconesgratis.net%2Fimagens%2Fboxing_gloves_red.png&amp;sf_options=fanart%3Dhttp%3A%2F%2Fwww.boxen.de%2Fwp-content%2Fuploads%2F2016%2F11%2FHaye-vs-Bellew.jpg%26winID%3D10001%26_options_sf&quot;)</favourite>
	<favourite name="Renegades 8 [COLOR red]David Haye V Tony Bellew[/COLOR] Evolve" thumb="http://www.iconesgratis.net/imagens/boxing_gloves_red.png">PlayMedia(&quot;plugin://plugin.video.Evolve/?url=plugin%3A%2F%2Fplugin.video.SportsDevil%2F%3Fmode%3D1%26amp%3Bitem%3Dcatcher%253dstreams%2526url%3Dhttp%253A%2F%2Fwww.streamhd.eu%2Fbox%2Fdavid-haye-vs-tony-bellew-live-stream-969.php%2526referer%3Dhttp%3A%2F%2Fwww.streamhd.eu%2Fbox%2Fdavid-haye-vs-tony-bellew-live-stream-969.php&amp;mode=16&amp;name=%5BCOLOR+red%5DDavid+Haye+V+Tony+Bellew%5B%2FCOLOR%5D&amp;description=&amp;iconimage=http%3A%2F%2Fwww.iconesgratis.net%2Fimagens%2Fboxing_gloves_red.png&amp;sf_options=fanart%3Dhttp%3A%2F%2Fwww.boxen.de%2Fwp-content%2Fuploads%2F2016%2F11%2FHaye-vs-Bellew.jpg%26winID%3D10001%26_options_sf&quot;)</favourite>
	<favourite name="Renegades 8 [COLOR red]David Haye V Tony Bellew[/COLOR] Evolve" thumb="http://www.iconesgratis.net/imagens/boxing_gloves_red.png">PlayMedia(&quot;plugin://plugin.video.Evolve/?url=plugin%3A%2F%2Fplugin.video.SportsDevil%2F%3Fmode%3D1%26amp%3Bitem%3Dcatcher%253dstreams%2526url%3Dhttp%253A%2F%2Fwizhdsports.is%2Fwatch%2FDavid_Haye_vs_Tony_Bellew%2Fstream40%2526referer%3Dhttp%3A%2F%2Fwizhdsports.is%2Fwatch%2FDavid_Haye_vs_Tony_Bellew%2Fstream40&amp;mode=16&amp;name=%5BCOLOR+red%5DDavid+Haye+V+Tony+Bellew%5B%2FCOLOR%5D&amp;description=&amp;iconimage=http%3A%2F%2Fwww.iconesgratis.net%2Fimagens%2Fboxing_gloves_red.png&amp;sf_options=fanart%3Dhttp%3A%2F%2Fwww.boxen.de%2Fwp-content%2Fuploads%2F2016%2F11%2FHaye-vs-Bellew.jpg%26winID%3D10001%26_options_sf&quot;)</favourite>
	<favourite name="Renegades 8 BOXING - DAVID HAYE V TONY BELLEW 18:00 Lily Sports" thumb="http://kodeeresurrection.com/LILYSPORTStxts/pngs/LIVEEVENTS.jpg">PlayMedia(&quot;plugin://plugin.video.Tigensworld/?url=plugin%3A%2F%2Fplugin.video.SportsDevil%2F%3Fmode%3D1%26amp%3Bitem%3Dcatcher%253dstreams%2526url%3Dhttp%3A%2F%2Fwww.streamhd.eu%2Fbox%2Fdavid-haye-vs-tony-bellew-live-stream-969.php%2526referer%3Dhttp%3A%2F%2Fwww.streamhd.eu%2Fbox%2Fdavid-haye-vs-tony-bellew-live-stream-969.php&amp;mode=12&amp;sf_options=fanart%3Dhttp%3A%2F%2Fkodeeresurrection.com%2FLILYSPORTStxts%2Fliveeventsbg.jpg%26winID%3D10001%26_options_sf&quot;)</favourite>
	<favourite name="Renegades 8 BOXING - DAVID HAYE V TONY BELLEW 18:00 Lily Sports" thumb="http://kodeeresurrection.com/LILYSPORTStxts/pngs/LIVEEVENTS.jpg">PlayMedia(&quot;plugin://plugin.video.Tigensworld/?url=plugin%3A%2F%2Fplugin.video.SportsDevil%2F%3Fmode%3D1%26amp%3Bitem%3Dcatcher%253dstreams%2526url%3Dhttp%3A%2F%2Fmamahd.com%2Fchannel12-live-stream-1.html%2526referer%3Dhttp%3A%2F%2Fmamahd.com%2Fchannel12-live-stream-1.html&amp;mode=12&amp;sf_options=fanart%3Dhttp%3A%2F%2Fkodeeresurrection.com%2FLILYSPORTStxts%2Fliveeventsbg.jpg%26winID%3D10001%26_options_sf&quot;)</favourite>
	<favourite name="Renegades 8 BOXING - DAVID HAYE V TONY BELLEW 18:00 Lily Sports" thumb="http://kodeeresurrection.com/LILYSPORTStxts/pngs/LIVEEVENTS.jpg">PlayMedia(&quot;plugin://plugin.video.Tigensworld/?url=plugin%3A%2F%2Fplugin.video.SportsDevil%2F%3Fmode%3D1%26amp%3Bitem%3Dcatcher%253dstreams%2526url%3Dhttp%3A%2F%2Fwizhdsports.is%2Fwatch%2FDavid_Haye_vs_Tony_Bellew%2Fstream40%2526referer%3Dhttp%3A%2F%2Fwizhdsports.is%2Fwatch%2FDavid_Haye_vs_Tony_Bellew%2Fstream40&amp;mode=12&amp;sf_options=fanart%3Dhttp%3A%2F%2Fkodeeresurrection.com%2FLILYSPORTStxts%2Fliveeventsbg.jpg%26winID%3D10001%26_options_sf&quot;)</favourite>
	<favourite name="Renegades 8 BOXING - DAVID HAYE V TONY BELLEW 18:00 Lily Sports" thumb="http://kodeeresurrection.com/LILYSPORTStxts/pngs/LIVEEVENTS.jpg">PlayMedia(&quot;plugin://plugin.video.Tigensworld/?url=plugin%3A%2F%2Fplugin.video.SportsDevil%2F%3Fmode%3D1%26amp%3Bitem%3Dcatcher%253dstreams%2526url%3Dhttp%3A%2F%2Fwww.cv55.eu%2Fl18.html%2526referer%3Dhttp%3A%2F%2Fwww.cv55.eu%2Fl18.html&amp;mode=12&amp;sf_options=fanart%3Dhttp%3A%2F%2Fkodeeresurrection.com%2FLILYSPORTStxts%2Fliveeventsbg.jpg%26winID%3D10001%26_options_sf&quot;)</favourite>
	<favourite name="Renegades 8 BOXING - DAVID HAYE V TONY BELLEW 18:00 Lily Sports" thumb="http://kodeeresurrection.com/LILYSPORTStxts/pngs/LIVEEVENTS.jpg">PlayMedia(&quot;plugin://plugin.video.Tigensworld/?url=plugin%3A%2F%2Fplugin.video.SportsDevil%2F%3Fmode%3D1%26amp%3Bitem%3Dcatcher%253dstreams%2526url%3Dhttp%3A%2F%2Ffootdirect24.net%2Fid.php%3Fchannel%3D13%2526referer%3Dhttp%3A%2F%2Ffootdirect24.net%2Fid.php%3Fchannel%3D13&amp;mode=12&amp;sf_options=fanart%3Dhttp%3A%2F%2Fkodeeresurrection.com%2FLILYSPORTStxts%2Fliveeventsbg.jpg%26winID%3D10001%26_options_sf&quot;)</favourite>
	<favourite name="Renegades 8 BOXING - DAVID HAYE V TONY BELLEW 18:00 Lily Sports" thumb="http://kodeeresurrection.com/LILYSPORTStxts/pngs/LIVEEVENTS.jpg">PlayMedia(&quot;plugin://plugin.video.Tigensworld/?url=plugin%3A%2F%2Fplugin.video.SportsDevil%2F%3Fmode%3D1%26amp%3Bitem%3Dcatcher%253dstreams%2526url%3Dhttp%3A%2F%2Flaliga-live.to%2Fwatch%2FDavid_Haye_vs_Tony_Bellew%2Fstream40%2526referer%3Dhttp%3A%2F%2Flaliga-live.to%2Fwatch%2FDavid_Haye_vs_Tony_Bellew%2Fstream40&amp;mode=12&amp;sf_options=fanart%3Dhttp%3A%2F%2Fkodeeresurrection.com%2FLILYSPORTStxts%2Fliveeventsbg.jpg%26winID%3D10001%26_options_sf&quot;)</favourite>
	<favourite name="Renegades 8 BOXING - DAVID HAYE V TONY BELLEW 18:00 Lily Sports" thumb="http://kodeeresurrection.com/LILYSPORTStxts/pngs/LIVEEVENTS.jpg">PlayMedia(&quot;plugin://plugin.video.Tigensworld/?url=plugin%3A%2F%2Fplugin.video.SportsDevil%2F%3Fmode%3D1%26amp%3Bitem%3Dcatcher%253dstreams%2526url%3Dhttp%3A%2F%2Fwww.sports-stream.net%2Fch6.html%2526referer%3Dhttp%3A%2F%2Fwww.sports-stream.net%2Fch6.html&amp;mode=12&amp;sf_options=fanart%3Dhttp%3A%2F%2Fkodeeresurrection.com%2FLILYSPORTStxts%2Fliveeventsbg.jpg%26winID%3D10001%26_options_sf&quot;)</favourite>
	<favourite name="Renegades 8 [B][COLORblue]David_Haye_vs_Tony_Bellew 18.00[/COLOR][/B] Pyramid Sanctuary" thumb="http://www.app-trailer.com/appicons/android/100x100/com.FootballLiveStream.png">PlayMedia(&quot;plugin://plugin.video.sanctuary/?fanart=%2fUsers%2fdanielmuse%2fLibrary%2fApplication%20Support%2fFreeTelly%2faddons%2fplugin.video.sanctuary%2ffanart.jpg&amp;mode=1130&amp;name=%5bB%5d%5bCOLORblue%5dDavid_Haye_vs_Tony_Bellew%2018.00%5b%2fCOLOR%5d%5b%2fB%5d&amp;url=%0d%0asublink%3aplugin%3a%2f%2fplugin.video.SportsDevil%2f%3fmode%3d1%26item%3dcatcher%253dstreams%2526url%3dhttp%3a%2f%2fwizhdsports.is%2fwatch%2fDavid_Haye_vs_Tony_Bellew%2fstream40%23%0d%0asublink%3aplugin%3a%2f%2fplugin.video.SportsDevil%2f%3fmode%3d1%26item%3dcatcher%253dstreams%2526url%3dhttp%3a%2f%2ffootdirect24.net%2fid.php%3fchannel%3d13%23%0d%0asublink%3aplugin%3a%2f%2fplugin.video.SportsDevil%2f%3fmode%3d1%26item%3dcatcher%253dstreams%2526url%3dhttp%3a%2f%2fwww.sports-stream.net%2fch6.html%23%0d%0asublink%3aplugin%3a%2f%2fplugin.video.SportsDevil%2f%3fmode%3d1%26item%3dcatcher%253dstreams%2526url%3dhttp%3a%2f%2flaliga-live.to%2fwatch%2fDavid_Haye_vs_Tony_Bellew%2fstream40%23%0d%0a&amp;sf_options=fanart%3Dspecial%3A%2F%2Fhome%2Faddons%2Fplugin.video.sanctuary%2Ffanart.jpg%26winID%3D10001%26_options_sf&quot;)</favourite>
	<favourite name="Renegades 8 Boxing No-Name" thumb="http://www.liveonlinetv247.info/images/skysportsboxoffice.png">PlayMedia(&quot;plugin://plugin.video.no-name/?action=play&amp;url=%3Csublink%3Ehttp%3A%2F%2F163.172.81.33%3A1234%2Flive%2Fwww.iptvrestream.net%2FeeGY0TLlU6%2F271.ts%7CUser-Agent%3Dfuck111%3C%2Fsublink%3E%3Csublink%3Ehttp%3A%2F%2Fwww.liveonlinetv247.info%2Fembed%2Fskysportsboxoffice.php%3Fwidth%3D650%26height%3D480%3C%2Fsublink%3E&amp;sf_options=fanart%3Dhttps%3A%2F%2Fs20.postimg.org%2F5eos453ql%2Fhd_fantasy_wallpaper_1280x800_0912021.jpg%26winID%3D10001%26_options_sf&quot;)</favourite>
	<favourite name="Renegades 8 Boxing White Devil" thumb="https://my.sky.com/orderboxoffice/images/sky-sports-box-office-logo.png">PlayMedia(&quot;plugin://plugin.video.white.devil/?action=play&amp;url=%3Csublink%3Eplugin%3A%2F%2Fplugin.video.f4mTester%2F%3Fstreamtype%3DTSDOWNLOADER%26amp%3Burl%3Dhttp%3A%2F%2Fcp.dmbshare.net%3A8000%2Flive%2Fslavko%2Fslavko%2F7737.ts%3C%2Fsublink%3E%3Csublink%3Eplugin%3A%2F%2Fplugin.video.f4mTester%2F%3Fstreamtype%3DTSDOWNLOADER%26amp%3Burl%3Dhttp%3A%2F%2F51.255.70.112%3A8000%2Flive%2Fpg%2Fpg%2F1695.ts%26amp%3C%2Fsublink%3E&amp;content=movies&amp;sf_options=fanart%3Dspecial%3A%2F%2Fhome%2Faddons%2Fplugin.video.white.devil%2Ffanart.jpg%26winID%3D10001%26_options_sf&quot;)</favourite>
</favourites>