<favourites>
	<favourite name="Renegades 8 [COLOR blue]TOTTENHAM [/COLOR][COLOR lime]v[/COLOR][COLOR blue] HULL CITY[/COLOR][COLOR lime] 20:00 PM [/COLOR] Live PremierShip" thumb="http://i.imgur.com/9MCxK6C.png">PlayMedia(&quot;plugin://plugin.video.livepremiership/?url=http%3A%2F%2Fpastebin.com%2Fraw%2F5C8FR51q&amp;mode=8&amp;name=%5BCOLOR+blue%5DTOTTENHAM+%5B%2FCOLOR%5D%5BCOLOR+lime%5Dv%5B%2FCOLOR%5D%5BCOLOR+blue%5D+HULL+CITY%5B%2FCOLOR%5D%5BCOLOR+lime%5D+20%3A00+PM+%5B%2FCOLOR%5D&amp;fanart=http%3A%2F%2Fi.imgur.com%2FzaL52nG.png&amp;sf_options=fanart%3Dhttp%3A%2F%2Fi.imgur.com%2FzaL52nG.png%26meta%3Dlabel%253D%25255BCOLOR%252Bblue%25255DTOTTENHAM%252B%25255B%25252FCOLOR%25255D%25255BCOLOR%252Blime%25255Dv%25255B%25252FCOLOR%25255D%25255BCOLOR%252Bblue%25255D%252BHULL%252BCITY%25255B%25252FCOLOR%25255D%25255BCOLOR%252Blime%25255D%252B20%25253A00%252BPM%252B%25255B%25252FCOLOR%25255D%2526title%253D%25255BCOLOR%252Bblue%25255DTOTTENHAM%252B%25255B%25252FCOLOR%25255D%25255BCOLOR%252Blime%25255Dv%25255B%25252FCOLOR%25255D%25255BCOLOR%252Bblue%25255D%252BHULL%252BCITY%25255B%25252FCOLOR%25255D%25255BCOLOR%252Blime%25255D%252B20%25253A00%252BPM%252B%25255B%25252FCOLOR%25255D%26winID%3D10025%26_options_sf&quot;)</favourite>
	<favourite name="Renegades 8 Tottenham Hotspur vs Hull City ZEM" thumb="http://mamahd.com/images/leagues/123.png">PlayMedia(&quot;plugin://plugin.video.ZemTV-shani/?url=bWFtYWhkOmh0dHA6Ly9tYW1haGQuY29tL3RvdHRlbmhhbS1zcHVycy1saXZlLXN0cmVhbS0xLmh0bWw%3D&amp;mode=11&amp;name=Tottenham+Hotspur+vs+Hull+City%5BCOLOR+red%5D%0ALIVE+in+28+Hrs%5B%2FCOLOR%5D&amp;sf_options=meta%3Dlabel%253DTottenham%252BHotspur%252Bvs%252BHull%252BCity%25255BCOLOR%252Bred%25255D%25255CnLIVE%252Bin%252B28%252BHrs%25255B%25252FCOLOR%25255D%2526title%253DTottenham%252BHotspur%252Bvs%252BHull%252BCity%25255BCOLOR%252Bred%25255D%25255CnLIVE%252Bin%252B28%252BHrs%25255B%25252FCOLOR%25255D%26winID%3D10025%26_options_sf&quot;)</favourite>
	<favourite name="Renegades 8  Tottenham Hotspur vs Hull City ZEM" thumb="/images/icons/football.png">PlayMedia(&quot;plugin://plugin.video.ZemTV-shani/?url=c3RyZWFtaGQ6aHR0cDovL3d3dy5zdHJlYW1oZC5ldS9mb290YmFsbC90b3R0ZW5oYW0taG90c3B1ci12cy1odWxsLWNpdHktbGl2ZS1zdHJlYW0tNzUzLnBocA%3D%3D&amp;mode=11&amp;name=%5BCOLOR+green%5D+20%3A00+GMT%5B%2FCOLOR%5D%3A+%5BCOLOR+red%5D+Football%5B%2FCOLOR%5D++%0A+Tottenham+Hotspur+vs+Hull+City+&amp;sf_options=meta%3Dlabel%253D%25255BCOLOR%252Bgreen%25255D%252B20%25253A00%252BGMT%25255B%25252FCOLOR%25255D%25253A%252B%25255BCOLOR%252Bred%25255D%252BFootball%25255B%25252FCOLOR%25255D%252B%252B%25255Cn%252BTottenham%252BHotspur%252Bvs%252BHull%252BCity%252B%2526title%253D%25255BCOLOR%252Bgreen%25255D%252B20%25253A00%252BGMT%25255B%25252FCOLOR%25255D%25253A%252B%25255BCOLOR%252Bred%25255D%252BFootball%25255B%25252FCOLOR%25255D%252B%252B%25255Cn%252BTottenham%252BHotspur%252Bvs%252BHull%252BCity%252B%26winID%3D10025%26_options_sf&quot;)</favourite>
	<favourite name="Renegades 8 [COLOR white] TOTTENHAM HOTSPUR VS HULL CITY [/COLOR] Adrian Sports" thumb="https://s31.postimg.org/xaap1y7ff/premier_league.jpg">ActivateWindow(10025,&quot;plugin://plugin.video.adriansports/?fanart=https%3a%2f%2fgoo.gl%2fkw8Rmg&amp;mode=30&amp;name=%5bCOLOR%20white%5d%20TOTTENHAM%20HOTSPUR%20VS%20HULL%20CITY%20%5b%2fCOLOR%5d&amp;url=%0asublink%3ahttp%3a%2f%2f185.73.239.47%3a1935%2flive%2fhdmi18%2fplaylist.m3u8%23%0asublink%3aplugin%3a%2f%2fplugin.video.f4mTester%2f%3furl%3dhttp%3a%2f%2fexpressworld.zapto.org%3a8000%2flive%2finternext.zapto.org%2fislam%2f618.ts%26streamtype%3dTSDOWNLOADER%26name%3dTSN5%7cUser-Agent%3dMozilla%2f5.0%20(Windows%20NT%2010.0%3b%20WOW64%3b%20rv%3a47.0)%20Gecko%2f20100101%20Firefox%2f47.0%20FirePHP%2f0.7.4%23%0a&amp;sf_options=fanart%3Dhttps%3A%2F%2Fgoo.gl%2Fkw8Rmg%26meta%3Dlabel%253D%25255BCOLOR%252Bwhite%25255D%252BTOTTENHAM%252BHOTSPUR%252BVS%252BHULL%252BCITY%252B%25255B%25252FCOLOR%25255D%2526title%253D%25255BCOLOR%252Bwhite%25255D%252BTOTTENHAM%252BHOTSPUR%252BVS%252BHULL%252BCITY%252B%25255B%25252FCOLOR%25255D%26_options_sf&quot;,return)</favourite>
</favourites>