<favourites>
	<favourite name="Renegades 8 Hull City vs Manchester City" thumb="/images/icons/football.png">PlayMedia(&quot;plugin://plugin.video.ZemTV-shani/?url=c3RyZWFtaGQ6aHR0cDovL3d3dy5zdHJlYW1oZC5ldS9mb290YmFsbC9odWxsLWNpdHktdnMtbWFuY2hlc3Rlci1jaXR5LWxpdmUtc3RyZWFtLTIwOS5waHA%3D&amp;mode=11&amp;name=%5BCOLOR+green%5D+17%3A15+GMT%5B%2FCOLOR%5D%3A+%5BCOLOR+red%5D+Football%5B%2FCOLOR%5D++%0A+Hull+City+vs+Manchester+City+&amp;sf_options=winID%3D10001%26_options_sf&quot;)</favourite>
	<favourite name="Renegades 8 Hull City - Manchester City SD" thumb="special://home/addons/plugin.video.SportsDevil-2016.30.30/resources/images/lshunter_tv.png">PlayMedia(&quot;plugin://plugin.video.SportsDevil/?item=definedIn%3dlshunter-new.cfg%26title%3d%255B1717%253A15%255D%2b%255BCOLOR%253Dcyan%255DEngland%2b-%2bPremier%2bLeague%255B%252FCOLOR%255D%2bHull%2bCity%2b-%2bManchester%2bCity%26url%3dhttp%253A%252F%252Fwww.batmanstream.com%252Ffootball-live-streaming-video-2016-3.html%26cfg%3dlshunter-new.cfg%2540Streams%2540Hull%2bCity%2b-%2bManchester%2bCity%26videoTitle%3d%255B1717%253A15%255D%2b%255BCOLOR%253Dcyan%255DEngland%2b-%2bPremier%2bLeague%255B%252FCOLOR%255D%2bHull%2bCity%2b-%2bManchester%2bCity%26director%3dLSHunter.tv%26_time%3d18%253A15%26referer%3dhttp%253A%252F%252Fwww.batmanstream.com%252Ffootball-live-streaming-video-2016-3.html%26time%3d1717%253A15%26genre%3dLive%2bSports%26sport%3dEngland%2b-%2bPremier%2bLeague%26type%3drss%26event%3dHull%2bCity%2b-%2bManchester%2bCity%26icon%3d%252FUsers%252Fdanielmuse%252FLibrary%252FApplication%2bSupport%252FFreeTelly%252Faddons%252Fplugin.video.SportsDevil-2016.30.30%252Fresources%252Fimages%252Flshunter_tv.png&amp;mode=1&amp;sf_options=fanart%3Dspecial%3A%2F%2Fhome%2Faddons%2Fplugin.video.SportsDevil-2016.30.30%2Ffanart.jpg%26winID%3D10001%26_options_sf&quot;)</favourite>
	<favourite name="Renegades 8 [COLOR blue]HULL CITY [/COLOR][COLOR lime]v[/COLOR][COLOR blue] MANCHESTER CITY[/COLOR][COLOR lime] 17:15 PM[/COLOR] Live Premiership" thumb="http://i.imgur.com/9MCxK6C.png">PlayMedia(&quot;plugin://plugin.video.livepremiership/?url=http%3A%2F%2Fpastebin.com%2Fraw%2F5C8FR51q&amp;mode=8&amp;name=%5BCOLOR+blue%5DHULL+CITY+%5B%2FCOLOR%5D%5BCOLOR+lime%5Dv%5B%2FCOLOR%5D%5BCOLOR+blue%5D+MANCHESTER+CITY%5B%2FCOLOR%5D%5BCOLOR+lime%5D+17%3A15+PM%5B%2FCOLOR%5D&amp;fanart=http%3A%2F%2Fi.imgur.com%2FzaL52nG.png&amp;sf_options=fanart%3Dhttp%3A%2F%2Fi.imgur.com%2FzaL52nG.png%26winID%3D10001%26_options_sf&quot;)</favourite>
	<favourite name="Renegades 8[COLOR cyan] HULL CITY VS MAN CITY [/COLOR] Adrian Sports" thumb="https://s31.postimg.org/xaap1y7ff/premier_league.jpg">PlayMedia(&quot;plugin://plugin.video.adriansports/?fanart=https%3a%2f%2fgoo.gl%2fkw8Rmg&amp;mode=30&amp;name=%5bCOLOR%20cyan%5d%20HULL%20CITY%20VS%20MAN%20CITY%20%5b%2fCOLOR%5d&amp;url=%0asublink%3ahttp%3a%2f%2ftinyurl.com%2fh76jnwv%7cUser-Agent%3dMozilla%2f5.0%20(Linux%3b%20Android%205.1.1%3b%20en-GB%3b%20NEO-U1%20Build%2fLMY47V.20160415%20release-keys)%20MXPlayer%2f1.7.40%23%0asublink%3ahttp%3a%2f%2ftinyurl.com%2fhwvoe6v%7cUser-Agent%3dMozilla%2f5.0%20(Linux%3b%20Android%205.1.1%3b%20en-GB%3b%20NEO-U1%20Build%2fLMY47V.20160415%20release-keys)%20MXPlayer%2f1.7.40%23%0asublink%3ahttp%3a%2f%2ftinyurl.com%2fhdvz3yo%7cUser-Agent%3dMozilla%2f5.0%20(Linux%3b%20Android%205.1.1%3b%20en-GB%3b%20NEO-U1%20Build%2fLMY47V.20160415%20release-keys)%20MXPlayer%2f1.7.40%23%0a&amp;sf_options=fanart%3Dhttps%3A%2F%2Fgoo.gl%2Fkw8Rmg%26winID%3D10001%26_options_sf&quot;)</favourite>
</favourites>