<favourites>
	<favourite name="Spike - US HD" thumb="http://vps.oblivionbuilds.com/Oblivionlogo.png">PlayMedia(&quot;plugin://plugin.video.OblivionStreams/?url=http%3A%2F%2F46.166.162.35%3A9090%2Fload%2Fb0922f3fa8aa%2F12.m3u8&amp;mode=12&amp;sf_options=winID%3D10025%26_options_sf&quot;)</favourite>
	<favourite name="Spike mic 21/11/2016" thumb="http://www.thelogodb.com/images/media/logo/wqqvyq1433967407.png">PlayMedia(&quot;plugin://plugin.video.mic/?url=plugin%3A%2F%2Fplugin.video.f4mTester%2F%3Fstreamtype%3DTSDOWNLOADER%3Bname%3DSPIKE%26url%3Dhttp%3A%2F%2Fportalipt.ddns.net%3A12000%2Flive%2Fpack.bntv%40gmail.com%2Fbaidyfrance%2F7276.ts&amp;mode=12&amp;sf_options=fanart%3Dhttp%3A%2F%2Fwww.pngall.com%2Fwp-content%2Fuploads%2F2016%2F05%2FAmerica-Flag-PNG-Picture.png%26winID%3D10025%26_options_sf&quot;)</favourite>
	<favourite name="Spike sanctuary" thumb="http://1.images.spike.com/images/missing_image2.jpg">PlayMedia(&quot;plugin://plugin.video.sanctuary/?url=plugin%3A%2F%2Fplugin.video.SportsDevil%2F%3Fmode%3D1%26amp%3Bitem%3Dcatcher%253dstreams%2526url%3Dhttp%3A%2F%2Fwww.shadow-net.org%2Fchannels%2FSpike.html%2526referer%3Dhttp%3A%2F%2Fwww.shadow-net.org%2Fchannels%2FSpike.html&amp;mode=906&amp;regexs=&amp;setCookie=&amp;sf_options=fanart%3Dspecial%3A%2F%2Fhome%2Faddons%2Fplugin.video.sanctuary%2Ffanart.jpg%26winID%3D10025%26_options_sf&quot;)</favourite>
	<favourite name="Spike UK TVone" thumb="special://home/addons/plugin.video.SportsDevil-2016.30.30/resources/images/folder.png">PlayMedia(&quot;plugin://plugin.video.SportsDevil/?item=catcher%3dstreams%26title%3dSpike%2bUK%26url%3dmpd%253A%252F%252F3036779a6ef01d9c0da3b7e139a6445d.m3u8%26cfg%3dtvone1.tv.cfg%2540Streams%2540Channels%26videoTitle%3dSpike%2bUK%26director%3dtvone1.tv%26genre%3dLive%2bTV%26referer%3dmpd%253A%252F%252F3036779a6ef01d9c0da3b7e139a6445d.m3u8%26definedIn%3dtvone1.tv.cfg%26type%3drss&amp;mode=1&amp;sf_options=fanart%3Dspecial%3A%2F%2Fhome%2Faddons%2Fplugin.video.SportsDevil-2016.30.30%2Ffanart.jpg%26meta%3Dgenre%253DLive%252BTV%2526director%253Dtvone1.tv%2526label%253DSpike%252BUK%2526title%253DSpike%252BUK%26winID%3D10025%26_options_sf&quot;)</favourite>
	<favourite name="Spike Oblivion" thumb="DefaultVideo.png">PlayMedia(&quot;plugin://plugin.video.sanctuary/?url=plugin%3A%2F%2Fplugin.video.f4mTester%2F%3Fstreamtype%3DTSDOWNLOADER%26amp%3Burl%3Dhttp%3A%2F%2Fiptv9.lazystreams.tk%3A8080%2Flive%2FSuPrEmEsTrEaMs%2FKeepYourHandsOffCUNTS%21%21%401%2F1674.ts%3Bname%3DOblivion+TV&amp;mode=1112&amp;sf_options=winID%3D10025%26_options_sf&quot;)</favourite>
	<favourite name="Spike HD Oblivion" thumb="DefaultVideo.png">PlayMedia(&quot;plugin://plugin.video.sanctuary/?url=plugin%3A%2F%2Fplugin.video.f4mTester%2F%3Fstreamtype%3DTSDOWNLOADER%26amp%3Burl%3Dhttp%3A%2F%2Fiptv9.lazystreams.tk%3A8080%2Flive%2FSuPrEmEsTrEaMs%2FKeepYourHandsOffCUNTS%21%21%401%2F1613.ts%3Bname%3DOblivion+TV&amp;mode=1112&amp;sf_options=winID%3D10025%26_options_sf&quot;)</favourite>
	<favourite name="[COLORgreen]ONLINE:[/COLOR]Spike Lily Sports" thumb="http://kodeekrazy.net/PROLOGIC/livetv%20thumb.jpg">PlayMedia(&quot;plugin://plugin.video.Tigensworld/?url=plugin%3A%2F%2Fplugin.video.SportsDevil%2F%3Fmode%3D1%26amp%3Bitem%3Dcatcher%253dstreams%2526url%3Dhttp%3A%2F%2Fwww.shadow-net.org%2Fchannels%2FSpike.html%2526referer%3Dhttp%3A%2F%2Fwww.shadow-net.org%2Fchannels%2FSpike.html&amp;mode=12&amp;sf_options=fanart%3Dhttp%3A%2F%2Fkodeeresurrection.com%2FLILYSPORTStxts%2Flivetv2.jpg%26winID%3D10025%26_options_sf&quot;)</favourite>
</favourites>