<favourites>
	<favourite name="Spike UK" thumb="https://app.uktvnow.net/images/channel_imgs/290616022506spike.jpg|User-Agent=Dalvik/2.1.0 (Linux; U; Android 6.0.1; SM-G935F Build/MMB29K)">PlayMedia(&quot;playmedia(&quot;plugin://plugin.video.uktvnow/?url=url&amp;mode=2&amp;name=Spike+UK&amp;channelid=289&amp;iconimage=https%3A%2F%2Fapp.uktvnow.net%2Fimages%2Fchannel_imgs%2F290616022506spike.jpg%7CUser-Agent%3DDalvik%2F2.1.0+%28Linux%3B+U%3B+Android+6.0.1%3B+SM-G935F+Build%2FMMB29K%29&quot;)&amp;sf_options=meta%3Dcastandrole%253D%25255B%25255D%2526label%253DSpike%252BUK%26winID%3D10025%26_options_sf&quot;)</favourite>
	<favourite name="Spike - UKTV - 25/08/2016" thumb="https://app.uktvnow.net/images/channel_imgs/200116042042spi.gif|User-Agent=Dalvik/2.1.0 (Linux; U; Android 6.0.1; SM-G935F Build/MMB29K)">PlayMedia(&quot;plugin://plugin.video.uktvnow/?url=url&amp;mode=2&amp;name=Spike&amp;channelid=213&amp;iconimage=https%3A%2F%2Fapp.uktvnow.net%2Fimages%2Fchannel_imgs%2F200116042042spi.gif%7CUser-Agent%3DDalvik%2F2.1.0+%28Linux%3B+U%3B+Android+6.0.1%3B+SM-G935F+Build%2FMMB29K%29&amp;sf_options=fanart%3Dspecial%3A%2F%2Fhome%2Faddons%5Cplugin.video.uktvnow%5Cfanart.jpg%26meta%3Dplot%253D213%2526label%253DSpike%2526title%253DSpike%26winID%3D10025%26desc%3D213%26_options_sf&quot;)</favourite>
	<favourite name="Spike UK - UKTV - 25/08/2016" thumb="https://app.uktvnow.net/images/channel_imgs/290616022506spike.jpg|User-Agent=Dalvik/2.1.0 (Linux; U; Android 6.0.1; SM-G935F Build/MMB29K)">PlayMedia(&quot;plugin://plugin.video.uktvnow/?url=url&amp;mode=2&amp;name=Spike+UK&amp;channelid=289&amp;iconimage=https%3A%2F%2Fapp.uktvnow.net%2Fimages%2Fchannel_imgs%2F290616022506spike.jpg%7CUser-Agent%3DDalvik%2F2.1.0+%28Linux%3B+U%3B+Android+6.0.1%3B+SM-G935F+Build%2FMMB29K%29&amp;sf_options=fanart%3Dspecial%3A%2F%2Fhome%2Faddons%5Cplugin.video.uktvnow%5Cfanart.jpg%26meta%3Dplot%253D289%2526label%253DSpike%252BUK%2526title%253DSpike%252BUK%26winID%3D10025%26desc%3D289%26_options_sf&quot;)</favourite>
	<favourite name="Spike - US HD" thumb="http://vps.oblivionbuilds.com/Oblivionlogo.png">PlayMedia(&quot;plugin://plugin.video.OblivionStreams/?url=http%3A%2F%2F46.166.162.35%3A9090%2Fload%2Fb0922f3fa8aa%2F12.m3u8&amp;mode=12&amp;sf_options=winID%3D10025%26_options_sf&quot;)</favourite>
</favourites>