<favourites>
	<favourite name="[COLOR blue][B]EURO[/COLOR][COLOR red] SPORT 1[/COLOR][/B][COLOR white] [576p][/COLOR]" thumb="http://i.imgur.com/BuuhD16.png">HOME:PlayMedia(&quot;plugin://plugin.video.Evolve/?url=plugin%3A%2F%2Fplugin.video.f4mTester%2F%3Furl%3Dhttp%3A%2F%2Fcp.dmbshare.net%3A8000%2Flive%2Fserkan%2Fserkan%2F5766.ts%26amp%3Bstreamtype%3DTSDOWNLOADER%26amp%3Bname%3DEUROSPORT+1%28EUROSPORT+1+576p%29&amp;mode=2&amp;name=%5BCOLOR+blue%5D%5BB%5DEURO%5B%2FCOLOR%5D%5BCOLOR+red%5D+SPORT+1%5B%2FCOLOR%5D%5B%2FB%5D%5BCOLOR+white%5D+%5B576p%5D%5B%2FCOLOR%5D&amp;description=&amp;fanart=http%3A%2F%2Fi.imgur.com%2FBuuhD16.png&amp;sf_options=fanart%3Dhttp%3A%2F%2Fi.imgur.com%2FBuuhD16.png%26meta%3Dcastandrole%253D%25255B%25255D%2526label%253D%25255BCOLOR%252Bblue%25255D%25255BB%25255DEURO%25255B%25252FCOLOR%25255D%25255BCOLOR%252Bred%25255D%252BSPORT%252B1%25255B%25252FCOLOR%25255D%25255B%25252FB%25255D%25255BCOLOR%252Bwhite%25255D%252B%25255B576p%25255D%25255B%25252FCOLOR%25255D%26winID%3D10000%26_options_sf&quot;)</favourite>
	<favourite name="Euro Sport" thumb="https://app.uktvnow.net/images/channel_imgs/190116044352euro.png|User-Agent=Dalvik/2.1.0 (Linux; U; Android 6.0.1; SM-G935F Build/MMB29K)">PlayMedia(&quot;playmedia(&quot;plugin://plugin.video.uktvnow/?url=url&amp;mode=2&amp;name=Euro+Sport&amp;channelid=108&amp;iconimage=https%3A%2F%2Fapp.uktvnow.net%2Fimages%2Fchannel_imgs%2F190116044352euro.png%7CUser-Agent%3DDalvik%2F2.1.0+%28Linux%3B+U%3B+Android+6.0.1%3B+SM-G935F+Build%2FMMB29K%29&quot;)&amp;sf_options=meta%3Dcastandrole%253D%25255B%25255D%2526label%253DEuro%252BSport%26winID%3D10025%26_options_sf&quot;)</favourite>
	<favourite name="Euro Sport - UKTV - 25/08/2016" thumb="https://app.uktvnow.net/images/channel_imgs/190116044352euro.png|User-Agent=Dalvik/2.1.0 (Linux; U; Android 6.0.1; SM-G935F Build/MMB29K)">PlayMedia(&quot;plugin://plugin.video.uktvnow/?url=url&amp;mode=2&amp;name=Euro+Sport&amp;channelid=108&amp;iconimage=https%3A%2F%2Fapp.uktvnow.net%2Fimages%2Fchannel_imgs%2F190116044352euro.png%7CUser-Agent%3DDalvik%2F2.1.0+%28Linux%3B+U%3B+Android+6.0.1%3B+SM-G935F+Build%2FMMB29K%29&amp;sf_options=fanart%3Dspecial%3A%2F%2Fhome%2Faddons%5Cplugin.video.uktvnow%5Cfanart.jpg%26meta%3Dplot%253D108%2526label%253DEuro%252BSport%2526title%253DEuro%252BSport%26winID%3D10025%26desc%3D108%26_options_sf&quot;)</favourite>
	<favourite name="Eurosport 1 - Vidtime - 12/08/2016" thumb="http://www.lyngsat-logo.com/logo/tv/ee/eurosport.png">PlayMedia(&quot;plugin://plugin.video.f4mTester/?url=http://globiptv.com:8000/live/CLIENTX484/3222065487/443.ts&amp;streamtype=TSDOWNLOADER&amp;name=Eurosport 1&amp;sf_options=fanart%3Dhttp%3A%2F%2Fs20.postimg.org%2Fdoltr1fu5%2FVTTVBackground.png%26meta%3Dlabel%253D%25255BCOLOR%252Blimegreen%25255DEurosport%252B1%25255B%25252FCOLOR%25255D%26winID%3D10025%26_options_sf&quot;)</favourite>
	<favourite name="Eurosports 1 - DC Sports - 25/08/2016" thumb="http://www.thelogodb.com/images/media/logo/wuyqur1434267176.png">PlayMedia(&quot;plugin://plugin.video.DCSports/?url=plugin%3A%2F%2Fplugin.video.f4mTester%2F%3Furl%3Dhttp%3A%2F%2Fiptvfullhd.info%3A8000%2Flive%2Fchris28de%2FTNKXmSgQSn%2F506.ts%26streamtype%3DTSDOWNLOADER%3Bname%3DEurosports1+%23DCSPORTSADDON%7CUser-Agent%3DMozilla%2F5.0+%28iPad%3B+CPU+OS+6_0+like+Mac+OS+X%29+AppleWebKit%2F536.26+%28KHTML%2C+like+Gecko%29+Version%2F6.0+Mobile%2F10A5376e+Safari%2F8536.25%26swf%3B%3DNone%26auth%3B%26simpledownloader%3B%3Dfals%24use_proxy_for_chunks%3Dtrue%26streamtype%3B%3DTSDOWNLOADER%26maxbitrate%3B%3D0%26proxy%3B%3DNone%26url%3B&amp;mode=12&amp;sf_options=fanart%3Dhttp%3A%2F%2Fgoo.gl%2FSDQJO6%26meta%3Dlabel%253DEurosports%252B1%2526title%253DEurosports%252B1%26winID%3D10025%26_options_sf&quot;)</favourite>
	<favourite name="[COLOR blue][B]EURO[/COLOR][COLOR red] SPORT 1[/COLOR][/B][COLOR white] [576p][/COLOR] - Evolve - 25/08/2016" thumb="http://i.imgur.com/BuuhD16.png">PlayMedia(&quot;plugin://plugin.video.Evolve/?url=plugin%3A%2F%2Fplugin.video.f4mTester%2F%3Furl%3Dhttp%3A%2F%2Fcp.dmbshare.net%3A8000%2Flive%2Fserkan%2Fserkan%2F5766.ts%26amp%3Bstreamtype%3DTSDOWNLOADER%26amp%3Bname%3DEUROSPORT+1%28EUROSPORT+1+576p%29&amp;mode=2&amp;name=%5BCOLOR+blue%5D%5BB%5DEURO%5B%2FCOLOR%5D%5BCOLOR+red%5D+SPORT+1%5B%2FCOLOR%5D%5B%2FB%5D%5BCOLOR+white%5D+%5B576p%5D%5B%2FCOLOR%5D&amp;description=&amp;fanart=http%3A%2F%2Fi.imgur.com%2FBuuhD16.png&amp;sf_options=fanart%3Dhttp%3A%2F%2Fi.imgur.com%2FBuuhD16.png%26meta%3Dlabel%253D%25255BCOLOR%252Bblue%25255D%25255BB%25255DEURO%25255B%25252FCOLOR%25255D%25255BCOLOR%252Bred%25255D%252BSPORT%252B1%25255B%25252FCOLOR%25255D%25255B%25252FB%25255D%25255BCOLOR%252Bwhite%25255D%252B%25255B576p%25255D%25255B%25252FCOLOR%25255D%26winID%3D10025%26_options_sf&quot;)</favourite>
</favourites>