<favourites>
	<favourite name="Renegades 9 [COLOR blue]ARSENAL [/COLOR][COLOR lime]v[/COLOR][COLOR blue] CRYSTAL PALACE[/COLOR][COLOR lime] 16:00 PM[/COLOR] Live Premiership" thumb="http://i.imgur.com/9MCxK6C.png">PlayMedia(&quot;plugin://plugin.video.livepremiership/?url=http%3A%2F%2Fpastebin.com%2Fraw%2F5C8FR51q&amp;mode=8&amp;name=%5BCOLOR+blue%5DARSENAL+%5B%2FCOLOR%5D%5BCOLOR+lime%5Dv%5B%2FCOLOR%5D%5BCOLOR+blue%5D+CRYSTAL+PALACE%5B%2FCOLOR%5D%5BCOLOR+lime%5D+16%3A00+PM%5B%2FCOLOR%5D&amp;fanart=http%3A%2F%2Fi.imgur.com%2FNZUuFCS.png&amp;sf_options=fanart%3Dhttp%3A%2F%2Fi.imgur.com%2FNZUuFCS.png%26winID%3D10025%26_options_sf&quot;)</favourite>
	<favourite name="Renegades 9 Arsenal vs Crystal Palace" thumb="http://mamahd.com/images/leagues/123.png">PlayMedia(&quot;plugin://plugin.video.ZemTV-shani/?url=bWFtYWhkOmh0dHA6Ly9tYW1haGQuY29tL2Fyc2VuYWwtbGl2ZS1zdHJlYW0yLTEuaHRtbA%3D%3D&amp;mode=11&amp;name=Arsenal+vs+Crystal+Palace%5BCOLOR+red%5D%0ALIVE+in+77+Hrs%5B%2FCOLOR%5D&amp;sf_options=winID%3D10025%26_options_sf&quot;)</favourite>
	<favourite name="Renegades 9 Arsenal vs Crystal Palace ZEM" thumb="http://mamahd.com/images/leagues/123.png">PlayMedia(&quot;plugin://plugin.video.ZemTV-shani/?url=bWFtYWhkOmh0dHA6Ly9tYW1haGQuY29tL2Fyc2VuYWwtbGl2ZS1zdHJlYW0yLTEuaHRtbA%3D%3D&amp;mode=11&amp;name=Arsenal+vs+Crystal+Palace%5BCOLOR+red%5D%0ALIVE+in+22+Hrs%5B%2FCOLOR%5D&amp;sf_options=winID%3D10025%26_options_sf&quot;)</favourite>
    <favourite name="Renegades 9 [COLOR yellow][B]RUS - 1080p[/B][/COLOR] 16:00 Arsenal v Crystal Palace NJM" thumb="http://thevoice-fuerteventura.com/directory/wp-content/uploads/2014/07/keep-calm-live-football-shown-here-2.png">PlayMedia(&quot;plugin://plugin.video.NJMSoccer/?url=http%3A%2F%2Ftv.tlcr.tv%3A7676%2Ffootball1_hd%2Fplaylist.m3u8&amp;mode=12&amp;sf_options=fanart%3Dhttp%3A%2F%2Fthevoice-fuerteventura.com%2Fdirectory%2Fwp-content%2Fuploads%2F2014%2F07%2Fkeep-calm-live-football-shown-here-2.png%26meta%3Dlabel%253D%25255BCOLOR%252Byellow%25255D%25255BB%25255DRUS%252B-%252B1080p%25255B%25252FB%25255D%25255B%25252FCOLOR%25255D%252B16%25253A00%252BArsenal%252Bv%252BCrystal%252BPalace%2526title%253D%25255BCOLOR%252Byellow%25255D%25255BB%25255DRUS%252B-%252B1080p%25255B%25252FB%25255D%25255B%25252FCOLOR%25255D%252B16%25253A00%252BArsenal%252Bv%252BCrystal%252BPalace%26winID%3D10025%26_options_sf&quot;)</favourite>
    <favourite name="Renegades 9 [COLOR yellow][B]EN - SD[/B][/COLOR] 16:00 Arsenal v Crystal Palace NJM" thumb="http://thevoice-fuerteventura.com/directory/wp-content/uploads/2014/07/keep-calm-live-football-shown-here-2.png">PlayMedia(&quot;plugin://plugin.video.NJMSoccer/?url=plugin%3A%2F%2Fplugin.video.f4mTester%2F%3Fstreamtype%3DHLSRETRY%26url%3Dhttp%3A%2F%2Fmcdn-play-358.5centscdn.net%2Fskysports1extv%2Fstream1.stream%2Fplaylist.m3u8&amp;mode=12&amp;sf_options=fanart%3Dspecial%3A%2F%2Fhome%2Faddons%2Fplugin.video.NJMSoccer%2Ffanart.jpg%26meta%3Dlabel%253D%25255BCOLOR%252Byellow%25255D%25255BB%25255DEN%252B-%252BSD%25255B%25252FB%25255D%25255B%25252FCOLOR%25255D%252B16%25253A00%252BArsenal%252Bv%252BCrystal%252BPalace%2526title%253D%25255BCOLOR%252Byellow%25255D%25255BB%25255DEN%252B-%252BSD%25255B%25252FB%25255D%25255B%25252FCOLOR%25255D%252B16%25253A00%252BArsenal%252Bv%252BCrystal%252BPalace%26winID%3D10025%26_options_sf&quot;)</favourite>
</favourites>
