<favourites>
	<favourite name="Renegades 9 Leeds Vs Villa HD" thumb="http://matsbuilds.uk/pics/newevolveicons/sports.PNG">PlayMedia(&quot;plugin://plugin.video.Evolve/?url=http%3A%2F%2Fiptvch.selfip.info%2Flive%2Fsayed%2Fsayed%2F18.ts%0D&amp;mode=2&amp;name=SKY+SPORTS+1+HD%0D&amp;description=&amp;iconimage=http%3A%2F%2Fmatsbuilds.uk%2Fpics%2Fnewevolveicons%2Fsports.PNG&amp;sf_options=fanart%3Dhttps%3A%2F%2Fsuperrepo.org%2Fstatic%2Fimages%2Ffanart%2Foriginal%2Fplugin.video.LiveTV.jpg%26winID%3D10001%26_options_sf&quot;)</favourite>
	<favourite name="Renegades 9 Leeds Vs Villa HD" thumb="DefaultVideo.png">PlayMedia(&quot;plugin://plugin.video.bulldogstreams/?url=http%3A%2F%2Fplaylist.bulldogstreams.football%3A8000%2Flive%2Frandon%2Frandon%2F8430.ts&amp;mode=12&amp;sf_options=winID%3D10001%26_options_sf&quot;)</favourite>
	<favourite name="Renegades 9 Leeds Vs Villa HD" thumb="DefaultVideo.png">PlayMedia(&quot;plugin://plugin.video.ProjectCypher/?url=plugin%3A%2F%2Fplugin.video.f4mTester%2F%3Fstreamtype%3DTSDOWNLOADER%26amp%3Burl%3Dhttp%3A%2F%2Fmediaiptv.xyz%3A8000%2Flive%2Fcyphermedia4%2F0987654321%2F725.ts&amp;mode=12&amp;sf_options=winID%3D10001%26_options_sf&quot;)</favourite>
	<favourite name="Renegades 9 Leeds Vs Villa HD" thumb="DefaultFolder.png">PlayMedia(&quot;plugin://plugin.video.ZemTV-shani/?url=aXBib3g6aHR0cDovL2lwdHYubW9ua2V5Y2xpbmUuY29tOjI1NDYxL2xpdmUvamFzbmUvamFzbmUvMTY5Ny50c3xVc2VyLUFnZW50PVZMQy8yLjMuMSBMaWJWTEMvMi4yLjE3JkljeS1NZXRhRGF0YT0x&amp;mode=11&amp;name=%5BCOLOR+FF11b500%5DSky+sports+1+hd%0D+ipbox%5B%2FCOLOR%5D&amp;sf_options=winID%3D10001%26_options_sf&quot;)</favourite>
</favourites>