<favourites>
	<favourite name="Renegades 9 Titans v Bears" thumb="DefaultVideo.png">PlayMedia(&quot;plugin://plugin.video.prosport/?url=http%3A%2F%2Fwatchnfl.live%2Fmatches%2Ftennessee-titans-vs-chicago-bears-live-stream.php&amp;mode=play&amp;orig=%5BCOLOR%3DFF00FF00%5D%5BB%5DChicago+Bears+at+Tennessee+Titans%5B%2FB%5D%5B%2FCOLOR%5D&amp;sf_options=winID%3D10001%26_options_sf&quot;)</favourite>
	<favourite name="Renegades 9 Rams v Saints" thumb="DefaultVideo.png">PlayMedia(&quot;plugin://plugin.video.prosport/?url=http%3A%2F%2Fwatchnfl.live%2Fmatches%2Flos-angeles-rams-vs-new-orleans-saints-live-stream.php&amp;mode=play&amp;orig=%5BCOLOR%3DFF00FF00%5D%5BB%5DNew+Orleans+Saints+at+Los+Angeles+Rams%5B%2FB%5D%5B%2FCOLOR%5D&amp;sf_options=winID%3D10001%26_options_sf&quot;)</favourite>
	<favourite name="Renegades 9 Chargers v Texans" thumb="DefaultVideo.png">PlayMedia(&quot;plugin://plugin.video.prosport/?url=http%3A%2F%2Fwatchnfl.live%2Fmatches%2Fsan-diego-chargers-vs-houston-texans-live-stream.php&amp;mode=play&amp;orig=%5BCOLOR%3DFF00FF00%5D%5BB%5DHouston+Texans+at+San+Diego+Chargers%5B%2FB%5D%5B%2FCOLOR%5D&amp;sf_options=winID%3D10001%26_options_sf&quot;)</favourite>
	<favourite name="Renegades 9 Jaguars v Bills" thumb="DefaultVideo.png">PlayMedia(&quot;plugin://plugin.video.prosport/?url=http%3A%2F%2Fwatchnfl.live%2Fmatches%2Fjacksonville-jaguars-vs-buffalo-bills-live-stream.php&amp;mode=play&amp;orig=%5BCOLOR%3DFF00FF00%5D%5BB%5DBuffalo+Bills+at+Jacksonville+Jaguars%5B%2FB%5D%5B%2FCOLOR%5D&amp;sf_options=winID%3D10001%26_options_sf&quot;)</favourite>
	<favourite name="Renegades 9 Bengals v Ravens" thumb="DefaultVideo.png">PlayMedia(&quot;plugin://plugin.video.prosport/?url=http%3A%2F%2Fwatchnfl.live%2Fmatches%2Fcincinnati-bengals-vs-baltimore-ravens-live-stream.php&amp;mode=play&amp;orig=%5BCOLOR%3DFF00FF00%5D%5BB%5DBaltimore+Ravens+at+Cincinnati+Bengals%5B%2FB%5D%5B%2FCOLOR%5D&amp;sf_options=winID%3D10001%26_options_sf&quot;)</favourite>
	<favourite name="Renegades 9 Cardinals v Falcons" thumb="DefaultVideo.png">PlayMedia(&quot;plugin://plugin.video.prosport/?url=http%3A%2F%2Fwatchnfl.live%2Fmatches%2Farizona-cardinals-vs-atlanta-falcons-live-stream.php&amp;mode=play&amp;orig=%5BCOLOR%3DFF00FF00%5D%5BB%5DAtlanta+Falcons+at+Arizona+Cardinals%5B%2FB%5D%5B%2FCOLOR%5D&amp;sf_options=winID%3D10001%26_options_sf&quot;)</favourite>
	<favourite name="Renegades 9 Giants v Browns" thumb="DefaultVideo.png">PlayMedia(&quot;plugin://plugin.video.prosport/?url=http%3A%2F%2Fwatchnfl.live%2Fmatches%2Fnew-york-giants-vs-cleveland-browns-live-stream.php&amp;mode=play&amp;orig=%5BCOLOR%3DFF00FF00%5D%5BB%5DCleveland+Browns+at+New+York+Giants%5B%2FB%5D%5B%2FCOLOR%5D&amp;sf_options=winID%3D10001%26_options_sf&quot;)</favourite>
	<favourite name="Renegades 9 49ers v Dolphins" thumb="DefaultVideo.png">PlayMedia(&quot;plugin://plugin.video.prosport/?url=http%3A%2F%2Fwatchnfl.live%2Fwatch.php&amp;mode=play&amp;orig=%5BCOLOR%3DFF00FF00%5D%5BB%5DMiami+Dolphins+at+San+Francisco+49ers%5B%2FB%5D%5B%2FCOLOR%5D&amp;sf_options=winID%3D10001%26_options_sf&quot;)</favourite>
</favourites>