<favourites>
	<favourite name="BT Sport ESPN bamf IPTV" thumb="http://genietvcunts.co.uk/bamffff/14996309_10209473377528524_434205708_n.jpg">PlayMedia(&quot;plugin://plugin.video.sanctuary/?url=plugin%3A%2F%2Fplugin.video.f4mTester%2F%3Fstreamtype%3DTSDOWNLOADER%26amp%3Burl%3Dhttp%3A%2F%2F51.254.197.40%3A25461%2Flive%2Fscott%2Fscott%2F1704.ts%3Bname%3DBAMF+TV&amp;mode=906&amp;regexs=&amp;setCookie=&amp;sf_options=winID%3D10025%26_options_sf&quot;)</favourite>
	<favourite name="BT Sport ESPN NoName" thumb="http://www.liveonlinetv247.info/images/btsportespn.png">PlayMedia(&quot;plugin://plugin.video.no-name/?action=play&amp;url=%3Csublink%3Ehttp%3A%2F%2Fiptvfree1.com%3A6969%2Flive%2F%3D%3D%3E_www.iptvrestream.net_%3C%3D%3D%2F%3D%3D%3E_www.iptvrestream.net_%3C%3D%3D%2F3.ts%7CUser-Agent%3Diptvreatream.net%3C%2Fsublink%3E%3Csublink%3Ehttp%3A%2F%2Fwww.liveonlinetv247.info%2Fembed%2Fbtsportespn.php%3Fwidth%3D650%26height%3D480%3C%2Fsublink%3E&amp;sf_options=fanart%3Dhttps%3A%2F%2Fs20.postimg.org%2F5eos453ql%2Fhd_fantasy_wallpaper_1280x800_0912021.jpg%26winID%3D10025%26_options_sf&quot;)</favourite>
	<favourite name="BT Sport ESPN HD Bamf Iptv" thumb="http://genietvcunts.co.uk/bamffff/iptv1.jpg">PlayMedia(&quot;plugin://plugin.video.sanctuary/?url=plugin%3A%2F%2Fplugin.video.f4mTester%2F%3Fstreamtype%3DTSDOWNLOADER%26amp%3Burl%3Dhttp%3A%2F%2F51.255.70.112%3A8000%2Flive%2FLewis%2FLewis%2F731.ts%3Bname%3DBAMF+TV&amp;mode=1112&amp;sf_options=winID%3D10025%26_options_sf&quot;)</favourite>
	<favourite name="[COLORgreen]ONLINE:[/COLOR]BT SPORT ESPN Lily Sports" thumb="http://kodeeresurrection.com/LILYSPORTStxts/pngs/btespn.png">PlayMedia(&quot;plugin://plugin.video.Tigensworld/?url=plugin%3A%2F%2Fplugin.video.f4mTester%2F%3Fstreamtype%3DTSDOWNLOADER%26url%3Dhttp%3A%2F%2F93.190.139.64%3A8000%2Flive%2Fnew%2Fnew2%2F1457.ts%26streamtype%3DTSDOWNLOADER%3Bname%3DLILY+SPORTS&amp;mode=12&amp;sf_options=fanart%3Dhttp%3A%2F%2Fkodeekrazy.net%2Fprologictexts%2FSKY%2520SPORTS%2520BACKGROUND.jpg%26winID%3D10025%26_options_sf&quot;)</favourite>
	<favourite name="[COLORgreen]ONLINE:[/COLOR]BT SPORT ESPN LINK 2 Lily Sports" thumb="http://kodeeresurrection.com/LILYSPORTStxts/pngs/btespn.png">PlayMedia(&quot;plugin://plugin.video.Tigensworld/?url=plugin%3A%2F%2Fplugin.video.SportsDevil%2F%3Fmode%3D1%26amp%3Bitem%3Dcatcher%253dstreams%2526url%3Dhttp%3A%2F%2Fwww.shadow-net.org%2Fchannels%2FBT-Sport-ESPN.html%2526referer%3Dhttp%3A%2F%2Fwww.shadow-net.org%2Fchannels%2FBT-Sport-ESPN.html&amp;mode=12&amp;sf_options=fanart%3Dhttp%3A%2F%2Fkodeekrazy.net%2Fprologictexts%2FSKY%2520SPORTS%2520BACKGROUND.jpg%26winID%3D10025%26_options_sf&quot;)</favourite>
	<favourite name="BT Sport ESPN Evolve" thumb="https://www.thelogodb.com/images/media/logo/uxpyxq1441049842.png/medium">PlayMedia(&quot;plugin://plugin.video.Evolve/?url=http%3A%2F%2Fmatsbuilds.uk%2Fjack%2FEvolve%2Fsports.txt&amp;mode=3&amp;name=BT+Sport+Espn&amp;description=&amp;iconimage=https%3A%2F%2Fwww.thelogodb.com%2Fimages%2Fmedia%2Flogo%2Fuxpyxq1441049842.png%2Fmedium&amp;sf_options=fanart%3Dhttp%3A%2F%2F1.bp.blogspot.com%2F-_K70t9w1qTg%2FUjeRJNh9ODI%2FAAAAAAAAAeM%2FCNEpEMnm0Uo%2Fs1600%2Fbtespn_logos.jpg%26winID%3D10025%26_options_sf&quot;)</favourite>
</favourites>