<favourites>
	<favourite name="BT Sport ESPN sanctuary Sports" thumb="http://sport.bt.com/s/assets/ucl/images/btsportespn.png">PlayMedia(&quot;plugin://plugin.video.sanctuary/?url=plugin%3A%2F%2Fplugin.video.SportsDevil%2F%3Fmode%3D1%26amp%3Bitem%3Dcatcher%253dstreams%2526url%3Dhttp%3A%2F%2Fwww.shadow-net.org%2Fchannels%2FBT-Sport-ESPN.html%2526referer%3Dhttp%3A%2F%2Fwww.shadow-net.org%2Fchannels%2FBT-Sport-ESPN.html&amp;mode=906&amp;regexs=&amp;setCookie=&amp;sf_options=fanart%3Dspecial%3A%2F%2Fhome%2Faddons%2Fplugin.video.sanctuary%2Ffanart.jpg%26winID%3D10025%26_options_sf&quot;)</favourite>
	<favourite name="[COLORgreen][B]•[/COLOR][/B]BT Sport ESPN oblivion US" thumb="http://vps.oblivionbuilds.com/Oblivionlogo.png">PlayMedia(&quot;plugin://plugin.video.sanctuary/?url=plugin%3A%2F%2Fplugin.video.f4mTester%2F%3Fstreamtype%3DTSDOWNLOADER%26amp%3Burl%3Dhttp%3A%2F%2Fcableking-iptv.com%3A8000%2Flive%2Fsaif%2Fsaif%2F178.ts%3Bname%3DOblivion+TV&amp;mode=906&amp;regexs=&amp;setCookie=&amp;sf_options=winID%3D10025%26_options_sf&quot;)</favourite>
	<favourite name=",BT Sport EUROPE" thumb="http://genietvcunts.co.uk/bamffff/14996309_10209473377528524_434205708_n.jpg">PlayMedia(&quot;plugin://plugin.video.sanctuary/?url=plugin%3A%2F%2Fplugin.video.f4mTester%2F%3Fstreamtype%3DTSDOWNLOADER%26amp%3Burl%3Dhttp%3A%2F%2F51.254.197.40%3A25461%2Flive%2Fscott%2Fscott%2F1703.ts%3Bname%3DBAMF+TV&amp;mode=906&amp;regexs=&amp;setCookie=&amp;sf_options=winID%3D10025%26_options_sf&quot;)</favourite>
	<favourite name="BT Sport ESPN bamf IPTV" thumb="http://genietvcunts.co.uk/bamffff/14996309_10209473377528524_434205708_n.jpg">PlayMedia(&quot;plugin://plugin.video.sanctuary/?url=plugin%3A%2F%2Fplugin.video.f4mTester%2F%3Fstreamtype%3DTSDOWNLOADER%26amp%3Burl%3Dhttp%3A%2F%2F51.254.197.40%3A25461%2Flive%2Fscott%2Fscott%2F1704.ts%3Bname%3DBAMF+TV&amp;mode=906&amp;regexs=&amp;setCookie=&amp;sf_options=winID%3D10025%26_options_sf&quot;)</favourite>
	<favourite name="BT Sport ESPN NoName" thumb="http://www.liveonlinetv247.info/images/btsportespn.png">PlayMedia(&quot;plugin://plugin.video.no-name/?action=play&amp;url=%3Csublink%3Ehttp%3A%2F%2Fiptvfree1.com%3A6969%2Flive%2F%3D%3D%3E_www.iptvrestream.net_%3C%3D%3D%2F%3D%3D%3E_www.iptvrestream.net_%3C%3D%3D%2F3.ts%7CUser-Agent%3Diptvreatream.net%3C%2Fsublink%3E%3Csublink%3Ehttp%3A%2F%2Fwww.liveonlinetv247.info%2Fembed%2Fbtsportespn.php%3Fwidth%3D650%26height%3D480%3C%2Fsublink%3E&amp;sf_options=fanart%3Dhttps%3A%2F%2Fs20.postimg.org%2F5eos453ql%2Fhd_fantasy_wallpaper_1280x800_0912021.jpg%26winID%3D10025%26_options_sf&quot;)</favourite>
</favourites>