<?xml version="1.0" encoding="utf-8"?>
<window type="dialog">
    <allowoverlay>no</allowoverlay>
    <defaultcontrol always="false">4000</defaultcontrol>
    <coordinates>
        <system>1</system>
        <posx>0</posx>
        <posy>75</posy>
    </coordinates>
    <animation effect="fade" start="0" end="100" time="250">WindowOpen</animation>
    <animation effect="fade" start="100" end="0" time="250">WindowClose</animation>
    <controls>
        <control type="image">
            <posx>235</posx>
            <posy>100</posy>
            <width>1010</width>
            <height>510</height>
            <texture>channels3.PNG</texture>
        </control>
        <control type="image">
            <posx>235</posx>
            <posy>100</posy>
            <width>1010</width>
            <height>510</height>
            <texture>channels3.png</texture>
        </control>

        <control type="group"><!-- Popup contents exluding image --> 
            <posy>-12</posy>

                 <!-- Superfavs -->
                <control type="button" id="800">
                    <description>Superfavs</description>
                    <posx>428</posx>
                    <posy>460</posy>
                    <width>200</width>
                    <height>30</height>
                    <aligny>center</aligny>
                    <align>center</align>
					<onup>1000</onup>
					<ondown>803</ondown>
					<onleft>805</onleft>
					<onright>801</onright>
                    <font>font13</font>
                    <texturefocus>button-grey-focus.png</texturefocus>
                    <texturenofocus>tvguide-program-grey.png</texturenofocus>
                    <onclick>ActivateWindow(10025,&quot;plugin://plugin.program.super.favourites/?folder=Renegades&quot;,return)</onclick>					 
					<label>$ADDON[script.renegadestv 80004]</label>
                </control>

                <!-- Meta Search -->
                <control type="button" id="801">
                    <description>Meta Search</description>
                    <posx>630</posx>
                    <posy>460</posy>
                    <width>200</width>
                    <height>30</height>
                    <aligny>center</aligny>
                    <align>center</align>
					<onup>1000</onup>
					<ondown>804</ondown>
					<onleft>800</onleft>
					<onright>802</onright>
                    <font>font13</font>
                    <texturefocus>button-grey-focus.png</texturefocus>
                    <texturenofocus>tvguide-program-grey.png</texturenofocus>
                    <onclick>ActivateWindow(10025,plugin://plugin.video.meta/live/search/)</onclick>
					<label>$ADDON[script.renegadestv 80005]</label>
                </control>

                <!-- Metalliq Search -->
                <control type="button" id="802">
                    <description>Metalliq Search</description>
                    <posx>832</posx>
                    <posy>460</posy>
                    <width>200</width>
                    <height>30</height>
                    <aligny>center</aligny>
                    <align>center</align>
					<onup>1000</onup>
					<ondown>805</ondown>
					<onleft>801</onleft>
					<onright>803</onright>
                    <font>font13</font>
                    <texturefocus>button-grey-focus.png</texturefocus>
                    <texturenofocus>tvguide-program-grey.png</texturenofocus>
                    <onclick>ActivateWindow(10025,plugin://plugin.video.metalliq/live/search/)</onclick>
					<label>$ADDON[script.renegadestv 80006]</label>
                </control>
				
                <!-- Change Guide -->
                <control type="button" id="803">
                    <description>Change Guide</description>
                    <posx>428</posx>
                    <posy>492</posy>
                    <width>200</width>
                    <height>30</height>
                    <aligny>center</aligny>
                    <align>center</align>
					<onup>800</onup>
					<ondown>1000</ondown>
					<onleft>802</onleft>
					<onright>804</onright>
                    <font>font13</font>
                    <texturefocus>button-grey-focus.png</texturefocus>
                    <texturenofocus>tvguide-program-grey.png</texturenofocus>
					<onclick>RunScript(special://home/addons/script.renegadestv/guideTypes.py)</onclick>
					<label>$ADDON[script.renegadestv 80008]</label>
                </control>

				<control type="button" id="804"><!-- TV Catchup -->
					<posx>630</posx>
					<posy>492</posy>
					<width>200</width>
					<height>30</height>
					<texturefocus>button-grey-focus.png</texturefocus>
					<texturenofocus>tvguide-program-grey.png</texturenofocus>
					<onup>801</onup>
					<ondown>1000</ondown>
					<onleft>803</onleft>
					<onright>805</onright>
					<align>center</align>
					<aligny>center</aligny>
					<font>font13</font>
					<textcolor>ffffffff</textcolor>
					<onclick>ActivateWindow(10025,&quot;plugin://plugin.video.metalliq/&quot;,return)</onclick>
					<label>TV Catchup</label>
				</control>


                <!-- Settings -->
                <control type="button" id="805">
                    <description>Settings</description>
                    <posx>832</posx>
                    <posy>492</posy>
                    <width>200</width>
                    <height>30</height>
                    <aligny>center</aligny>
                    <align>center</align>
					<onup>802</onup>
					<ondown>1000</ondown>
					<onleft>804</onleft>
					<onright>800</onright>
                    <font>font13</font>
                    <texturefocus>button-grey-focus.png</texturefocus>
                    <texturenofocus>tvguide-program-grey.png</texturenofocus>
					<onclick>Addon.OpenSettings(script.renegadestv)</onclick>
					<label>$ADDON[script.renegadestv 80007]</label>
                </control>

		
        <control type="label" id="4000">
            <posx>430</posx>
            <posy>130</posy>
            <width>600</width>
            <height>80</height>
            <textcolor>ffffffff</textcolor>
            <font>font13</font>
            <align>center</align>
            <label>[B]$ADDON[script.renegadestv 30700][/B]</label>
            <wrapmultiline>true</wrapmultiline>
        </control>

        <control type="fixedlist" id="1000">
            <posx>430</posx>
            <posy>250</posy>
            <width>600</width>
            <height>180</height>
			<onup>804</onup>
			<ondown>801</ondown>
            <viewtype label="list">list</viewtype>
            <orientation>horizontal</orientation>
            <focusposition>1</focusposition>

            <itemlayout width="200" height="200">
                <control type="image">
                    <posx>0</posx>
                    <posy>0</posy>
                    <width>200</width>
                    <height>20180</height>
                    <texture>tvguide-program-grey.png</texture>
                </control>
                <control type="image">
                    <posx>31</posx>
                    <posy>16</posy>
                    <width>128</width>
                    <height>128</height>
                    <info>ListItem.Icon</info>
                </control>
                <control type="label">
                    <posx>-4</posx>
                    <posy>140</posy>
                    <width>200</width>
                    <height>40</height>
                    <align>center</align>
                    <font>font13</font>
                    <textcolor>ffffffff</textcolor>
                    <info>ListItem.Label</info>
                </control>
            </itemlayout>
            <focusedlayout width="200" height="200">
                <control type="image">
                    <posx>0</posx>
                    <posy>0</posy>
                    <width>200</width>
                    <height>180</height>
                    <texture>tvguide-program-grey-focus.png</texture>
                    <visible>Control.HasFocus(1000)</visible>
                </control>
                <control type="image">
                    <posx>31</posx>
                    <posy>16</posy>
                    <width>128</width>
                    <height>128</height>
                    <info>ListItem.Icon</info>
                </control>
                <control type="label">
                    <posx>5</posx>
                    <posy>140</posy>
                    <width>180</width>
                    <height>40</height>
                    <align>center</align>
                    <font>font13</font>
                    <textcolor>ffffffff</textcolor>
                    <info>ListItem.Label</info>
                </control>
            </focusedlayout>
        </control>
    </control><!-- Popup contents exluding image --> 
    </controls>
</window>