<?xml version="1.0" encoding="utf-8"?>
<window>
	<allowoverlay>no</allowoverlay>
	<coordinates>
		<system>1</system>
		<posx>0</posx>
		<posy>0</posy>
	</coordinates>
	<controls>
        <control type="image">
            <description>workaround for texture not being loaded</description>
            <posx>10000</posx>
            <posy>10000</posy>
            <width>1</width>
            <height>1</height>
            <texture>tvguide-program-grey.png</texture>
        </control>
        <control type="image">
            <description>workaround for texture not being loaded</description>
            <posx>10000</posx>
            <posy>10000</posy>
            <width>1</width>
            <height>1</height>
            <texture>tvguide-program-grey-focus.png</texture>
        </control>

        <!-- Background -->
		<control type="image" id="4600">
			<posx>0</posx>
			<posy>0</posy>
			<width>1280</width>
			<height>720</height>
            <texture>tvguide-background-default.jpg</texture>
            <fadetime>500</fadetime>
            <animation type="Conditional" condition="Control.IsVisible(5000)">
                <effect type="fade" start="100" end="0" time="500" />
            </animation>
		</control>
        <control type="image">
            <posx>0</posx>
            <posy>0</posy>
            <width>1280</width>
            <height>720</height>
            <texture>tvguide-background.jpg</texture>
            <animation type="Conditional" condition="Control.IsVisible(5000)">
                <effect type="fade" start="100" end="0" time="500" />
            </animation>
        </control>

        <control type="label" id="5000">
            <description>visibility marker for TV Guide group</description>
        </control>
        <control type="group">
            <description>TV Guide group</description>
            <posx>0</posx>
            <posy>0</posy>
            <width>1280</width>
            <height>720</height>
            <visible>!Control.IsVisible(5000)</visible>

            <control type="button" id="5001">
                <description>marker for EPG data view - should be hidden!</description>
                <posx>400</posx>
                <posy>200</posy>
                <width>800</width>
                <height>400</height>
                <visible>false</visible>
            </control>
			
			<control type="image" id="4100">
                <posx>180</posx>
                <posy>202</posy>
                <width>10</width>
                <height>392</height>
                <texture>tvguide-timebar.png</texture>
            </control>

			<control type="image">
				<description>workaround for texture not being loaded</description>
				<posx>0</posx>
				<posy>260</posy>
				<width>280</width>
				<height>455</height>
				<visible>true</visible>
				<texture>tvguide-background-left.png</texture>
			</control>
			
			<control type="image">
				<description>workaround for texture not being loaded</description>
				<posx>1280</posx>
				<posy>260</posy>
				<width>-102</width>
				<height>455</height>
				<visible>true</visible>
				<texture>tvguide-background-right.png</texture>
			</control>
			
			<control type="image">
                <description>FTV Guide logo</description>
                <posx>40</posx>
                <posy>20</posy>
                <width>160</width>
                <height>65</height>
                <aspectratio>keep</aspectratio>
                <fadetime>500</fadetime>
                <texture>ftvguide-logo.png</texture>
            </control>

            <!-- Date and time row -->
            <control type="group">
                <posx>0</posx>
                <posy>10</posy>
                <width>1280</width>
                <height>50</height>
                <visible>true</visible>
				
			

                <control type="label" id="4000">
                    <description>Displays todays date</description>
                    <posx>1150</posx>
                    <posy>-30</posy>
                    <width>180</width>
                    <height>100</height>
                    <textcolor>ff6db9e5</textcolor>
                    <font>font16</font>
					<align>right</align>
                    <aligny>center</aligny>
					<visible>false</visible>
                </control>
				
				<control type="label" id="3999">
                    <description>Displays todays date</description>
                    <posx>10</posx>
                    <posy>640</posy>
                    <width>200</width>
                    <height>100</height>
                    <textcolor>ff6db9e5</textcolor>
                    <font>font13</font>
					<align>center</align>
					<wrapmultiline>true</wrapmultiline>
                    <aligny>justify</aligny>
                </control>
				
				<control type="label">
                    <description>Displays todays date</description>
                    <posx>145</posx>
                    <posy>570</posy>
                    <width>200</width>
                    <height>100</height>
                    <textcolor>ff6db9e5</textcolor>
                    <font>font16</font>
					<align>right</align>
                    <aligny>center</aligny>
					<label>$INFO[System.Time(hh:mm:xx)]</label>
                </control>
				
				<control type="label">
                    <description>Displays todays date</description>
                    <posx>400</posx>
                    <posy>30</posy>
                    <width>500</width>
                    <height>100</height>
                    <textcolor>ffffffff</textcolor>
                    <font>font13</font>
					<align>left</align>
                    <aligny>center</aligny>
					<label>TV Guide</label>
					<visible>false</visible>
                </control>
				
                <control type="label" id="4001">
                    <description>1st half hour column</description>
                    <posx>400</posx>
                    <posy>150</posy>
                    <width>270</width>
                    <height>50</height>
                    <textcolor>ffffffff</textcolor>
                    <font>font13</font>
                    <aligny>center</aligny>
                </control>
                <control type="label" id="4002">
                    <description>2nd half hour column</description>
                    <posx>600</posx>
                    <posy>150</posy>
                    <width>270</width>
                    <height>50</height>
                    <textcolor>ffffffff</textcolor>
                    <font>font13</font>
                    <aligny>center</aligny>
                </control>
                <control type="label" id="4003">
                    <description>3rd half hour column</description>
                    <posx>800</posx>
                    <posy>150</posy>
                    <width>270</width>
                    <height>50</height>
                    <textcolor>ffffffff</textcolor>
                    <font>font13</font>
                    <aligny>center</aligny>
                </control>
                <control type="label" id="4004">
                    <description>4th half hour column</description>
                    <posx>1000</posx>
                    <posy>150</posy>
                    <width>270</width>
                    <height>50</height>
                    <textcolor>ffffffff</textcolor>
                    <font>font13</font>
                    <aligny>center</aligny>
                </control>
            </control>

            <!-- Channels column -->
            <control type="group">
                <posx>150</posx>
                <posy>60</posy>
                <width>180</width>
                <height>400</height>
                <visible>true</visible>

                <!-- text labels -->
                <control type="label" id="4010">
                    <description>1st channel</description>
                    <posx>90</posx>
                    <posy>140</posy>
                    <width>190</width>
                    <height>50</height>
                    <textcolor>ffffffff</textcolor>
                    <font>font13</font>
                    <align>left</align>
                    <aligny>center</aligny>
                    <visible>StringCompare(Control.GetLabel(4110),)</visible>
					<texturenofocus>tvguide-program-grey.png</texturenofocus>
                </control>
                <control type="label" id="4011">
                    <description>2nd channel</description>
                    <posx>90</posx>
                    <posy>190</posy>
                    <width>190</width>
                    <height>50</height>
                    <textcolor>ffffffff</textcolor>
                    <font>font13</font>
                    <align>left</align>
                    <aligny>center</aligny>
                    <visible>StringCompare(Control.GetLabel(4111),)</visible>
                </control>
                <control type="label" id="4012">
                    <description>3rd channel</description>
                    <posx>90</posx>
                    <posy>240</posy>
                    <width>190</width>
                    <height>50</height>
                    <textcolor>ffffffff</textcolor>
                    <font>font13</font>
                    <align>left</align>
                    <aligny>center</aligny>
                    <visible>StringCompare(Control.GetLabel(4112),)</visible>
                </control>
                <control type="label" id="4013">
                    <description>4th channel</description>
                    <posx>90</posx>
                    <posy>290</posy>
                    <width>190</width>
                    <height>50</height>
                    <textcolor>ffffffff</textcolor>
                    <font>font13</font>
                    <align>left</align>
                    <aligny>center</aligny>
                    <visible>StringCompare(Control.GetLabel(4113),)</visible>
                </control>
                <control type="label" id="4014">
                    <description>5th channel</description>
                    <posx>90</posx>
                    <posy>340</posy>
                    <width>190</width>
                    <height>50</height>
                    <textcolor>ffffffff</textcolor>
                    <font>font13</font>
                    <align>left</align>
                    <aligny>center</aligny>
                    <visible>StringCompare(Control.GetLabel(4114),)</visible>
                </control>
                <control type="label" id="4015">
                    <description>6th channel</description>
                    <posx>90</posx>
                    <posy>390</posy>
                    <width>190</width>
                    <height>50</height>
                    <textcolor>ffffffff</textcolor>
                    <font>font13</font>
                    <align>left</align>
                    <aligny>center</aligny>
                    <visible>StringCompare(Control.GetLabel(4115),)</visible>
                </control>
                <control type="label" id="4016">
                    <description>7th channel</description>
                    <posx>90</posx>
                    <posy>440</posy>
                    <width>190</width>
                    <height>50</height>
                    <textcolor>ffffffff</textcolor>
                    <font>font13</font>
                    <align>left</align>
                    <aligny>center</aligny>
                    <visible>StringCompare(Control.GetLabel(4116),)</visible>
                </control>
                <control type="label" id="4017">
                    <description>8th channel</description>
                    <posx>90</posx>
                    <posy>490</posy>
                    <width>190</width>
                    <height>50</height>
                    <textcolor>ffffffff</textcolor>
                    <font>font13</font>
                    <align>left</align>
                    <aligny>center</aligny>
                    <visible>StringCompare(Control.GetLabel(4117),)</visible>
                </control>
                <control type="label" id="4018">
                    <description>9th channel</description>
                    <posx>90</posx>
                    <posy>540</posy>
                    <width>190</width>
                    <height>50</height>
                    <textcolor>ffffffff</textcolor>
                    <font>font13</font>
                    <align>left</align>
                    <aligny>center</aligny>
                    <visible>StringCompare(Control.GetLabel(4118),)</visible>
                </control>

                <!-- logo images -->
                <control type="image" id="4110">
                    <description>1st channel</description>
                    <posx>90</posx>
                    <posy>140</posy>
                    <width>160</width>
                    <height>45</height>
                    <aspectratio>keep</aspectratio>
                    <visible>!StringCompare(Control.GetLabel(4110),)</visible>
                </control>
                <control type="image" id="4111">
                    <description>2nd channel</description>
                    <posx>90</posx>
                    <posy>190</posy>
                    <width>160</width>
                    <height>45</height>
                    <aspectratio>keep</aspectratio>
                    <visible>!StringCompare(Control.GetLabel(4111),)</visible>
                </control>
                <control type="image" id="4112">
                    <description>3rd channel</description>
                    <posx>90</posx>
                    <posy>240</posy>
                    <width>160</width>
                    <height>45</height>
                    <aspectratio>keep</aspectratio>
                    <visible>!StringCompare(Control.GetLabel(4112),)</visible>
                </control>
                <control type="image" id="4113">
                    <description>4th channel</description>
                    <posx>90</posx>
                    <posy>290</posy>
                    <width>160</width>
                    <height>45</height>
                    <aspectratio>keep</aspectratio>
                    <visible>!StringCompare(Control.GetLabel(4113),)</visible>
                </control>
                <control type="image" id="4114">
                    <description>5th channel</description>
                    <posx>90</posx>
                    <posy>340</posy>
                    <width>160</width>
                    <height>45</height>
                    <aspectratio>keep</aspectratio>
                    <visible>!StringCompare(Control.GetLabel(4114),)</visible>
                </control>
                <control type="image" id="4115">
                    <description>6th channel</description>
                    <posx>90</posx>
                    <posy>390</posy>
                    <width>160</width>
                    <height>45</height>
                    <aspectratio>keep</aspectratio>
                    <visible>!StringCompare(Control.GetLabel(4115),)</visible>
                </control>
                <control type="image" id="4116">
                    <description>7th channel</description>
                    <posx>90</posx>
                    <posy>440</posy>
                    <width>160</width>
                    <height>45</height>
                    <aspectratio>keep</aspectratio>
                    <visible>!StringCompare(Control.GetLabel(4116),)</visible>
                </control>
                <control type="image" id="4117">
                    <description>8th channel</description>
                    <posx>90</posx>
                    <posy>490</posy>
                    <width>160</width>
                    <height>45</height>
                    <aspectratio>keep</aspectratio>
                    <visible>!StringCompare(Control.GetLabel(4117),)</visible>
                </control>
                <control type="image" id="4118">
                    <description>9th channel</description>
                    <posx>90</posx>
                    <posy>540</posy>
                    <width>160</width>
                    <height>45</height>
                    <aspectratio>keep</aspectratio>
                    <visible>!StringCompare(Control.GetLabel(4118),)</visible>
                </control>
            </control>

            <control type="label" id="4020">
                <description>Program title</description>
                <posx>520</posx>
                <posy>10</posy>
                <width>630</width>
                <height>50</height>
                <textcolor>ff6db9e5</textcolor>
                <font>font13</font>
				<align>left</align>
                <aligny>center</aligny>
            </control>
            <control type="image" id="4024">
                <description>Channel logo</description>
                <posx>540</posx>
                <posy>518</posy>
                <width>80</width>
                <height>40</height>
                <aspectratio>keep</aspectratio>
                <fadetime>500</fadetime>
                <visible>false</visible><!-- unused in default skin -->
            </control>
            <control type="label" id="4021">
                <description>Program time</description>
                <posx>260</posx>
                <posy>10</posy>
                <width>340</width>
                <height>50</height>
                <textcolor>ff6db9e5</textcolor>
                <font>font13</font>
                <align>left</align>
                <aligny>center</aligny>
            </control>
            <control type="textbox" id="4022">
                <description>Program description</description>
                <posx>260</posx>
                <posy>55</posy>
                <width>900</width>
                <height>95</height>
                <textcolor>ffffffff</textcolor>
                <font>font13</font>
				<align>justify</align>
                <wrapmultiline>true</wrapmultiline>
                <autoscroll time="3600" delay="6000" repeat="6000">true</autoscroll>
            </control>
            <control type="image" id="4023">
                <description>Program logo / Source logo</description>
                <posx>930</posx>
                <posy>515</posy>
                <width>320</width>
                <height>160</height>
                <aspectratio>keep</aspectratio>
                <fadetime>500</fadetime>
				<visible>false</visible>
                <texture>tvguide-logo-epg.png</texture>
            </control>

            
			
            <control type="label" id="4200">
                <description>visibility marker for loading group</description>
            </control>
            <control type="group">
                <posx>340</posx>
                <posy>250</posy>
                <width>600</width>
                <height>55</height>
                <visible>!Control.IsVisible(4200)</visible>
                <animation effect="fade" start="0" end="100" time="250" delay="1500">Visible</animation>

                <control type="image">
                    <description>loading splash</description>
                    <posx>0</posx>
                    <posy>0</posy>
                    <width>55</width>
                    <height>55</height>
                    <texture>tvguide-loading.gif</texture>
                </control>
                <control type="label">
                    <description>loading splash</description>
                    <posx>70</posx>
                    <posy>0</posy>
                    <width>600</width>
                    <height>55</height>
                    <label>$ADDON[script.renegadestv 30001]</label>
                    <textcolor>ff6db9e5</textcolor>
                    <font>font30</font>
                    <aligny>center</aligny>
                </control>
                <control type="progress" id="4201">
                    <posx>70</posx>
                    <posy>50</posy>
                    <width>580</width>
                    <height>2</height>
                    <texturebg />
                    <lefttexture />
                    <midtexture>tvguide-white-progress.png</midtexture>
                    <righttexture />
                </control>
                <control type="label" id="4202">
                    <description>loading time left</description>
                    <posx>70</posx>
                    <posy>50</posy>
                    <width>600</width>
                    <height>50</height>
                    <label>...</label>
                    <textcolor>ff6db9e5</textcolor>
                    <font>font13</font>
                    <aligny>center</aligny>
                </control>
                <control type="button" id="4203">
                    <posx>70</posx>
                    <posy>100</posy>
                    <width>150</width>
                    <height>50</height>
                    <label>$ADDON[script.renegadestv 30008]</label>
                    <textcolor>ff6db9e5</textcolor>
                    <font>font13</font>
                    <aligny>center</aligny>
                    <align>center</align>
                    <texturefocus>tvguide-program-grey-focus.png</texturefocus>
                    <texturenofocus>tvguide-program-grey.png</texturenofocus>
                </control>
            </control>

             <control type="label" id="4300">
                <description>visibility marker for mouse control group</description>
                <posx>0</posx>
                <posy>0</posy>
                <width>50</width>
                <height>50</height>
            </control>
			
            <control type="group">
                <posx>0</posx>
                <posy>0</posy>
                <width>1280</width>
                <height>70</height>
                <visible>true</visible>
                <animation effect="slide" start="0,10" end="0,10" time="500">Visible</animation>
                <animation effect="slide" start="0,10" end="0,10" time="500">Hidden</animation>

                <control type="label">
                    <posx>225</posx>
                    <posy>655</posy>
                    <width>300</width>
                    <height>50</height>
                    <label>Touch Screen or Mouse Control</label>
                    <textcolor>ffffffff</textcolor>
                    <font>DefaultCaps</font>
                    <aligny>center</aligny>
                    <visible>false</visible>
                </control>
                <control type="label">
                    <posx>760</posx>
                    <posy>655</posy>
                    <width>420</width>
                    <height>50</height>
                    <label>You can also use the Scroll Wheel</label>
                    <textcolor>ffffffff</textcolor>
                    <font>DefaultCaps</font>
                    <aligny>center</aligny>
					<visible>false</visible>
                </control>

                <control type="button" id="4302">
                    <description>navigate left</description>
                    <posx>45</posx>
                    <posy>500</posy>
                    <width>50</width>
                    <height>50</height>
                    <textcolor>ffffffff</textcolor>
                    <font>DefaultCaps</font>
                    <label></label>
                    <aligny>center</aligny>
                    <align>center</align>
                    <texturefocus>tvguide-touch_left_focus.png</texturefocus>
                    <texturenofocus>tvguide-touch_left.png</texturenofocus>
                </control>
                <control type="button" id="4303">
                    <description>navigate up</description>
                    <posx>90</posx>
                    <posy>450</posy>
                    <width>50</width>
                    <height>50</height>
                    <textcolor>ffffffff</textcolor>
                    <font>DefaultCaps</font>
                    <label></label>
                    <aligny>center</aligny>
                    <align>center</align>
                    <texturefocus>tvguide-touch_up_focus.png</texturefocus>
                    <texturenofocus>tvguide-touch_up.png</texturenofocus>
                </control>
                <control type="button" id="4304">
                    <description>navigate down</description>
                    <posx>90</posx>
                    <posy>550</posy>
                    <width>50</width>
                    <height>50</height>
                    <textcolor>ffffffff</textcolor>
                    <font>DefaultCaps</font>
                    <label></label>
                    <aligny>center</aligny>
                    <align>center</align>
                    <texturefocus>tvguide-touch_down_focus.png</texturefocus>
                    <texturenofocus>tvguide-touch_down.png</texturenofocus>
                </control>
                <control type="button" id="4305">
                    <description>navigate right</description>
                    <posx>135</posx>
                    <posy>500</posy>
                    <width>50</width>
                    <height>50</height>
                    <textcolor>ffffffff</textcolor>
                    <font>DefaultCaps</font>
                    <label></label>
                    <aligny>center</aligny>
                    <align>center</align>
                    <texturefocus>tvguide-touch_right_focus.png</texturefocus>
                    <texturenofocus>tvguide-touch_right.png</texturenofocus>
                </control>
				<control type="button" id="4307">
                    <description>Youtube</description>
                    <posx>40</posx>
                    <posy>145</posy>
                    <width>75</width>
                    <height>42</height>
                    <textcolor>ffffffff</textcolor>
                    <font>DefaultCaps</font>
                    <label></label>
                    <aligny>center</aligny>
                    <align>center</align>
                    <texturefocus>Youtube_focus.png</texturefocus>
                    <texturenofocus>Youtube.png</texturenofocus>
					<onclick>ActivateWindow(10025,"plugin://plugin.video.youtube/kodion/search/list/")</onclick>
                </control>
				<control type="button" id="4308">
                    <description>meta movies</description>
                    <posx>125</posx>
                    <posy>145</posy>
                    <width>75</width>
                    <height>42</height>
                    <textcolor>ffffffff</textcolor>
                    <font>DefaultCaps</font>
                    <label></label>
                    <aligny>center</aligny>
                    <align>center</align>
                    <texturefocus>Meta_Movies_Focus.png</texturefocus>
                    <texturenofocus>Meta_Movies.png</texturenofocus>
					<onclick>RunPlugin("plugin://plugin.video.meta/movies/search"),return</onclick>
                </control>
				<control type="button" id="4309">
                    <description>Meta TV</description>
                    <posx>125</posx>
                    <posy>195</posy>
                    <width>75</width>
                    <height>42</height>
                    <textcolor>ffffffff</textcolor>
                    <font>DefaultCaps</font>
                    <label></label>
                    <aligny>center</aligny>
                    <align>center</align>
                    <texturefocus>Meta_Television_Focus.png</texturefocus>
                    <texturenofocus>Meta_Television.png</texturenofocus>
					<onclick>RunPlugin("plugin://plugin.video.meta/tv/search"),return</onclick>
                </control>
				<control type="button" id="4310">
                    <description>Super Favourites</description>
                    <posx>40</posx>
                    <posy>195</posy>
                    <width>75</width>
                    <height>42</height>
                    <textcolor>ffffffff</textcolor>
                    <font>DefaultCaps</font>
                    <label></label>
                    <aligny>center</aligny>
                    <align>center</align>
                    <texturefocus>Super_Favs_Focus.png</texturefocus>
                    <texturenofocus>Super_Favs.png</texturenofocus>
					<onclick>ActivateWindow(10025,"plugin://plugin.program.super.favourites/?folder=RENEGADES/",return)</onclick>
                </control>
				<control type="button" id="4311">
                    <description>Extended Info Movies</description>
                    <posx>40</posx>
                    <posy>245</posy>
                    <width>75</width>
                    <height>42</height>
                    <textcolor>ffffffff</textcolor>
                    <font>DefaultCaps</font>
                    <label></label>
                    <aligny>center</aligny>
                    <align>center</align>
                    <texturefocus>EIM_Movies_focus.png</texturefocus>
                    <texturenofocus>EIM_Movies.png</texturenofocus>
					<onclick>RunScript(script.extendedinfo,info=list,type=movie)</onclick>
                </control>
				<control type="button" id="4312">
                    <description>EIM TV</description>
                    <posx>125</posx>
                    <posy>245</posy>
                    <width>75</width>
                    <height>42</height>
                    <textcolor>ffffffff</textcolor>
                    <font>DefaultCaps</font>
                    <label></label>
                    <aligny>center</aligny>
                    <align>center</align>
                    <texturefocus>EIM_TV_focus.png</texturefocus>
                    <texturenofocus>EIM_TV.png</texturenofocus>
					<onclick>RunScript(script.extendedinfo,info=list,type=tv)</onclick>
                </control>
				
                <control type="button" id="4306">
                    <description>exit</description>
                    <posx>1180</posx>
                    <posy>620</posy>
                    <width>100</width>
                    <height>100</height>
                    <textcolor>ff6db9e5</textcolor>
                    <font>DefaultCaps</font>
                    <label></label>
                    <aligny>center</aligny>
                    <align>center</align>
                    <texturefocus>power.png</texturefocus>
                    <texturenofocus>power.png</texturenofocus>
                </control>

            </control>


        </control><!-- id="5000" -->

       <control type="videowindow">
            <posx>0</posx>
            <posy>0</posy>
            <width>1280</width>
            <height>720</height>
            <animation type="Conditional" condition="!Control.IsVisible(5000)">
                <effect type="zoom" end="17.7" center="4,375" time="500" />
            </animation>
        </control>

        <control type="label" id="6000">
            <description>visibility marker for OSD Info bar</description>
        </control>
        <control type="group">
            <description>OSD Info bar</description>
            <posx>0</posx>
            <posy>0</posy>
            <width>1280</width>
            <height>220</height>
            <visible>!Control.IsVisible(6000)</visible>
            <animation effect="fade" start="0" end="100" time="500">VisibleChange</animation>

            <control type="image">
                <posx>0</posx>
                <posy>0</posy>
                <width>1280</width>
                <height>220</height>
                <texture>osd-main.png</texture>
            </control>

            <!-- Program description -->
            <control type="label" id="6001">
                <description>Program title</description>
                <posx>100</posx>
                <posy>500</posy>
                <width>850</width>
                <height>50</height>
                <label>[B]Title[/B]</label>
                <textcolor>ffffffff</textcolor>
                <font>font13</font>
                <aligny>center</aligny>
            </control>
            <control type="label" id="6002">
                <description>Program time</description>
                <posx>1160</posx>
                <posy>500</posy>
                <width>240</width>
                <height>50</height>
                <label>[B]18:00 - 20:00[/B]</label>
                <textcolor>ffffffff</textcolor>
                <font>font13</font>
                <align>right</align>
                <aligny>center</aligny>
            </control>
            <control type="textbox" id="6003">
                <description>Program description</description>
                <posx>100</posx>
                <posy>540</posy>
                <width>1400</width>
                <height>50</height>
                <label>Description</label>
                <textcolor>ffffffff</textcolor>
                <font>font13</font>
				<align>justify</align>
                <wrapmultiline>true</wrapmultiline>

                <autoscroll time="3600" delay="6000" repeat="6000">true</autoscroll>
            </control>
            <control type="image" id="6004">
                <description>Program channel logo</description>
                <posx>1000</posx>
                <posy>653</posy>
                <width>160</width>
                <height>45</height>
				<align>right</align>
                <aspectratio>keep</aspectratio>
				<visible>true</visible>
            </control>
            <control type="label" id="6005">
                <description>Program channel text</description>
                <posx>100</posx>
                <posy>475</posy>
                <width>260</width>
                <height>45</height>
                <textcolor>ffffffff</textcolor>
                <font>font13</font>
                <align>left</align>
				<label>[B]Channel[/B]</label>
            </control>
			
			<control type="label">
                <description>Program channel text</description>
                <posx>1160</posx>
                <posy>475</posy>
                <width>260</width>
                <height>45</height>
                <textcolor>ffffffff</textcolor>
                <font>font13</font>
                <align>right</align>
				<label>$INFO[System.Time(hh:mm:xx)]$INFO[System.Date(" ddd")]$INFO[System.Date(" DD/MM")]</label>
            </control>
			
			<control type="image">
                <description>Program channel text</description>
                <posx>100</posx>
                <posy>660</posy>
                <width>16</width>
                <height>40</height>
				<texture>tvguide-channel-updownarrow.png</texture>
            </control>
			
			<control type="label">
                <description>Program channel text</description>
                <posx>120</posx>
                <posy>667</posy>
                <width>260</width>
                <height>45</height>
                <textcolor>ffaaaaaa</textcolor>
                <font>font13</font>
                <align>left</align>
				<label>Channels</label>
            </control>
			
			<control type="image">
                <description>Program channel text</description>
                <posx>220</posx>
                <posy>675</posy>
                <width>40</width>
                <height>16</height>
				<texture>tvguide-channel-leftrightarrow.png</texture>
            </control>
			
			<control type="label">
                <description>Program channel text</description>
                <posx>258</posx>
                <posy>667</posy>
                <width>260</width>
                <height>45</height>
                <textcolor>ffaaaaaa</textcolor>
                <font>font13</font>
                <align>left</align>
				<label>Time</label>
            </control>

        </control>

	</controls>
</window>
