<favourites>
	<favourite name="MTV Classic" thumb="https://app.uktvnow.net/images/channel_imgs/200116013404mtvclas.png|User-Agent=Dalvik/2.1.0 (Linux; U; Android 6.0.1; SM-G935F Build/MMB29K)">PlayMedia(&quot;playmedia(&quot;plugin://plugin.video.uktvnow/?url=url&amp;mode=2&amp;name=MTV+Classic&amp;channelid=151&amp;iconimage=https%3A%2F%2Fapp.uktvnow.net%2Fimages%2Fchannel_imgs%2F200116013404mtvclas.png%7CUser-Agent%3DDalvik%2F2.1.0+%28Linux%3B+U%3B+Android+6.0.1%3B+SM-G935F+Build%2FMMB29K%29&quot;)&amp;sf_options=meta%3Dcastandrole%253D%25255B%25255D%2526label%253DMTV%252BClassic%26winID%3D10025%26_options_sf&quot;)</favourite>
	<favourite name="MTV Classic - UKTV - 25/08/2016" thumb="https://app.uktvnow.net/images/channel_imgs/200116013404mtvclas.png|User-Agent=Dalvik/2.1.0 (Linux; U; Android 6.0.1; SM-G935F Build/MMB29K)">PlayMedia(&quot;plugin://plugin.video.uktvnow/?url=url&amp;mode=2&amp;name=MTV+Classic&amp;channelid=151&amp;iconimage=https%3A%2F%2Fapp.uktvnow.net%2Fimages%2Fchannel_imgs%2F200116013404mtvclas.png%7CUser-Agent%3DDalvik%2F2.1.0+%28Linux%3B+U%3B+Android+6.0.1%3B+SM-G935F+Build%2FMMB29K%29&amp;sf_options=fanart%3Dspecial%3A%2F%2Fhome%2Faddons%5Cplugin.video.uktvnow%5Cfanart.jpg%26meta%3Dplot%253D151%2526label%253DMTV%252BClassic%2526title%253DMTV%252BClassic%26winID%3D10025%26desc%3D151%26_options_sf&quot;)</favourite>
	<favourite name="MTV Dance" thumb="https://app.uktvnow.net/images/channel_imgs/290616023145mtvd.png|User-Agent=Dalvik/2.1.0 (Linux; U; Android 6.0.1; SM-G935F Build/MMB29K)">PlayMedia(&quot;plugin://plugin.video.uktvnow/?url=url&amp;mode=2&amp;name=MTV+Dance&amp;channelid=295&amp;iconimage=https%3A%2F%2Fapp.uktvnow.net%2Fimages%2Fchannel_imgs%2F290616023145mtvd.png%7CUser-Agent%3DDalvik%2F2.1.0+%28Linux%3B+U%3B+Android+6.0.1%3B+SM-G935F+Build%2FMMB29K%29&amp;sf_options=fanart%3Dspecial%3A%2F%2Fhome%2Faddons%2Fplugin.video.uktvnow%2Ffanart.jpg%26meta%3Dplot%253D295%2526label%253DMTV%252BDance%2526castandrole%253D%25255B%25255D%2526title%253DMTV%252BDance%26winID%3D10025%26desc%3D295%26_options_sf&quot;)</favourite>
	<favourite name="MTV Classic - Vidtime - 12/08/2016" thumb="http://s20.postimg.org/isn5lxr3h/MTV.png">PlayMedia(&quot;plugin://plugin.video.f4mTester/?url=http://cdn04.selling-team.net:8000/live/dblack/dblack/8909.ts&amp;streamtype=TSDOWNLOADER&amp;name=MTV Classics&amp;sf_options=fanart%3Dhttp%3A%2F%2Fs20.postimg.org%2Fdoltr1fu5%2FVTTVBackground.png%26meta%3Dlabel%253D%25255BCOLOR%252Borange%25255DMTV%252BClassics%25255B%25252FCOLOR%25255D%26winID%3D10025%26_options_sf&quot;)</favourite>
</favourites>