<favourites>
	<favourite name="Astro Supersport 3 zem 17/11/2016" thumb="DefaultFolder.png">PlayMedia(&quot;plugin://plugin.video.ZemTV-shani/?url=aXBib3g6aHR0cDovL2lwdHYubW9ua2V5Y2xpbmUuY29tOjI1NDYxL2xpdmUvamFzbmUvamFzbmUvNjIxOS50c3xVc2VyLUFnZW50PVZMQy8yLjIuMSBMaWJWTEMvMi4yLjE3JkljeS1NZXRhRGF0YT0x&amp;mode=11&amp;name=%5BCOLOR+FF11b500%5DMy%3A+astro+supersport+3%0D+ipbox%5B%2FCOLOR%5D&amp;sf_options=winID%3D10001%26_options_sf&quot;)</favourite>
	<favourite name="Astro Supersport 3 zem 17/11/2016" thumb="DefaultFolder.png">PlayMedia(&quot;plugin://plugin.video.ZemTV-shani/?url=aXBib3g6aHR0cDovL2lwdHYubW9ua2V5Y2xpbmUuY29tOjI1NDYxL2xpdmUvamFzbmUvamFzbmUvNjIxNC50c3xVc2VyLUFnZW50PVZMQy8yLjIuMSBMaWJWTEMvMi4yLjE3JkljeS1NZXRhRGF0YT0x&amp;mode=11&amp;name=%5BCOLOR+FF11b500%5DVip+%3A+astro+sports+hd+2%0D+ipbox%5B%2FCOLOR%5D&amp;sf_options=winID%3D10001%26_options_sf&quot;)</favourite>
	<favourite name="Astro Supersport 3 zem 17/11/2016" thumb="DefaultFolder.png">PlayMedia(&quot;plugin://plugin.video.ZemTV-shani/?url=aXBib3g6aHR0cDovL2lwdHYubW9ua2V5Y2xpbmUuY29tOjI1NDYxL2xpdmUvamFzbmUvamFzbmUvNjIxNS50c3xVc2VyLUFnZW50PVZMQy8yLjIuMSBMaWJWTEMvMi4yLjE3JkljeS1NZXRhRGF0YT0x&amp;mode=11&amp;name=%5BCOLOR+FF11b500%5DVip+%3A+astro+sports+hd+3%0D+ipbox%5B%2FCOLOR%5D&amp;sf_options=winID%3D10001%26_options_sf&quot;)</favourite>
	<favourite name="Astro Supersport 3 zem 23/11/2016" thumb="DefaultFolder.png">PlayMedia(&quot;plugin://plugin.video.ZemTV-shani/?url=aXBib3g6aHR0cDovL0lQVFZGUkVFMS5DT006Njk2OS9saXZlL0xpdmV0dmZ1Y2t5b3UvMkJkQXFoWlppTS8zMDYyLnRzfFVzZXItQWdlbnQ9JTNEaXB0dnJlc3RyZWFtLm5ldCUzRA%3D%3D&amp;mode=11&amp;name=%5BCOLOR+FF11b500%5DMlz%3A+astro+sports+3%0D+ipbox%5B%2FCOLOR%5D&amp;sf_options=winID%3D10001%26_options_sf&quot;)</favourite>
</favourites>