<favourites>
	<favourite name="[COLOR red][B]BT[/COLOR][COLOR blue] SPORT EU[/COLOR][/B][COLOR white] [576p][/COLOR]" thumb="http://i.imgur.com/BuuhD16.png">HOME:PlayMedia(&quot;plugin://plugin.video.Evolve/?url=plugin%3A%2F%2Fplugin.video.f4mTester%2F%3Furl%3Dhttp%3A%2F%2F213.136.90.30%3A8000%2Flive%2Fsk3%2Fsk3%2F11488.ts%26amp%3Bstreamtype%3DTSDOWNLOADER%26amp%3Bname%3DBT+SPORT+EU%28BT+SPORT+EU+576p%29&amp;mode=2&amp;name=%5BCOLOR+red%5D%5BB%5DBT%5B%2FCOLOR%5D%5BCOLOR+blue%5D+SPORT+EU%5B%2FCOLOR%5D%5B%2FB%5D%5BCOLOR+white%5D+%5B576p%5D%5B%2FCOLOR%5D&amp;description=&amp;fanart=http%3A%2F%2Fi.imgur.com%2FBuuhD16.png&amp;sf_options=fanart%3Dhttp%3A%2F%2Fi.imgur.com%2FBuuhD16.png%26meta%3Dcastandrole%253D%25255B%25255D%2526label%253D%25255BCOLOR%252Bred%25255D%25255BB%25255DBT%25255B%25252FCOLOR%25255D%25255BCOLOR%252Bblue%25255D%252BSPORT%252BEU%25255B%25252FCOLOR%25255D%25255B%25252FB%25255D%25255BCOLOR%252Bwhite%25255D%252B%25255B576p%25255D%25255B%25252FCOLOR%25255D%26winID%3D10000%26_options_sf&quot;)</favourite>
	<favourite name="BT Sport Europe ESPN vidtime" thumb="http://mediaportal-uk-logos.googlecode.com/svn/trunk/TV/Simple/BT%20Sport%20ESPN%20HD.png ">PlayMedia(&quot;plugin://plugin.video.VidTime/?url=http%3A%2F%2Fwww.liveonlinetv247.info%2Fbtsportespn.php&amp;icon=http%3A%2F%2Fmediaportal-uk-logos.googlecode.com%2Fsvn%2Ftrunk%2FTV%2FSimple%2FBT%2520Sport%2520ESPN%2520HD.png+&amp;mode=ONTV&amp;name=%5BCOLOR+white%5DBT+Sport+ESPN%5B%2FCOLOR%5D&amp;sf_options=fanart%3Dhttp%3A%2F%2Fs5.postimg.org%2Faby4q1mvb%2Funited_kingdom_flag_16_cool_background.jpg%26winID%3D10025%26_options_sf&quot;)</favourite>
	<favourite name="BT Sport 3 Europe vidtime 18/11/2016" thumb="http://www.lyngsat-logo.com/logo/tv/bb/bt_sport_europe_uk.png">PlayMedia(&quot;plugin://plugin.video.VidTime/?url=http%3A%2F%2Fwww.liveonlinetv247.info%2Fbtsporteurope.php&amp;icon=http%3A%2F%2Fwww.lyngsat-logo.com%2Flogo%2Ftv%2Fbb%2Fbt_sport_europe_uk.png&amp;mode=ONTV&amp;name=%5BCOLOR+white%5DBT+Sport+Europe%5B%2FCOLOR%5D&amp;sf_options=fanart%3Dhttp%3A%2F%2Fs5.postimg.org%2Faby4q1mvb%2Funited_kingdom_flag_16_cool_background.jpg%26winID%3D10025%26_options_sf&quot;)</favourite>
	<favourite name="[COLOR orange]BT Sport EUROPE [/COLOR]mic 18/11/2016" thumb="https://upload.wikimedia.org/wikipedia/en/2/2b/UKTV_logo.png">PlayMedia(&quot;plugin://plugin.video.mic/?url=plugin%3A%2F%2Fplugin.video.f4mTester%2F%3Fstreamtype%3DTSDOWNLOADER%3Bname%3DBT+SPORT+EUROPE%26url%3Dhttp%3A%2F%2F37.187.139.155%3A8000%2Flive%2Flightwrath%40live.com%2FWatchNow%21%2F667.ts&amp;mode=12&amp;sf_options=fanart%3Dhttp%3A%2F%2Fwallpapercave.com%2Fwp%2FPaxa7aH.jpg%26winID%3D10025%26_options_sf&quot;)</favourite>
	<favourite name="BT Sport 3 HD" thumb="http://sport.bt.com/s/assets/ucl/images/btsport3.png">PlayMedia(&quot;plugin://plugin.video.sanctuary/?url=plugin%3A%2F%2Fplugin.video.f4mTester%2F%3Fstreamtype%3DTSDOWNLOADER%26url%3Dhttp%3A%2F%2Fgo.teamexpat.ninja%2Flive%2FBanana17%40live.co.uk%2Fmacduff%2F2138.ts%26streamtype%3D.TSDOWNLOADER%3Bname%3DBT+Sport+3&amp;mode=1112&amp;sf_options=fanart%3Dspecial%3A%2F%2Fhome%2Faddons%2Fplugin.video.sanctuary%2Ffanart.jpg%26winID%3D10025%26_options_sf&quot;)</favourite>
	<favourite name="BT Sport 3 UHD" thumb="http://sport.bt.com/s/assets/ucl/images/btsport3.png">PlayMedia(&quot;plugin://plugin.video.sanctuary/?url=plugin%3A%2F%2Fplugin.video.f4mTester%2F%3Fstreamtype%3DTSDOWNLOADER%26url%3Dhttp%3A%2F%2Fgo.teamexpat.ninja%2Flive%2FBanana17%40live.co.uk%2Fmacduff%2F45023.ts%26streamtype%3D.TSDOWNLOADER%3Bname%3DBT+Sport+3&amp;mode=1112&amp;sf_options=fanart%3Dspecial%3A%2F%2Fhome%2Faddons%2Fplugin.video.sanctuary%2Ffanart.jpg%26winID%3D10025%26_options_sf&quot;)</favourite>
</favourites>