<favourites>
	<favourite name="[COLOR orange]Nat Geo UK [/COLOR] mic 20/11/2016" thumb="https://upload.wikimedia.org/wikipedia/en/2/2b/UKTV_logo.png">PlayMedia(&quot;plugin://plugin.video.mic/?url=plugin%3A%2F%2Fplugin.video.f4mTester%2F%3Fstreamtype%3DTSDOWNLOADER%3Bname%3DNAT+GEO+UK%26url%3Dhttp%3A%2F%2F37.187.139.155%3A8000%2Flive%2Flightwrath%40live.com%2FWatchNow%21%2F544.ts&amp;mode=12&amp;sf_options=fanart%3Dhttp%3A%2F%2Fwallpapercave.com%2Fwp%2FPaxa7aH.jpg%26winID%3D10025%26_options_sf&quot;)</favourite>
	<favourite name="Nat Geo oblivion S1" thumb="http://oblivionbuilds.com/Oblivionlogo.png">PlayMedia(&quot;plugin://plugin.video.sanctuary/?url=plugin%3A%2F%2Fplugin.video.f4mTester%2F%3Fstreamtype%3DTSDOWNLOADER%26amp%3Burl%3Dhttp%3A%2F%2F51.254.197.40%3A25461%2Flive%2Fhastings%2Fhastings%2F1876.ts%3Bname%3DOblivion+TV&amp;mode=906&amp;regexs=&amp;setCookie=&amp;sf_options=meta%3Dlabel%253DNational%252BGeographic%252BUK%2526title%253DNational%252BGeographic%252BUK%26winID%3D10025%26_options_sf&quot;)</favourite>
	<favourite name="Nat Geo UK TVone" thumb="special://home/addons/plugin.video.SportsDevil-2016.30.30/resources/images/folder.png">PlayMedia(&quot;plugin://plugin.video.SportsDevil/?item=catcher%3dstreams%26title%3dNational%2bGeographic%2bUK%26url%3dmpd%253A%252F%252Ff3f75dee3b4ed4497dfa412079c3a6f9.m3u8%26cfg%3dtvone1.tv.cfg%2540Streams%2540Channels%26videoTitle%3dNational%2bGeographic%2bUK%26director%3dtvone1.tv%26genre%3dLive%2bTV%26referer%3dmpd%253A%252F%252Ff3f75dee3b4ed4497dfa412079c3a6f9.m3u8%26definedIn%3dtvone1.tv.cfg%26type%3drss&amp;mode=1&amp;sf_options=fanart%3Dspecial%3A%2F%2Fhome%2Faddons%2Fplugin.video.SportsDevil-2016.30.30%2Ffanart.jpg%26meta%3Dgenre%253DLive%252BTV%2526director%253Dtvone1.tv%2526label%253DNational%252BGeographic%252BUK%2526title%253DNational%252BGeographic%252BUK%26winID%3D10025%26_options_sf&quot;)</favourite>
	<favourite name="Nat Geo" thumb="DefaultVideo.png">PlayMedia(&quot;plugin://plugin.video.sanctuary/?url=plugin%3A%2F%2Fplugin.video.f4mTester%2F%3Fstreamtype%3DTSDOWNLOADER%26amp%3Burl%3Dhttp%3A%2F%2Fiptv9.lazystreams.tk%3A8080%2Flive%2FSuPrEmEsTrEaMs%2FKeepYourHandsOffCUNTS%21%21%401%2F1727.ts%3Bname%3DOblivion+TV&amp;mode=1112&amp;sf_options=winID%3D10025%26_options_sf&quot;)</favourite>
	<favourite name="[COLORgreen]ONLINE:[/COLOR]NAT GEO Lily Sports" thumb="http://kodeekrazy.net/PROLOGIC/livetv%20thumb.jpg">PlayMedia(&quot;plugin://plugin.video.Tigensworld/?url=plugin%3A%2F%2Fplugin.video.SportsDevil%2F%3Fmode%3D1%26amp%3Bitem%3Dcatcher%253dstreams%2526url%3Dhttp%3A%2F%2Fwww.shadow-net.org%2Fchannels%2FNational-Geographic-UK.html%2526referer%3Dhttp%3A%2F%2Fwww.shadow-net.org%2Fchannels%2FNational-Geographic-UK.html&amp;mode=12&amp;sf_options=fanart%3Dhttp%3A%2F%2Fkodeeresurrection.com%2FLILYSPORTStxts%2Flivetv2.jpg%26winID%3D10025%26_options_sf&quot;)</favourite>
	<favourite name="Nat Geo Fido" thumb="http://images.nationalgeographic.com/wpf/sites/common/i/presentation/NGLogo560x430-cb1343821768.png">PlayMedia(&quot;plugin://plugin.video.sanctuary/?url=plugin%3A%2F%2Fplugin.video.f4mTester%2F%3Fstreamtype%3DTSDOWNLOADER%3Bname%3DFIDO%26url%3Dhttp%3A%2F%2F37.187.139.155%3A8000%2Flive%2Flightwrath%40live.com%2FWatchNow%21%2F544.ts&amp;mode=1112&amp;sf_options=fanart%3Dhttp%3A%2F%2Ffantazyrepo.uk%2Faddonimages%2Flivetv%2FLiveTV.jpg%26winID%3D10025%26_options_sf&quot;)</favourite>
	<favourite name="[COLOR red]Nat Geo[/COLOR] Evolve" thumb="https://www.thelogodb.com/images/media/logo/rquqpy1436893327.png/medium">PlayMedia(&quot;plugin://plugin.video.Evolve/?url=plugin%3A%2F%2Fplugin.video.SportsDevil%2F%3Fmode%3D1%26amp%3Bitem%3Dcatcher%253dstreams%2526url%3Dhttp%3A%2F%2Fwww.shadow-net.org%2Fchannels%2FNational-Geographic-UK.html%2526referer%3Dno&amp;mode=16&amp;name=%5BCOLOR+red%5DNat+Geo%5B%2FCOLOR%5D&amp;description=&amp;iconimage=https%3A%2F%2Fwww.thelogodb.com%2Fimages%2Fmedia%2Flogo%2Frquqpy1436893327.png%2Fmedium&amp;sf_options=fanart%3Dhttp%3A%2F%2Fwww.nationalgeographic.com%2Fcontent%2Fdam%2Fmagazine%2FLogos%2Fnational-geographic.jpg%26winID%3D10025%26_options_sf&quot;)</favourite>
</favourites>