<favourites>
	<favourite name="SKY SPORTS 4 HD bamf server 2" thumb="DefaultVideo.png">PlayMedia(&quot;plugin://plugin.video.sanctuary/?url=plugin%3A%2F%2Fplugin.video.f4mTester%2F%3Fstreamtype%3DTSDOWNLOADER%26amp%3Burl%3Dhttp%3A%2F%2Fkodi-fireiptv.ddns.net%3A8000%2Flive%2FWIL%2FBIS%2F869.ts%3Bname%3DBAMF+TV&amp;mode=906&amp;regexs=&amp;setCookie=&amp;sf_options=winID%3D10025%26_options_sf&quot;)</favourite>
	<favourite name="Sky Sports 4 HD sanctuary" thumb="http://www.skysports.com/core/img/channels/Sky-Sports-4-Logo.png">PlayMedia(&quot;plugin://plugin.video.sanctuary/?url=plugin%3A%2F%2Fplugin.video.SportsDevil%2F%3Fmode%3D1%26amp%3Bitem%3Dcatcher%253dstreams%2526url%3Dhttp%3A%2F%2Fwww.liveonlinetv247.info%2Fembed%2Fskysports4.php%2526referer%3Dhttp%3A%2F%2Fwww.liveonlinetv247.info%2Fembed%2Fskysports4.php&amp;mode=906&amp;regexs=&amp;setCookie=&amp;sf_options=fanart%3Dspecial%3A%2F%2Fhome%2Faddons%2Fplugin.video.sanctuary%2Ffanart.jpg%26winID%3D10025%26_options_sf&quot;)</favourite>
	<favourite name="Sky Sports 4 UHD sanctuary" thumb="http://www.skysports.com/core/img/channels/Sky-Sports-4-Logo.png">PlayMedia(&quot;plugin://plugin.video.sanctuary/?url=plugin%3A%2F%2Fplugin.video.f4mTester%2F%3Fstreamtype%3DTSDOWNLOADER%26url%3D%26streamtype%3D.TSDOWNLOADER%3Bname%3DSky+Sport+4+HD&amp;mode=906&amp;regexs=&amp;setCookie=&amp;sf_options=fanart%3Dspecial%3A%2F%2Fhome%2Faddons%2Fplugin.video.sanctuary%2Ffanart.jpg%26winID%3D10025%26_options_sf&quot;)</favourite>
	<favourite name="SKY SPORTS 4 HD Evolve Sports" thumb="http://matsbuilds.uk/pics/newevolveicons/sports.PNG">PlayMedia(&quot;plugin://plugin.video.Evolve/?url=http%3A%2F%2Fiptvch.selfip.info%2Flive%2Fsayed%2Fsayed%2F1426.ts%0D&amp;mode=2&amp;name=SKY+SPORTS+4+HD%0D&amp;description=&amp;iconimage=http%3A%2F%2Fmatsbuilds.uk%2Fpics%2Fnewevolveicons%2Fsports.PNG&amp;sf_options=fanart%3Dhttps%3A%2F%2Fsuperrepo.org%2Fstatic%2Fimages%2Ffanart%2Foriginal%2Fplugin.video.LiveTV.jpg%26winID%3D10025%26_options_sf&quot;)</favourite>
	<favourite name="SKY SPORTS 4 Evolve Sports" thumb="http://matsbuilds.uk/pics/newevolveicons/sports.PNG">PlayMedia(&quot;plugin://plugin.video.Evolve/?url=http%3A%2F%2Fiptvch.selfip.info%2Flive%2Fsayed%2Fsayed%2F21.ts%0D&amp;mode=2&amp;name=SKY+SPORTS+4%0D&amp;description=&amp;iconimage=http%3A%2F%2Fmatsbuilds.uk%2Fpics%2Fnewevolveicons%2Fsports.PNG&amp;sf_options=fanart%3Dhttps%3A%2F%2Fsuperrepo.org%2Fstatic%2Fimages%2Ffanart%2Foriginal%2Fplugin.video.LiveTV.jpg%26winID%3D10025%26_options_sf&quot;)</favourite>
	<favourite name="[COLOR orange]Sky Sports 4 HD [/COLOR] mic Sports Central" thumb="https://www.thelogodb.com/images/media/logo/vwqrvq1433965284.png">PlayMedia(&quot;plugin://plugin.video.mic/?url=plugin%3A%2F%2Fplugin.video.f4mTester%2F%3Fstreamtype%3DTSDOWNLOADER%3Bname%3DSKY+SPORT+4+HD%26url%3Dhttp%3A%2F%2F37.187.139.155%3A8000%2Flive%2Flightwrath%40live.com%2FWatchNow%21%2F597.ts&amp;mode=12&amp;sf_options=fanart%3Dhttp%3A%2F%2Fwallpapercave.com%2Fwp%2FPaxa7aH.jpg%26winID%3D10025%26_options_sf&quot;)</favourite>
	<favourite name="[COLOR orange]Sky Sports 4 [/COLOR] mic Sports Central" thumb="https://www.thelogodb.com/images/media/logo/vwqrvq1433965284.png">PlayMedia(&quot;plugin://plugin.video.mic/?url=plugin%3A%2F%2Fplugin.video.f4mTester%2F%3Fstreamtype%3DTSDOWNLOADER%3Bname%3DSKY+SPORT+4%26url%3Dhttp%3A%2F%2F37.187.139.155%3A8000%2Flive%2Flightwrath%40live.com%2FWatchNow%21%2F598.ts&amp;mode=12&amp;sf_options=fanart%3Dhttp%3A%2F%2Fwallpapercave.com%2Fwp%2FPaxa7aH.jpg%26winID%3D10025%26_options_sf&quot;)</favourite>
	<favourite name="Sky Sports 4 zem S2 HD" thumb="DefaultFolder.png">PlayMedia(&quot;plugin://plugin.video.ZemTV-shani/?url=aXBib3g6aHR0cDovL2lwdHYubW9ua2V5Y2xpbmUuY29tOjI1NDYxL2xpdmUvamFzbmUvamFzbmUvMTY5MC50c3xVc2VyLUFnZW50PVZMQy8yLjMuMSBMaWJWTEMvMi4yLjE3JkljeS1NZXRhRGF0YT0x&amp;mode=11&amp;name=%5BCOLOR+FF11b500%5DSky+sports+4+hd%0D+ipbox%5B%2FCOLOR%5D&amp;sf_options=winID%3D10025%26_options_sf&quot;)</favourite>
	<favourite name="Sky Sports 4 zem S4" thumb="DefaultFolder.png">PlayMedia(&quot;plugin://plugin.video.ZemTV-shani/?url=aXBib3g6aHR0cDovL0lQVFZGUkVFMS5DT006Njk2OS9saXZlLz09Pl93d3cuaXB0dnJlc3RyZWFtLm5ldF88PT0vPT0%2BX3d3dy5pcHR2cmVzdHJlYW0ubmV0Xzw9PS8yMC50c3xVc2VyLUFnZW50PWlwdHZyZXN0cmVhbS5uZXQx&amp;mode=11&amp;name=%5BCOLOR+FF11b500%5DUk+%7C+sky+sport+4+hd%0D+ipbox%5B%2FCOLOR%5D&amp;sf_options=winID%3D10025%26_options_sf&quot;)</favourite>
	<favourite name="Sky Sports 4 HD bamf IPTV" thumb="http://genietvcunts.co.uk/bamffff/14996309_10209473377528524_434205708_n.jpg">PlayMedia(&quot;plugin://plugin.video.sanctuary/?url=plugin%3A%2F%2Fplugin.video.f4mTester%2F%3Fstreamtype%3DTSDOWNLOADER%26amp%3Burl%3Dhttp%3A%2F%2F51.254.197.40%3A25461%2Flive%2Fscott%2Fscott%2F1690.ts%3Bname%3DBAMF+TV&amp;mode=906&amp;regexs=&amp;setCookie=&amp;sf_options=winID%3D10025%26_options_sf&quot;)</favourite>
	<favourite name="Sky Sports 4 NoName" thumb="http://www.liveonlinetv247.info/images/skysports4.png">PlayMedia(&quot;plugin://plugin.video.no-name/?action=play&amp;url=%3Csublink%3Ehttp%3A%2F%2Fiptvfree1.com%3A6969%2Flive%2F%3D%3D%3E_www.iptvrestream.net_%3C%3D%3D%2F%3D%3D%3E_www.iptvrestream.net_%3C%3D%3D%2F2460.ts%7CUser-Agent%3Diptvreatream.net%3C%2Fsublink%3E%3Csublink%3Ehttp%3A%2F%2Fwww.liveonlinetv247.info%2Fembed%2Fskysports4.php%3Fwidth%3D650%26height%3D480%3C%2Fsublink%3E%3Csublink%3Ehttp%3A%2F%2Fwww.liveonlinetv247.info%2Fembed%2Fskysports4-2.php%3Fwidth%3D650%26height%3D480%3C%2Fsublink%3E%3Csublink%3Ehttp%3A%2F%2Fwww.liveonlinetv247.info%2Fembed%2Fskysports1-4.php%3Fwidth%3D650%26height%3D480%3C%2Fsublink%3E&amp;sf_options=fanart%3Dhttps%3A%2F%2Fs20.postimg.org%2F5eos453ql%2Fhd_fantasy_wallpaper_1280x800_0912021.jpg%26winID%3D10025%26_options_sf&quot;)</favourite>
	<favourite name="SKY SPORTS 4 HD oblivion S1" thumb="http://oblivionbuilds.com/Oblivionlogo.png">PlayMedia(&quot;plugin://plugin.video.sanctuary/?url=plugin%3A%2F%2Fplugin.video.f4mTester%2F%3Fstreamtype%3DTSDOWNLOADER%26amp%3Burl%3Dhttp%3A%2F%2F51.254.197.40%3A25461%2Flive%2Fhastings%2Fhastings%2F1690.ts%3Bname%3DOblivion+TV&amp;mode=906&amp;regexs=&amp;setCookie=&amp;sf_options=meta%3Dlabel%253DSKY%252BSPORTS%252B4%252BHD%2526title%253DSKY%252BSPORTS%252B4%252BHD%26winID%3D10025%26_options_sf&quot;)</favourite>
	<favourite name="Sky Sports 4 oblivion S1" thumb="http://oblivionbuilds.com/Oblivionlogo.png">PlayMedia(&quot;plugin://plugin.video.sanctuary/?url=plugin%3A%2F%2Fplugin.video.f4mTester%2F%3Fstreamtype%3DTSDOWNLOADER%26amp%3Burl%3Dhttp%3A%2F%2F51.254.197.40%3A25461%2Flive%2Fhastings%2Fhastings%2F1692.ts%3Bname%3DOblivion+TV&amp;mode=906&amp;regexs=&amp;setCookie=&amp;sf_options=meta%3Dlabel%253DSky%252BSports%252B4%2526title%253DSky%252BSports%252B4%26winID%3D10025%26_options_sf&quot;)</favourite>
</favourites>