{
 "name"         : " Renegades Super Favs (coldkeys/podgod)",
 "plugin"       : "plugin.program.super.favourites",
 "priority"     : 400,
 "id" : "provider.coldkeys.superfavourites.search.name.activate",
 "filters"      : {},
 "postprocess"  : "",
 "movies"       : [],
 "tvshows"      : [],
 "live"         : [
  [
   {
    "link": "plugin://plugin.program.super.favourites",
    "steps": [
     ".*Renegades.*",
     ".*{name}.*",
     ".*{name}.*"
     ],
    "action"    : "PLAY"
   }  
  ]
 ]
}