<favourites>
	<favourite name="NFL Network mic Sports Central" thumb="https://www.thelogodb.com/images/media/logo/xutqxs1433382271.png">PlayMedia(&quot;plugin://plugin.video.mic/?url=plugin%3A%2F%2Fplugin.video.SportsDevil%2F%3Fitem%3Dcatcher%253dstreams%2526title%253dNFL%252bTV%2526url%253dmpd%25253A%25252F%25252F877ad69c810ccc693b207cf11badc04a.m3u8%2526cfg%253dtvone1.tv.cfg%252540Streams%252540Sports%2526videoTitle%253dNFL%252bTV%2526director%253dtvone1.tv%2526genre%253dLive%252bTV%2526referer%253dmpd%25253A%25252F%25252F877ad69c810ccc693b207cf11badc04a.m3u8%2526definedIn%253dtvone1.tv.cfg%2526type%253drss%26mode%3D1&amp;mode=12&amp;sf_options=fanart%3Dhttp%3A%2F%2Fwww.pngall.com%2Fwp-content%2Fuploads%2F2016%2F05%2FAmerica-Flag-PNG-Picture.png%26winID%3D10001%26_options_sf&quot;)</favourite>
	<favourite name="[COLOR limegreen]NFL Network[/COLOR] vidtime" thumb=" ">PlayMedia(&quot;http://nlds21.cdnak.neulion.com/nlds/nfl/nfltv/as/live/nfltv_hd_4500.m3u8?nltid=nflgp&amp;nltdt=6&amp;nltnt=1&amp;uid=716458&amp;hdnea=expires=1474309313~access=/nlds/nfl/nfltv/as/live/*~md5=4f168d439aba73344c5a37b2a406bad8|User-Agent=Safari/537.36 Mozilla/5.0 AppleWebKit/537.36 Chrome/31.0.1650.57&amp;sf_options=fanart%3Dhttp%3A%2F%2Fs20.postimg.org%2Fdoltr1fu5%2FVTTVBackground.png%26winID%3D10001%26_options_sf&quot;)</favourite>
	<favourite name="[COLOR limegreen]NFL Network[/COLOR] Vidtime" thumb=" ">PlayMedia(&quot;plugin://plugin.video.VidTime/?url=http%3A%2F%2Fwww.nfl-watch.com%2Ffixture_and_result%2Fwatch-nfl-network-live-stream-free%2F&amp;icon=+&amp;mode=NFLWATCH&amp;name=%5BCOLOR+limegreen%5DNFL+Network%5B%2FCOLOR%5D&amp;sf_options=fanart%3Dhttp%3A%2F%2Fs20.postimg.org%2Fdoltr1fu5%2FVTTVBackground.png%26winID%3D10001%26_options_sf&quot;)</favourite>
	<favourite name="NFL Network Zem S2" thumb="DefaultFolder.png">PlayMedia(&quot;plugin://plugin.video.ZemTV-shani/?url=aXBib3g6aHR0cDovL2lwdHYubW9ua2V5Y2xpbmUuY29tOjI1NDYxL2xpdmUvamFzbmUvamFzbmUvNTc0My50c3xVc2VyLUFnZW50PVZMQy8yLjMuMSBMaWJWTEMvMi4yLjE3JkljeS1NZXRhRGF0YT0x&amp;mode=11&amp;name=%5BCOLOR+FF11b500%5DUsa+%3A+nfl+network+hd%0D+ipbox%5B%2FCOLOR%5D&amp;sf_options=meta%3Dlabel%253D%25255BCOLOR%252BFF11b500%25255DUsa%252B%25253A%252Bnfl%252Bnetwork%252Bhd%25250D%252Bipbox%25255B%25252FCOLOR%25255D%2526title%253D%25255BCOLOR%252BFF11b500%25255DUsa%252B%25253A%252Bnfl%252Bnetwork%252Bhd%25250D%252Bipbox%25255B%25252FCOLOR%25255D%26winID%3D10001%26_options_sf&quot;)</favourite>
</favourites>