<favourites>
	<favourite name="NFL NETWORK bamf Server 2" thumb="DefaultVideo.png">PlayMedia(&quot;plugin://plugin.video.sanctuary/?url=plugin%3A%2F%2Fplugin.video.f4mTester%2F%3Fstreamtype%3DTSDOWNLOADER%26amp%3Burl%3Dhttp%3A%2F%2Fkodi-fireiptv.ddns.net%3A8000%2Flive%2FWIL%2FBIS%2F916.ts%3Bname%3DBAMF+TV&amp;mode=906&amp;regexs=&amp;setCookie=&amp;sf_options=winID%3D10025%26_options_sf&quot;)</favourite>
	<favourite name="NFL Network mic Sports Central" thumb="https://www.thelogodb.com/images/media/logo/xutqxs1433382271.png">PlayMedia(&quot;plugin://plugin.video.mic/?url=plugin%3A%2F%2Fplugin.video.SportsDevil%2F%3Fitem%3Dcatcher%253dstreams%2526title%253dNFL%252bTV%2526url%253dmpd%25253A%25252F%25252F877ad69c810ccc693b207cf11badc04a.m3u8%2526cfg%253dtvone1.tv.cfg%252540Streams%252540Sports%2526videoTitle%253dNFL%252bTV%2526director%253dtvone1.tv%2526genre%253dLive%252bTV%2526referer%253dmpd%25253A%25252F%25252F877ad69c810ccc693b207cf11badc04a.m3u8%2526definedIn%253dtvone1.tv.cfg%2526type%253drss%26mode%3D1&amp;mode=12&amp;sf_options=fanart%3Dhttp%3A%2F%2Fwww.pngall.com%2Fwp-content%2Fuploads%2F2016%2F05%2FAmerica-Flag-PNG-Picture.png%26winID%3D10025%26_options_sf&quot;)</favourite>
	<favourite name="[COLOR limegreen]NFL Network[/COLOR] vidtime" thumb=" ">PlayMedia(&quot;http://nlds21.cdnak.neulion.com/nlds/nfl/nfltv/as/live/nfltv_hd_4500.m3u8?nltid=nflgp&amp;nltdt=6&amp;nltnt=1&amp;uid=716458&amp;hdnea=expires=1474309313~access=/nlds/nfl/nfltv/as/live/*~md5=4f168d439aba73344c5a37b2a406bad8|User-Agent=Safari/537.36 Mozilla/5.0 AppleWebKit/537.36 Chrome/31.0.1650.57&amp;sf_options=fanart%3Dhttp%3A%2F%2Fs20.postimg.org%2Fdoltr1fu5%2FVTTVBackground.png%26winID%3D10025%26_options_sf&quot;)</favourite>
	<favourite name="[COLOR limegreen]NFL Network[/COLOR] Vidtime" thumb=" ">PlayMedia(&quot;plugin://plugin.video.VidTime/?url=http%3A%2F%2Fwww.nfl-watch.com%2Ffixture_and_result%2Fwatch-nfl-network-live-stream-free%2F&amp;icon=+&amp;mode=NFLWATCH&amp;name=%5BCOLOR+limegreen%5DNFL+Network%5B%2FCOLOR%5D&amp;sf_options=fanart%3Dhttp%3A%2F%2Fs20.postimg.org%2Fdoltr1fu5%2FVTTVBackground.png%26winID%3D10025%26_options_sf&quot;)</favourite>
	<favourite name="NFL Network oblivion S1" thumb="http://oblivionbuilds.com/Oblivionlogo.png">PlayMedia(&quot;plugin://plugin.video.sanctuary/?url=plugin%3A%2F%2Fplugin.video.f4mTester%2F%3Fstreamtype%3DTSDOWNLOADER%26amp%3Burl%3Dhttp%3A%2F%2F51.254.197.40%3A25461%2Flive%2Fhastings%2Fhastings%2F5743.ts%3Bname%3DOblivion+TV&amp;mode=906&amp;regexs=&amp;setCookie=&amp;sf_options=meta%3Dlabel%253DUSA%252B%25253A%252BNFL%252BNETWORK%252BHD%2526title%253DUSA%252B%25253A%252BNFL%252BNETWORK%252BHD%26winID%3D10025%26_options_sf&quot;)</favourite>
</favourites>