<favourites>
	<favourite name="Sky Sports Darts Evolve" thumb="http://e1.365dm.com/15/12/16-9/20/phil-taylor-gary-anderson-michael-van-gerwen_3384307.jpg?20151203115454">PlayMedia(&quot;plugin://plugin.video.Evolve/?url=http%3A%2F%2Fmatsbuilds.uk%2FGoliathLists%2FDarts.xml&amp;mode=3&amp;name=%5BCOLOR+red%5D%5BB%5DDarts+-+Championship+2016%5B%2FB%5D%5B%2FCOLOR%5D&amp;description=&amp;iconimage=http%3A%2F%2Fe1.365dm.com%2F15%2F12%2F16-9%2F20%2Fphil-taylor-gary-anderson-michael-van-gerwen_3384307.jpg%3F20151203115454&amp;sf_options=fanart%3Dhttp%3A%2F%2Fa.espncdn.com%2Fcombiner%2Fiimg%26h%3D360%26meta%3Dlabel%253D%25255BCOLOR%252Bred%25255D%25255BB%25255DDarts%252B-%252BChampionship%252B2016%25255B%25252FB%25255D%25255B%25252FCOLOR%25255D%26winID%3D10025%26w%3D640%26_options_sf&quot;)</favourite>
	<favourite name="Sky Sports Darts Sanctuary" thumb="https://www.skymedia.co.uk/wp-content/uploads/2016/01/channel-logo-sky-sports-3.png">PlayMedia(&quot;plugin://plugin.video.sanctuary/?url=plugin%3A%2F%2Fplugin.video.SportsDevil%2F%3Fmode%3D1%26amp%3Bitem%3Dcatcher%253dstreams%2526url%3Dhttp%3A%2F%2Fwww.liveonlinetv247.info%2Fskysports3.php%2526referer%3Dhttp%3A%2F%2Fwww.liveonlinetv247.info%2Fskysports3.php&amp;mode=1112&amp;sf_options=fanart%3Dhttp%3A%2F%2Fwww.stephen-builds.co.uk%2Fwizard%2Ffanart12.jpg%26winID%3D10025%26_options_sf&quot;)</favourite>
	<favourite name="Sky Sport Darts Fido HD" thumb="DefaultVideo.png">PlayMedia(&quot;plugin://plugin.video.sanctuary/?url=plugin%3A%2F%2Fplugin.video.f4mTester%2F%3Fstreamtype%3DTSDOWNLOADER%3Bname%3DFIDO%26url%3Dhttp%3A%2F%2F37.187.139.155%3A8000%2Flive%2Flightwrath%40live.com%2FWatchNow%21%2F595.ts&amp;mode=1112&amp;sf_options=fanart%3Dhttp%3A%2F%2Ffantazyrepo.uk%2Faddonimages%2Flivetv%2FLiveTV.jpg%26winID%3D10025%26_options_sf&quot;)</favourite>
	<favourite name="Sky Sports Darts HD* Bamf" thumb="DefaultVideo.png">PlayMedia(&quot;plugin://plugin.video.sanctuary/?url=plugin%3A%2F%2Fplugin.video.f4mTester%2F%3Fstreamtype%3DTSDOWNLOADER%26amp%3Burl%3Dhttp%3A%2F%2Fplextreamiptv.net%3A8080%2Flive%2FMONTY100%2F100RESTREAMS%2F583.ts%3Bname%3DBAMF+TV&amp;mode=1112&amp;sf_options=winID%3D10025%26_options_sf&quot;)</favourite>
	<favourite name="Sky Sports Darts Bamf" thumb="DefaultVideo.png">PlayMedia(&quot;plugin://plugin.video.sanctuary/?url=plugin%3A%2F%2Fplugin.video.f4mTester%2F%3Fstreamtype%3DTSDOWNLOADER%26amp%3Burl%3Dhttp%3A%2F%2Fplextreamiptv.net%3A8080%2Flive%2FMONTY100%2F100RESTREAMS%2F12242.ts%3Bname%3DBAMF+TV&amp;mode=1112&amp;sf_options=winID%3D10025%26_options_sf&quot;)</favourite>
	<favourite name="Sky Sports Darts Bamf" thumb="DefaultVideo.png">PlayMedia(&quot;plugin://plugin.video.sanctuary/?url=plugin%3A%2F%2Fplugin.video.f4mTester%2F%3Fstreamtype%3DTSDOWNLOADER%26amp%3Burl%3Dhttp%3A%2F%2Fplextreamiptv.net%3A8080%2Flive%2FMONTY100%2F100RESTREAMS%2F577.ts%3Bname%3DBAMF+TV&amp;mode=1112&amp;sf_options=winID%3D10025%26_options_sf&quot;)</favourite>
</favourites>