<favourites>
	<favourite name="CHELSEA TV bamf server 2" thumb="DefaultVideo.png">PlayMedia(&quot;plugin://plugin.video.sanctuary/?url=plugin%3A%2F%2Fplugin.video.f4mTester%2F%3Fstreamtype%3DTSDOWNLOADER%26amp%3Burl%3Dhttp%3A%2F%2Fkodi-fireiptv.ddns.net%3A8000%2Flive%2FWIL%2FBIS%2F2682.ts%3Bname%3DBAMF+TV&amp;mode=906&amp;regexs=&amp;setCookie=&amp;sf_options=winID%3D10025%26_options_sf&quot;)</favourite>
	<favourite name="Chelsea TV bamf IPTV" thumb="http://genietvcunts.co.uk/bamffff/14996309_10209473377528524_434205708_n.jpg">PlayMedia(&quot;plugin://plugin.video.sanctuary/?url=plugin%3A%2F%2Fplugin.video.f4mTester%2F%3Fstreamtype%3DTSDOWNLOADER%26amp%3Burl%3Dhttp%3A%2F%2Fsonic-iptv.com%3A2500%2Flive%2Flee%2Flee%2F26.ts%3Bname%3DBAMF+TV&amp;mode=906&amp;regexs=&amp;setCookie=&amp;sf_options=winID%3D10025%26_options_sf&quot;)</favourite>
	<favourite name="Chelsea TV HD sanctuary" thumb="https://www.foxtel.com.au/content/dam/foxtel/shared/channel/E1P/EP1_425x243.png">PlayMedia(&quot;plugin://plugin.video.sanctuary/?url=plugin%3A%2F%2Fplugin.video.SportsDevil%2F%3Fmode%3D1%26amp%3Bitem%3Dcatcher%253dstreams%2526url%3Dhttp%3A%2F%2Fembedstream.com%2Fsports-chelsea-tv-alternate.php%2526referer%3Dhttp%3A%2F%2Fembedstream.com%2Fsports-chelsea-tv-alternate.php&amp;mode=906&amp;regexs=&amp;setCookie=&amp;sf_options=fanart%3Dspecial%3A%2F%2Fhome%2Faddons%2Fplugin.video.sanctuary%2Ffanart.jpg%26winID%3D10025%26_options_sf&quot;)</favourite>
	<favourite name="Chelsea TV Evolve Sports" thumb="http://matsbuilds.uk/pics/newevolveicons/sports.PNG">PlayMedia(&quot;plugin://plugin.video.Evolve/?url=http%3A%2F%2Fiptvch.selfip.info%2Flive%2Fsayed%2Fsayed%2F426.ts%0D&amp;mode=2&amp;name=Chelsea+FC%0D&amp;description=&amp;iconimage=http%3A%2F%2Fmatsbuilds.uk%2Fpics%2Fnewevolveicons%2Fsports.PNG&amp;sf_options=fanart%3Dhttps%3A%2F%2Fsuperrepo.org%2Fstatic%2Fimages%2Ffanart%2Foriginal%2Fplugin.video.LiveTV.jpg%26winID%3D10025%26_options_sf&quot;)</favourite>
	<favourite name="[COLOR orange]Chelsea TV [/COLOR] mic Sports Central" thumb="https://www.thelogodb.com/images/media/logo/rwpwxr1433377901.png">PlayMedia(&quot;plugin://plugin.video.mic/?url=plugin%3A%2F%2Fplugin.video.f4mTester%2F%3Fstreamtype%3DTSDOWNLOADER%3Bname%3DCHELSEA+TV%26url%3Dhttp%3A%2F%2F37.187.139.155%3A8000%2Flive%2Flightwrath%40live.com%2FWatchNow%21%2F471.ts&amp;mode=12&amp;sf_options=fanart%3Dhttp%3A%2F%2Fwallpapercave.com%2Fwp%2FPaxa7aH.jpg%26winID%3D10025%26_options_sf&quot;)</favourite>
	<favourite name="Chelsea TV Evolve" thumb="http://matsbuilds.uk/pics/newevolveicons/sports.PNG">PlayMedia(&quot;plugin://plugin.video.Evolve/?url=http%3A%2F%2F51.255.70.112%3A8000%2Flive%2FLewis%2FLewis%2F723.ts%0D&amp;mode=2&amp;name=Chelsea+TV%0D&amp;description=&amp;iconimage=http%3A%2F%2Fmatsbuilds.uk%2Fpics%2Fnewevolveicons%2Fsports.PNG&amp;sf_options=fanart%3Dhttps%3A%2F%2Fsuperrepo.org%2Fstatic%2Fimages%2Ffanart%2Foriginal%2Fplugin.video.LiveTV.jpg%26winID%3D10025%26_options_sf&quot;)</favourite>
	<favourite name="[COLOR blue] Chelsea TV[/COLOR] Live PremierShip" thumb="http://i.imgur.com/QplkmfK.png">PlayMedia(&quot;plugin://plugin.video.livepremiership/?url=plugin%3A%2F%2Fplugin.video.SportsDevil%2F%3Fmode%3D1%26amp%3Bitem%3Dcatcher%253dstreams%2526url%3Dhttp%3A%2F%2Fwww.cricfree.tv%2Fchelsea-tv-live-stream%2526referer%3Dhttp%3A%2F%2Fcricfree.tv%2F&amp;mode=4&amp;name=%5BCOLOR+blue%5D+Chelsea+TV%5B%2FCOLOR%5D&amp;description=&amp;fanart=%2FUsers%2Fdanielmuse%2FLibrary%2FApplication+Support%2FFreeTelly%2Faddons%2Fplugin.video.livepremiership%2Ffanart.jpg&amp;sf_options=fanart%3Dspecial%3A%2F%2Fhome%2Faddons%2Fplugin.video.livepremiership%2Ffanart.jpg%26winID%3D10025%26_options_sf&quot;)</favourite>
	<favourite name="[COLOR blue] Chelsea TV[/COLOR] Live PremierShip" thumb="http://i.imgur.com/QplkmfK.png">PlayMedia(&quot;plugin://plugin.video.livepremiership/?url=http%3A%2F%2Fpastebin.com%2Fraw%2FXF49HmBW&amp;mode=8&amp;name=%5BCOLOR+blue%5D+Chelsea+TV%5B%2FCOLOR%5D&amp;fanart=http%3A%2F%2Fi.imgur.com%2FzaL52nG.png&amp;sf_options=fanart%3Dhttp%3A%2F%2Fi.imgur.com%2FzaL52nG.png%26winID%3D10025%26_options_sf&quot;)</favourite>
	<favourite name="CHELSEA TV Oblivion" thumb="DefaultVideo.png">PlayMedia(&quot;plugin://plugin.video.sanctuary/?url=plugin%3A%2F%2Fplugin.video.f4mTester%2F%3Fstreamtype%3DTSDOWNLOADER%26amp%3Burl%3Dhttp%3A%2F%2Fiptv9.lazystreams.tk%3A8080%2Flive%2FSuPrEmEsTrEaMs%2FKeepYourHandsOffCUNTS%21%21%401%2F1779.ts%3Bname%3DOblivion+TV&amp;mode=1112&amp;sf_options=winID%3D10025%26_options_sf&quot;)</favourite>
	<favourite name="[COLORgreen]ONLINE:[/COLOR]CHELSEA TV Lily Sports" thumb="http://kodeeresurrection.com/LILYSPORTStxts/pngs/chelsea%20logo.jpg">PlayMedia(&quot;plugin://plugin.video.Tigensworld/?url=plugin%3A%2F%2Fplugin.video.SportsDevil%2F%3Fmode%3D1%26amp%3Bitem%3Dcatcher%253dstreams%2526url%3Dhttp%3A%2F%2Fwww.liveonlinetv247.info%2Fchelseatv.php%2526referer%3Dhttp%3A%2F%2Fwww.liveonlinetv247.info%2Fchelseatv.php&amp;mode=12&amp;sf_options=fanart%3Dhttp%3A%2F%2Fkodeekrazy.net%2Fprologictexts%2FSKY%2520SPORTS%2520BACKGROUND.jpg%26winID%3D10025%26_options_sf&quot;)</favourite>
</favourites>