<favourites>
	<favourite name="Dave - FILMON.TV SD" thumb="http://static.filmon.com/couch/channels/370/extra_big_logo.png">PlayMedia(&quot;plugin://plugin.video.F.T.V/?url=UK+LIVE+TV&amp;mode=125&amp;name=Dave&amp;iconimage=http%3A%2F%2Fstatic.filmon.com%2Fcouch%2Fchannels%2F370%2Fextra_big_logo.png&amp;start=&amp;ch_fanart=370&lt;&gt;live308.edge.filmon.com&amp;sf_options=fanart%3Dspecial%3A%2F%2Fhome%2Faddons%2Fplugin.video.F.T.V%2Ffanart.jpg%26winID%3D10025%26_options_sf&quot;)</favourite>
	<favourite name="Dave" thumb="https://assets.tvplayer.com/common/logos/256/Inverted/300.png">PlayMedia(&quot;plugin://plugin.video.freeview/?url=300&amp;mode=2&amp;name=Dave&amp;sf_options=fanart%3Dspecial%3A%2F%2Fhome%2Faddons%2Fplugin.video.freeview%2Ffanart.jpg%26winID%3D10025%26_options_sf&quot;)</favourite>
	<favourite name="[COLOR lime]Dave[/COLOR] Specialist" thumb="http://www.gigglebeats.co.uk/wp-content/uploads/Daves-Comedy-Society.jpg">PlayMedia(&quot;plugin://plugin.video.specialiststreams/?action=play&amp;url=%3Csublink%3Eplugin%3A%2F%2Fplugin.video.f4mTester%2F%3Fstreamtype%3DTSDOWNLOADER%26amp%3Burl%3Dhttp%3A%2F%2Fmediaiptv.xyz%3A8000%2Flive%2Fupdatedstreams%2Fjames%2F1497.ts%3Bname%3DTHE+SPECIALIST+STREAMS%3C%2Fsublink%3E&amp;sf_options=fanart%3Dspecial%3A%2F%2Fhome%2Faddons%2Fplugin.video.specialiststreams%2Ffanart.jpg%26winID%3D10025%26_options_sf&quot;)</favourite>
	<favourite name="Dave Oblivion" thumb="DefaultVideo.png">PlayMedia(&quot;plugin://plugin.video.sanctuary/?url=plugin%3A%2F%2Fplugin.video.f4mTester%2F%3Fstreamtype%3DTSDOWNLOADER%26amp%3Burl%3Dhttp%3A%2F%2Fiptv9.lazystreams.tk%3A8080%2Flive%2FSuPrEmEsTrEaMs%2FKeepYourHandsOffCUNTS%21%21%401%2F1605.ts%3Bname%3DOblivion+TV&amp;mode=1112&amp;sf_options=winID%3D10025%26_options_sf&quot;)</favourite>
	<favourite name="[COLORgreen]ONLINE:[/COLOR]DAVE Lily Sports" thumb="http://kodeekrazy.net/PROLOGIC/livetv%20thumb.jpg">PlayMedia(&quot;plugin://plugin.video.Tigensworld/?url=plugin%3A%2F%2Fplugin.video.SportsDevil%2F%3Fmode%3D1%26amp%3Bitem%3Dcatcher%253dstreams%2526url%3Dhttp%3A%2F%2Fwww.shadow-net.org%2Fchannels%2FDave.html%2526referer%3Dhttp%3A%2F%2Fwww.shadow-net.org%2Fchannels%2FDave.html&amp;mode=12&amp;sf_options=fanart%3Dhttp%3A%2F%2Fkodeeresurrection.com%2FLILYSPORTStxts%2Flivetv2.jpg%26winID%3D10025%26_options_sf&quot;)</favourite>
</favourites>