<favourites>
	<favourite name="Dave - FILMON.TV SD" thumb="http://static.filmon.com/couch/channels/370/extra_big_logo.png">PlayMedia(&quot;plugin://plugin.video.F.T.V/?url=UK+LIVE+TV&amp;mode=125&amp;name=Dave&amp;iconimage=http%3A%2F%2Fstatic.filmon.com%2Fcouch%2Fchannels%2F370%2Fextra_big_logo.png&amp;start=&amp;ch_fanart=370&lt;&gt;live308.edge.filmon.com&amp;sf_options=fanart%3Dspecial%3A%2F%2Fhome%2Faddons%2Fplugin.video.F.T.V%2Ffanart.jpg%26winID%3D10025%26_options_sf&quot;)</favourite>
	<favourite name="Dave" thumb="https://assets.tvplayer.com/common/logos/256/Inverted/300.png">PlayMedia(&quot;plugin://plugin.video.freeview/?url=300&amp;mode=2&amp;name=Dave&amp;sf_options=fanart%3Dspecial%3A%2F%2Fhome%2Faddons%2Fplugin.video.freeview%2Ffanart.jpg%26winID%3D10025%26_options_sf&quot;)</favourite>
	<favourite name="Dave bamf 20/11/2016" thumb="https://www.dropbox.com/s/5l2alhsl2dpdd33/14996309_10209473377528524_434205708_n.jpg?dl=0">PlayMedia(&quot;plugin://plugin.video.sanctuary/?url=plugin%3A%2F%2Fplugin.video.f4mTester%2F%3Fstreamtype%3DTSDOWNLOADER%26amp%3Burl%3Dhttp%3A%2F%2Fcp.dmbshare.net%3A8000%2Flive%2Fdan%2Fdan%2F8355.ts%3Bname%3DBAMF+TV&amp;mode=1112&amp;sf_options=winID%3D10025%26_options_sf&quot;)</favourite>
	<favourite name="Dave oblivion 20/11/2016" thumb="http://oblivionbuilds.com/Oblivionlogo.png">PlayMedia(&quot;plugin://plugin.video.OblivionStreams/?url=plugin%3A%2F%2Fplugin.video.f4mTester%2F%3Fstreamtype%3DTSDOWNLOADER%26amp%3Burl%3Dhttp%3A%2F%2Flive.softiptv.com%3A9900%2Flive%2F3month%2F3month%2F10182.ts%3Bname%3DOblivion+TV&amp;mode=12&amp;sf_options=winID%3D10025%26_options_sf&quot;)</favourite>
	<favourite name="Dave sanctuary 25/11/2016" thumb="http://res.cloudinary.com/uktv/image/upload/v1477413430/yazignoksd8y9rqniy6a.jpg">PlayMedia(&quot;plugin://plugin.video.sanctuary/?url=plugin%3A%2F%2Fplugin.video.f4mTester%2F%3Fstreamtype%3DTSDOWNLOADER%26url%3Dhttp%3A%2F%2F37.187.25.213%3A8000%2Flive%2Fnicolas%2Fnicolas%2F735.ts%26streamtype%3D.TSDOWNLOADER%3Bname%3DUK-Dave&amp;mode=1112&amp;sf_options=fanart%3Dspecial%3A%2F%2Fhome%2Faddons%2Fplugin.video.sanctuary%2Ffanart.jpg%26winID%3D10025%26_options_sf&quot;)</favourite>
</favourites>