{
 "name"         : "Direct [COLOR red]AK[/COLOR] [COLOR yellow]-[/COLOR] [COLOR turquoise]47[/COLOR] [COLOR FF0084FF]-[/COLOR]  ([COLOR FF0084FF]A[/COLOR])",
 "repository"   : "repository.Agent-47",
 "plugin"       : "plugin.video.AK-47",
 "priority"     : 800,
 "id"           : "direct.ak47.a",
 "filters"      : {},
 "postprocess"  : "",
 "movies"       : [],
 "tvshows"      : [],
 "music"        : [],
 "musicvideos"  : [],
 "live"         : [
  [
   {
    "link"      : "plugin://plugin.video.AK-47/",
    "steps"     : [
     ".*live.*",
     ".*Sports.*",
     ".*{basename}.*({extension}|{extension|text_to_number()}).*"
     ],
    "action"    : "PLAY"
   },
   {
    "link"      : "plugin://plugin.video.AK-47/",
    "steps"     : [
     ".*live.*",
     ".*Sports.*",
     "({basename}|{basename|ws(-)}).({extension}|{extension|number_to_text()}|{extension|text_to_number()})"
     ],
    "action"    : "PLAY"
   },
   {
    "link"      : "plugin://plugin.video.AK-47/",
    "steps"     : [
     ".*live.*",
     ".*Sports.*",
     ".*({basename}|{basename|ws(-)}).({extension}|{extension|number_to_text()}|{extension|text_to_number()}).*"
     ],
    "action"    : "PLAY"
   },
   {
    "link"      : "plugin://plugin.video.AK-47/",
    "steps"     : [
     ".*live.*",
     ".*Sports.*",
     "{name}"
     ],
    "action"    : "PLAY"
   },
   {
    "link"      : "plugin://plugin.video.AK-47/",
    "steps"     : [
     ".*live.*",
     ".*Sports.*",
     ".*{name}.*"
     ],
    "action"    : "PLAY"
   }
  ]
 ]
}