{
 "name"         : "Navigate [COLOR FF0084FF]-[/COLOR] NJMSoccer Flash Sports (Team Search) ([COLOR FF0084FF]A[/COLOR]) - 14-03-2017",
 "repository"   : "repository.aresproject",
 "plugin"       : "plugin.video.NJMSoccer",
 "priority"     : 800,
 "id"           : "navigate.NJMFlashSports.a",
 "filters"      : {},
 "postprocess"  : "",
 "movies"       : [],
 "tvshows"      : [],
 "musicvideos"  : [],
 "music"        : [],
 "live"         : [
  [
   {
    "link"      : "plugin://plugin.video.NJMSoccer/?fanart&amp;mode=1&amp;name=%5bB%5d---%3d%3d%3d%5bCOLOR%20red%5dFLASH%5b%2fCOLOR%5d%5bCOLOR%20blue%5d%20SPORTS%5b%2fCOLOR%5d%3d%3d%3d---%5b%2fB%5d&amp;url=http%3a%2f%2fnjmsoccer.ares-project.com%2frh_matchday.xml&quot;,return",
    "steps"     : [
   	 ".*{name}.*"
     ],
    "action"    : "PLAY"
   },
   {
    "link"      : "plugin://plugin.video.NJMSoccer/?fanart&amp;mode=1&amp;name=%5bB%5d---%3d%3d%3d%5bCOLOR%20red%5dFLASH%5b%2fCOLOR%5d%5bCOLOR%20blue%5d%20SPORTS%5b%2fCOLOR%5d%3d%3d%3d---%5b%2fB%5d&amp;url=http%3a%2f%2fnjmsoccer.ares-project.com%2frh_matchday.xml&quot;,return",
    "steps"     : [
     "{name}"
    ],
    "action"    : "PLAY"
   }
  ]
 ]
}