{
 "name"         : "Navigate [COLOR red]Specialist Super Streams Search[/COLOR] [COLOR FF0084FF]-[/COLOR]  ([COLOR FF0084FF]A[/COLOR]) - 14-03-2017",
 "repository"   : "",
 "plugin"       : "plugin.video.specialistss",
 "priority"     : 800,
 "id"           : "navigate.specialistsssearch.a",
 "filters"      : {},
 "postprocess"  : "",
 "movies"       : [],
 "tvshows"      : [],
 "music"        : [],
 "musicvideos"  : [],
 "live"         : [
  [
   {
    "link"      : "plugin://plugin.video.specialistss/?action=addSearch",
    "steps"     : [
	"keyboard: {name}",
	 ".*{name}.*"
	     ],
    "action"    : "ACTIVATE"
   },
   {
    "link"      : "plugin://plugin.video.specialistss/?action=addSearch",
    "steps"     : [
	"keyboard: {name}",
	 "{name}"
	     ],
    "action"    : "ACTIVATE"
   }
  ]
 ]
}