{
 "name"         : "Navigate [COLOR FF0084FF]-[/COLOR] ADRIAN SPORTS - Live Events ([COLOR FF0084FF]A[/COLOR]) - 14-03-2017",
 "repository"   : "repository.adriansports",
 "plugin"       : "plugin.video.adriansports",
 "priority"     : 800,
 "id"           : "navigate.adriansportsliveevnts.a",
 "filters"      : {},
 "postprocess"  : "",
 "movies"       : [],
 "tvshows"      : [],
 "musicvideos"  : [],
 "music"        : [],
 "live"         : [
  [
   {
    "link"      : "plugin://plugin.video.adriansports/?fanart=https%3a%2f%2fgoo.gl%2fkw8Rmg&amp;mode=53&amp;name=%5bB%5d%3d%3d%3d%20%5bCOLOR%20pink%5dLIVE%5b%2fCOLOR%5d%5bCOLOR%20cyan%5d%20EVENTS%5b%2fCOLOR%5d%20%3d%3d%3d%5b%2fB%5d&amp;url=plugin%3a%2f%2fplugin.video.live.streamspro%2f%3furl%3dhttp%3a%2f%2fpastebin.com%2fraw%2fjDTspJwD%26mode%3d1%26name%3dARENAVISION",
    "steps"     : [
    "@any",
	"{name}"
    ],
    "action"    : "PLAY"
   },
   {
    "link"      : "plugin://plugin.video.adriansports/?fanart=https%3a%2f%2fgoo.gl%2fkw8Rmg&amp;mode=53&amp;name=%5bB%5d%3d%3d%3d%20%5bCOLOR%20pink%5dLIVE%5b%2fCOLOR%5d%5bCOLOR%20cyan%5d%20EVENTS%5b%2fCOLOR%5d%20%3d%3d%3d%5b%2fB%5d&amp;url=plugin%3a%2f%2fplugin.video.live.streamspro%2f%3furl%3dhttp%3a%2f%2fpastebin.com%2fraw%2fjDTspJwD%26mode%3d1%26name%3dARENAVISION",
    "steps"     : [
     "@any",
	 ".*{name}.*"
    ],
    "action"    : "PLAY"
   }
  ]
 ]
}