{
 "name"         : "iPlayer WWW Browse Clearname Play (Midraal)",
 "plugin"       : "plugin.video.iplayerwww",
 "priority"     : 800,
 "id"           : "provider.midraal.iplayerwww.browse.clearname.play",
 "filters"      : {},
 "postprocess"  : "",
 "movies"       : [],
 "tvshows"      : [
  [
   {
    "link"      : "plugin://plugin.video.iplayerwww",
    "steps"     : [
     ".*Programme List A-Z",
     "{clearname[0]}|{clearname[4]}",
     "{showname}.*",     
     ".*(?:Series {season}: *{episode}$$|Episode.*$${episode}$$).*"
     ],
    "action"    : "PLAY"
   }
  ]
 ],
 "live"         : [
  [
   {
    "link": "plugin://plugin.video.iplayerwww",
    "steps": [
     ".*Watch Live",
     "{name}"
     ],
    "action"    : "PLAY"
   }  
  ]
 ]
}