<favourites>
	<favourite name="[COLOR blue][B]RACING[/COLOR][COLOR red] UK[/COLOR][/B][COLOR white] [576p][/COLOR] - Evolve - 25/08/2016" thumb="http://i.imgur.com/BuuhD16.png">PlayMedia(&quot;plugin://plugin.video.Evolve/?url=plugin%3A%2F%2Fplugin.video.f4mTester%2F%3Furl%3Dhttp%3A%2F%2Fserv01.iptvplanet.eu%3A11118%2Flive%2Fosama%2Fdaz%2F1341.ts%26amp%3Bstreamtype%3DTSDOWNLOADER%26amp%3Bname%3DRACING+UK%28RACING+UK+576p%29&amp;mode=2&amp;name=%5BCOLOR+blue%5D%5BB%5DRACING%5B%2FCOLOR%5D%5BCOLOR+red%5D+UK%5B%2FCOLOR%5D%5B%2FB%5D%5BCOLOR+white%5D+%5B576p%5D%5B%2FCOLOR%5D&amp;description=&amp;fanart=http%3A%2F%2Fi.imgur.com%2FBuuhD16.png&amp;sf_options=fanart%3Dhttp%3A%2F%2Fi.imgur.com%2FBuuhD16.png%26meta%3Dlabel%253D%25255BCOLOR%252Bblue%25255D%25255BB%25255DRACING%25255B%25252FCOLOR%25255D%25255BCOLOR%252Bred%25255D%252BUK%25255B%25252FCOLOR%25255D%25255B%25252FB%25255D%25255BCOLOR%252Bwhite%25255D%252B%25255B576p%25255D%25255B%25252FCOLOR%25255D%26winID%3D10025%26_options_sf&quot;)</favourite>
	<favourite name="[COLOR orange]Racing UK [/COLOR] mic 20/11/2016" thumb="https://upload.wikimedia.org/wikipedia/en/2/2b/UKTV_logo.png">PlayMedia(&quot;plugin://plugin.video.mic/?url=plugin%3A%2F%2Fplugin.video.f4mTester%2F%3Fstreamtype%3DTSDOWNLOADER%3Bname%3DRACING+UK%26url%3Dhttp%3A%2F%2F37.187.139.155%3A8000%2Flive%2Flightwrath%40live.com%2FWatchNow%21%2F556.ts&amp;mode=12&amp;sf_options=fanart%3Dhttp%3A%2F%2Fwallpapercave.com%2Fwp%2FPaxa7aH.jpg%26winID%3D10025%26_options_sf&quot;)</favourite>
	<favourite name="Racing UK sanctuary 20/11/2016" thumb="http://www.becreative.co.uk/wp-content/uploads/2013/07/RacingUK_logo.png">PlayMedia(&quot;plugin://plugin.video.sanctuary/?url=plugin%3A%2F%2Fplugin.video.f4mTester%2F%3Fstreamtype%3DTSDOWNLOADER%26url%3Dhttp%3A%2F%2Fgo.teamexpat.ninja%2Flive%2Fjimmymyra%40hotmail.com%2Fpepperdog8%2F2855.ts%26streamtype%3D.TSDOWNLOADER%3Bname%3DRACING+UK&amp;mode=1112&amp;sf_options=fanart%3Dspecial%3A%2F%2Fhome%2Faddons%2Fplugin.video.sanctuary%2Ffanart.jpg%26winID%3D10025%26_options_sf&quot;)</favourite>
	<favourite name="Racing UK sanctuary 25/11/2016" thumb="http://www.becreative.co.uk/wp-content/uploads/2013/07/RacingUK_logo.png">PlayMedia(&quot;plugin://plugin.video.sanctuary/?url=plugin%3A%2F%2Fplugin.video.f4mTester%2F%3Fstreamtype%3DTSDOWNLOADER%26url%3Dhttp%3A%2F%2F37.187.25.213%3A8000%2Flive%2Fnicolas%2Fnicolas%2F174.ts%26streamtype%3D.TSDOWNLOADER%3Bname%3DRACING+UK&amp;mode=1112&amp;sf_options=fanart%3Dspecial%3A%2F%2Fhome%2Faddons%2Fplugin.video.sanctuary%2Ffanart.jpg%26winID%3D10025%26_options_sf&quot;)</favourite>
</favourites>