<favourites>
	<favourite name="[COLOR blue][B]RACING[/COLOR][COLOR red] UK[/COLOR][/B][COLOR white] [576p][/COLOR] - Evolve - 25/08/2016" thumb="http://i.imgur.com/BuuhD16.png">PlayMedia(&quot;plugin://plugin.video.Evolve/?url=plugin%3A%2F%2Fplugin.video.f4mTester%2F%3Furl%3Dhttp%3A%2F%2Fserv01.iptvplanet.eu%3A11118%2Flive%2Fosama%2Fdaz%2F1341.ts%26amp%3Bstreamtype%3DTSDOWNLOADER%26amp%3Bname%3DRACING+UK%28RACING+UK+576p%29&amp;mode=2&amp;name=%5BCOLOR+blue%5D%5BB%5DRACING%5B%2FCOLOR%5D%5BCOLOR+red%5D+UK%5B%2FCOLOR%5D%5B%2FB%5D%5BCOLOR+white%5D+%5B576p%5D%5B%2FCOLOR%5D&amp;description=&amp;fanart=http%3A%2F%2Fi.imgur.com%2FBuuhD16.png&amp;sf_options=fanart%3Dhttp%3A%2F%2Fi.imgur.com%2FBuuhD16.png%26meta%3Dlabel%253D%25255BCOLOR%252Bblue%25255D%25255BB%25255DRACING%25255B%25252FCOLOR%25255D%25255BCOLOR%252Bred%25255D%252BUK%25255B%25252FCOLOR%25255D%25255B%25252FB%25255D%25255BCOLOR%252Bwhite%25255D%252B%25255B576p%25255D%25255B%25252FCOLOR%25255D%26winID%3D10025%26_options_sf&quot;)</favourite>
	<favourite name="Racing UK - UKTV - 25/08/2016" thumb="https://app.uktvnow.net/images/channel_imgs/200116035209racing.png|User-Agent=Dalvik/2.1.0 (Linux; U; Android 6.0.1; SM-G935F Build/MMB29K)">PlayMedia(&quot;plugin://plugin.video.uktvnow/?url=url&amp;mode=2&amp;name=Racing+UK&amp;channelid=178&amp;iconimage=https%3A%2F%2Fapp.uktvnow.net%2Fimages%2Fchannel_imgs%2F200116035209racing.png%7CUser-Agent%3DDalvik%2F2.1.0+%28Linux%3B+U%3B+Android+6.0.1%3B+SM-G935F+Build%2FMMB29K%29&amp;sf_options=fanart%3Dspecial%3A%2F%2Fhome%2Faddons%5Cplugin.video.uktvnow%5Cfanart.jpg%26meta%3Dplot%253D178%2526label%253DRacing%252BUK%2526title%253DRacing%252BUK%26winID%3D10025%26desc%3D178%26_options_sf&quot;)</favourite>
	<favourite name="Racing UK - Vidtime - 12/08/2016" thumb="http://rapidiptv.com/images/picons/racinguk.png">PlayMedia(&quot;plugin://plugin.video.f4mTester/?url=http://namiptv.ddns.net:6969/live/namiptv.ddns.net/321/391.ts&amp;streamtype=TSDOWNLOADER&amp;name=Racing UK&amp;sf_options=fanart%3Dhttp%3A%2F%2Fs20.postimg.org%2Fdoltr1fu5%2FVTTVBackground.png%26meta%3Dlabel%253D%25255BCOLOR%252Blimegreen%25255DRacing%252BUK%25255B%25252FCOLOR%25255D%26winID%3D10025%26_options_sf&quot;)</favourite>
	<favourite name="Racing UK HD - NJM Soccer - 12/08/2016" thumb="http://zunox.hk/zunox1.html">PlayMedia(&quot;plugin://plugin.video.NJMSoccer/?url=plugin%3A%2F%2Fplugin.video.SportsDevil%2F%3Fmode%3D1%26amp%3Bitem%3Dcatcher%253dstreams%2526url%3Dhttp%3A%2F%2Fwww.liveonlinetv247.info%2Fracinguk.php%2526referer%3Dhttp%3A%2F%2Fwww.liveonlinetv247.info&amp;mode=12&amp;sf_options=fanart%3Dhttp%3A%2F%2Fi57.tinypic.com%2F21l07rc.png%26meta%3Dlabel%253DRacing%252BUK%252BHD%252B%2526title%253DRacing%252BUK%252BHD%252B%26winID%3D10025%26_options_sf&quot;)</favourite>
	<favourite name="Racing UK - DC Sports - 25/08/2016" thumb="http://www.thelogodb.com/images/media/logo/txuryp1433379134.png">PlayMedia(&quot;plugin://plugin.video.DCSports/?url=plugin%3A%2F%2Fplugin.video.f4mTester%2F%3Furl%3Dhttp%3A%2F%2F62-210-214-31.rev.poneytelecom.eu%3A5890%2Flive%2F101158%2F101158%2F1259.ts%26streamtype%3DTSDOWNLOADER%3Bname%3DRacingUK+%23DCSPORTSADDON%7CUser-Agent%3DMozilla%2F5.0+%28iPad%3B+CPU+OS+6_0+like+Mac+OS+X%29+AppleWebKit%2F536.26+%28KHTML%2C+like+Gecko%29+Version%2F6.0+Mobile%2F10A5376e+Safari%2F8536.25%26swf%3B%3DNone%26auth%3B%26simpledownloader%3B%3Dfals%24use_proxy_for_chunks%3Dtrue%26streamtype%3B%3DTSDOWNLOADER%26maxbitrate%3B%3D0%26proxy%3B%3DNone%26url%3B&amp;mode=12&amp;sf_options=fanart%3Dhttps%3A%2F%2Fgoo.gl%2FzalCwp%26meta%3Dlabel%253DRacing%252BUK%2526title%253DRacing%252BUK%26winID%3D10025%26_options_sf&quot;)</favourite>
</favourites>