<favourites>
	<favourite name="NBC Extra Time 1 zem IP" thumb="DefaultFolder.png">PlayMedia(&quot;plugin://plugin.video.ZemTV-shani/?url=aXBib3g6aHR0cDovLzEzNy43NC45NC4xNjE6ODAwMC9saXZlL29icmllbi9vYnJpZW4vODE2OS50c3xVc2VyLUFnZW50PVZMQy8yLjMuMSBMaWJWTEMvMi4yLjE3JkljeS1NZXRhRGF0YT0x&amp;mode=11&amp;name=%5BCOLOR+FF11b500%5DNbc+sports+extra+1%0D+ipbox%5B%2FCOLOR%5D&amp;sf_options=winID%3D10025%26_options_sf&quot;)</favourite>
	<favourite name="NBC Extra Time 1 zem S4" thumb="DefaultFolder.png">PlayMedia(&quot;plugin://plugin.video.ZemTV-shani/?url=aXBib3g6aHR0cDovL0lQVFZGUkVFMS5DT006Njk2OS9saXZlLz09Pl93d3cuaXB0dnJlc3RyZWFtLm5ldF88PT0vPT0%2BX3d3dy5pcHR2cmVzdHJlYW0ubmV0Xzw9PS80NjQwLnRzfFVzZXItQWdlbnQ9aXB0dnJlYXRyZWFtLm5ldA%3D%3D&amp;mode=11&amp;name=%5BCOLOR+FF11b500%5DUsa+%7C+nbc+xtra+1+720p%0D+ipbox%5B%2FCOLOR%5D&amp;sf_options=winID%3D10025%26_options_sf&quot;)</favourite>
	<favourite name="NBC Extra Time 1 oblivion S1" thumb="http://oblivionbuilds.com/Oblivionlogo.png">PlayMedia(&quot;plugin://plugin.video.sanctuary/?url=plugin%3A%2F%2Fplugin.video.f4mTester%2F%3Fstreamtype%3DTSDOWNLOADER%26amp%3Burl%3Dhttp%3A%2F%2F5.196.84.107%2Flive%2Fsayed%2Fsayed%2F2604.ts%3Bname%3DOblivion+TV&amp;mode=1112&amp;sf_options=meta%3Dlabel%253DUSA%25253A%252BNBCSN%252B1%252BHD%252B%252528LIVE%252BDURING%252BEPL%252529%2526title%253DUSA%25253A%252BNBCSN%252B1%252BHD%252B%252528LIVE%252BDURING%252BEPL%252529%26winID%3D10025%26_options_sf&quot;)</favourite>
	<favourite name="NBC Extra Time 1 bamf 2" thumb="http://genietvcunts.co.uk/bamffff/iptv2.jpg">PlayMedia(&quot;plugin://plugin.video.BAMFTV/?url=plugin%3A%2F%2Fplugin.video.f4mTester%2F%3Fstreamtype%3DTSDOWNLOADER%26amp%3Burl%3Dhttp%3A%2F%2F51.255.70.112%3A8000%2Flive%2Fjohn1234%2Fjohn1234%2F2364.ts%3Bname%3DBAMF+TV%0D&amp;mode=12&amp;sf_options=meta%3Dlabel%253DNBC%252BE.P.L%252BXTRA%252B1%252B%252528LIVE%252BDURING%252BEPL%252529%2526title%253DNBC%252BE.P.L%252BXTRA%252B1%252B%252528LIVE%252BDURING%252BEPL%252529%26winID%3D10025%26_options_sf&quot;)</favourite>
</favourites>