<favourites>
	<favourite name="Sky Movies Action oblivion 17/11/2016" thumb="http://oblivionbuilds.com/Oblivionlogo.png">PlayMedia(&quot;plugin://plugin.video.OblivionStreams/?url=plugin%3A%2F%2Fplugin.video.f4mTester%2F%3Fstreamtype%3DTSDOWNLOADER%26amp%3Burl%3Dhttp%3A%2F%2Flive.softiptv.com%3A9900%2Flive%2F3month%2F3month%2F10122.ts%3Bname%3DOblivion+TV&amp;mode=12&amp;sf_options=winID%3D10025%26_options_sf&quot;)</favourite>
	<favourite name="[COLOR orange]Sky Movies Action HD [/COLOR] mic 20/11/2016" thumb="https://upload.wikimedia.org/wikipedia/en/2/2b/UKTV_logo.png">PlayMedia(&quot;plugin://plugin.video.mic/?url=plugin%3A%2F%2Fplugin.video.f4mTester%2F%3Fstreamtype%3DTSDOWNLOADER%3Bname%3DSKY+MOVIES+ACTION+HD%26url%3Dhttp%3A%2F%2F37.187.139.155%3A8000%2Flive%2Flightwrath%40live.com%2FWatchNow%21%2F950.ts&amp;mode=12&amp;sf_options=fanart%3Dhttp%3A%2F%2Fwallpapercave.com%2Fwp%2FPaxa7aH.jpg%26winID%3D10025%26_options_sf&quot;)</favourite>
	<favourite name="Sky Movies Action sanctuary 24/11/2016" thumb="http://vignette2.wikia.nocookie.net/logopedia/images/f/f0/Sky_uk_movies_action_adventure_hd.png/revision/latest?cb=20140329135514">PlayMedia(&quot;plugin://plugin.video.sanctuary/?url=plugin%3A%2F%2Fplugin.video.f4mTester%2F%3Fstreamtype%3DTSDOWNLOADER%26url%3Dhttp%3A%2F%2F151.80.29.203%3A9900%2Flive%2F3month%2F3month%2F10122.ts%26streamtype%3D.TSDOWNLOADER%3Bname%3DSky+Action+%26+adventure&amp;mode=1112&amp;sf_options=fanart%3Dspecial%3A%2F%2Fhome%2Faddons%2Fplugin.video.sanctuary%2Ffanart.jpg%26winID%3D10025%26_options_sf&quot;)</favourite>
	<favourite name="Sky Movies Action &amp; adventure sanctuary 25/11/2016" thumb="http://vignette2.wikia.nocookie.net/logopedia/images/f/f0/Sky_uk_movies_action_adventure_hd.png/revision/latest?cb=20140329135514">PlayMedia(&quot;plugin://plugin.video.sanctuary/?url=plugin%3A%2F%2Fplugin.video.f4mTester%2F%3Fstreamtype%3DTSDOWNLOADER%26url%3Dhttp%3A%2F%2F37.187.25.213%3A8000%2Flive%2Fnicolas%2Fnicolas%2F180.ts%26streamtype%3D.TSDOWNLOADER%3Bname%3DSky+Action+%26+adventure&amp;mode=1112&amp;sf_options=fanart%3Dspecial%3A%2F%2Fhome%2Faddons%2Fplugin.video.sanctuary%2Ffanart.jpg%26winID%3D10025%26_options_sf&quot;)</favourite>
	<favourite name="[COLORgreen][B]•[/COLOR][/B]Sky Movies Action oblivion 30/11/2016" thumb="http://oblivionbuilds.com/Oblivionlogo.png">PlayMedia(&quot;plugin://plugin.video.sanctuary/?url=plugin%3A%2F%2Fplugin.video.f4mTester%2F%3Fstreamtype%3DTSDOWNLOADER%26amp%3Burl%3Dhttp%3A%2F%2Flive.softiptv.com%3A9900%2Flive%2F3month%2F3month%2F20652.ts%3Bname%3DOblivion+TV&amp;mode=1112&amp;sf_options=winID%3D10025%26_options_sf&quot;)</favourite>
</favourites>