<?xml version="1.0" encoding="utf-8"?>
<window type="dialog">
	<allowoverlay>no</allowoverlay>
	<defaultcontrol always="false">4000</defaultcontrol>
	<coordinates>
		<system>1</system>
		<posx>0</posx>
		<posy>0</posy>
	</coordinates>

    <controls>

        <control type="image">
            <posx>0</posx>
            <posy>0</posy>
            <width>1280</width>
            <height>720</height>
            <texture>menu.png</texture>
        </control>
        <control type="image">
            <posx>0</posx>
            <posy>0</posy>
            <width>1280</width>
            <height>720</height>
            <texture>menu.png</texture>
        </control>
		
		<control type="label">
            <description>Help and Tips</description>
            <posx>650</posx>
            <posy>0</posy>
            <width>160</width>
            <height>50</height>
            <textcolor>ff6db9e5</textcolor>
            <font>font16</font>
			<align>left</align>
            <aligny>top</aligny>
			<label>MAIN MENU</label>
        </control>
		
		<control type="label">
            <description>Help and Tips</description>
            <posx>450</posx>
            <posy>150</posy>
            <width>700</width>
            <height>500</height>
            <textcolor>ff6db9e5</textcolor>
            <font>font13</font>
			<align>justify</align>
            <aligny>top</aligny>
			<wrapmultiline>true</wrapmultiline>
			<autoscroll time="3600" delay="6000" repeat="6000">true</autoscroll>
			<label>Supported Plugins:

UKTVNOW, Vidtime, Castaway, Zem TV, Evolve, Brettus Streams, NJM Soccer, Money Sports, Pro Sports, F.T.V. (Filmon.TV), USTVNOW, USTVNOW VOD, CCloud, Channel Pear, CanTVLive, BBC Iplayer, ITV Player, Playlist Loader, Isreallive, SportsDevil, BBTS, Fubar. 

Channel Hiding Moving:

While in this menu, if you choose 'Channels' to the left, you will be presented with a list of all the channels in your source XMLTV. Clicking on one with toggle it on/off. Pressing left, however, will slot the channel out of its place and you can then move it up or down your list. This is an easy way to get your guide just how you want it. Be warned, though, changing to another source in the main settings will force you to lose any channel settings you may have made.
For any more help please visit @RenegadesTV on Twitter or Renegades TV on Facebook.
                   </label>
        </control>

        <control type="image" id="4100">
            <posx>120</posx>
            <posy>82</posy>
            <width>250</width>
            <height>35</height>
            <aspectratio>keep</aspectratio>
			<visible>true</visible>
        </control>
        <control type="label" id="4101">
            <posx>160</posx>
            <posy>105</posy>
            <width>250</width>
            <height>25</height>
            <align>center</align>
            <aligny>center</aligny>
            <font>font13</font>
            <textcolor>ff6db9e5</textcolor>
        </control>

        <control type="button" id="4000"><!-- Watch Stream -->
            <posx>450</posx>
            <posy>65</posy>
            <width>250</width>
            <height>25</height>
            <texturefocus>button-grey-focus.png</texturefocus>
            <texturenofocus>button-grey.png</texturenofocus>
            <onup>800021</onup>
            <ondown>4001</ondown>
            <align>center</align>
            <aligny>center</aligny>
            <font>font13</font>
            <textcolor>ffffffff</textcolor>
        </control>

        <control type="button" id="4001"><!-- Choose Stream -->
            <posx>450</posx>
            <posy>100</posy>
            <width>250</width>
            <height>25</height>
            <texturefocus>button-grey-focus.png</texturefocus>
            <texturenofocus>button-grey.png</texturenofocus>
            <onup>4000</onup>
            <ondown>4005</ondown>
			<onright>4003</onright>
			<onleft>800001</onleft>
            <align>center</align>
            <aligny>center</aligny>
            <font>font13</font>
            <textcolor>ffffffff</textcolor>
            <label>Choose Stream</label>
        </control>
        <control type="label"><!-- Choose Stream Text -->
            <posx>450</posx>
            <posy>100</posy>
            <width>220</width>
            <height>200</height>
            <font>font13</font>
            <textcolor>ffffffff</textcolor>
            <label>$ADDON[script.renegadestv 30305]</label>
            <wrapmultiline>true</wrapmultiline>
			<visible>false</visible>
        </control>

        <control type="label" id="4102"><!-- Show Title -->
            <posx>20</posx>
            <posy>420</posy>
            <width>250</width>
            <height>25</height>
            <align>center</align>
            <aligny>center</aligny>
            <font>font13</font>
            <textcolor>ffffffff</textcolor>
			<visible>false</visible>
        </control>
        <control type="button" id="4002"><!-- REMINDER -->
            <posx>875</posx>
            <posy>65</posy>
            <width>250</width>
            <height>25</height>
            <texturefocus>button-grey-focus.png</texturefocus>
            <texturenofocus>button-grey.png</texturenofocus>
            <onup>4001</onup>
            <ondown>4003</ondown>
            <align>center</align>
            <aligny>center</aligny>
            <font>font13</font>
            <textcolor>ffffffff</textcolor>
        </control>
        <control type="button" id="4003"><!-- CHANNELS -->
            <posx>875</posx>
            <posy>100</posy>
            <width>250</width>
            <height>25</height>
            <texturefocus>button-grey-focus.png</texturefocus>
            <texturenofocus>button-grey.png</texturenofocus>
            <onup>4002</onup>
            <ondown>800001</ondown>
			<onleft>4001</onleft>
            <align>center</align>
            <aligny>center</aligny>
            <font>font13</font>
            <textcolor>ffffffff</textcolor>
            <label>$ADDON[script.renegadestv 30307]</label>
        </control>

        <control type="button" id="4005"><!-- watch from beginning --><!-- LOAD FIX -->
            <posx>160</posx>
            <posy>158</posy>
            <width>240</width>
            <height>50</height>
            <texturefocus>menu-grey-focus.png</texturefocus>
            <texturenofocus>menu-grey.png</texturenofocus>
            <onup>8002</onup>
            <ondown>4000</ondown>
            <align>center</align>
            <aligny>center</aligny>
            <font>font13</font>
            <textcolor>ffffffff</textcolor>
            <label>Watch From Beginning</label>
            <visible>false</visible>
        </control>



        <control type="button" id="80000"><!-- MY MOVIES --><!-- LOAD FIX -->
            <posx>160</posx>
            <posy>416</posy>
            <width>240</width>
            <height>50</height>
            <texturefocus>menu-grey-focus.png</texturefocus>
            <texturenofocus>menu-grey.png</texturenofocus>
            <onup>4002</onup>
            <ondown>80001</ondown>
            <align>center</align>
            <aligny>center</aligny>
            <font>font13</font>
            <textcolor>ffffffff</textcolor>
            <label>$ADDON[script.renegadestv 80000]</label>
            <visible>false</visible>
        </control>

        <control type="button" id="80001"><!-- MY TV SHOWS --><!-- LOAD FIX -->
            <posx>160</posx>
            <posy>468</posy>
            <width>240</width>
            <height>50</height>
            <texturefocus>menu-grey-focus.png</texturefocus>
            <texturenofocus>menu-grey.png</texturenofocus>
            <onup>80000</onup>
            <ondown>80002</ondown>
            <align>center</align>
            <aligny>center</aligny>
            <font>font13</font>
            <textcolor>ffffffff</textcolor>
            <label>$ADDON[script.renegadestv 80001]</label>
            <visible>false</visible>
        </control>
        
        <control type="button" id="80002"><!-- VIDEO ADDONS --><!-- LOAD FIX -->
            <posx>160</posx>
            <posy>520</posy>
            <width>240</width>
            <height>50</height>
            <texturefocus>menu-grey-focus.png</texturefocus>
            <texturenofocus>menu-grey.png</texturenofocus>
            <onup>80001</onup>
            <ondown>4001</ondown>
            <align>center</align>
            <aligny>center</aligny>
            <font>font13</font>
            <textcolor>ffffffff</textcolor>
            <label>$ADDON[script.renegadestv 80002]</label>
            <visible>false</visible>
        </control>
		
		<control type="button" id="4005"><!-- watch from beginning --><!-- LOAD FIX -->
            <posx>150</posx>
            <posy>215</posy>
            <width>250</width>
            <height>25</height>
            <texturefocus>button-grey-focus.png</texturefocus>
            <texturenofocus>button-grey.png</texturenofocus>
            <onup>4001</onup>
            <ondown>800001</ondown>
            <align>center</align>
            <aligny>center</aligny>
            <font>font13</font>
            <textcolor>ffffffff</textcolor>
            <label>Watch From Beginning</label>
            <visible>true</visible>
        </control>

		<control type="button" id="800001"><!-- Meta TV Search-->
            <posx>150</posx>
            <posy>250</posy>
            <width>250</width>
            <height>25</height>
            <texturefocus>button-grey-focus.png</texturefocus>
            <texturenofocus>button-grey.png</texturenofocus>
            <onclick>RunPlugin("plugin://plugin.video.meta/tv/search"),return</onclick>
            <onup>4005</onup>
            <ondown>800011</ondown>
            <align>center</align>
            <aligny>center</aligny>
			<onright>4001</onright>
            <font>font13</font>
            <textcolor>ffffffff</textcolor>
            <label>Meta TV Search</label>
			</control>
        <control type="button" id="800011"><!-- Meta Movies Search -->
            <posx>150</posx>
            <posy>285</posy>
            <width>250</width>
            <height>25</height>
            <texturefocus>button-grey-focus.png</texturefocus>
            <texturenofocus>button-grey.png</texturenofocus>
            <onup>800001</onup>
            <ondown>800021</ondown>
			<onright>4001</onright>
			<onclick>RunPlugin("plugin://plugin.video.meta/movies/search"),return</onclick>
            <align>center</align>
            <aligny>center</aligny>
            <font>font13</font>
            <textcolor>ffffffff</textcolor>
            <label>Meta Movies Search</label>			
			</control>

		<control type="button" id="800021"><!-- Meta Live Search -->
            <posx>150</posx>
            <posy>320</posy>
            <width>250</width>
            <height>25</height>
            <texturefocus>button-grey-focus.png</texturefocus>
            <texturenofocus>button-grey.png</texturenofocus>
            <onclick>RunPlugin("plugin://plugin.video.meta/live/search"),return</onclick>
            <onup>800011</onup>
            <ondown>800031</ondown>
			<onright>4001</onright>
            <align>center</align>
            <aligny>center</aligny>
            <font>font13</font>
            <textcolor>ffffffff</textcolor>
	       <label>Meta Live Search</label>
		</control>

			<control type="button" id="800031"><!-- USTV VOD -->
            <posx>150</posx>
            <posy>355</posy>
            <width>250</width>
            <height>25</height>
            <texturefocus>button-grey-focus.png</texturefocus>
            <texturenofocus>button-grey.png</texturenofocus>
           	<onup>800021</onup>
            <ondown>800041</ondown>
			<onright>4001</onright>
          	<onclick>XBMC.RunAddon("plugin.video.ustvvod)</onclick>
            <align>center</align>
            <aligny>center</aligny>
            <font>font13</font>
            <textcolor>ffffffff</textcolor>
            <label>USTV VOD</label>
	        </control>

			<control type="button" id="800041"><!-- ITV Player -->
            <posx>150</posx>
            <posy>390</posy>
            <width>250</width>
            <height>25</height>
            <texturefocus>button-grey-focus.png</texturefocus>
            <texturenofocus>button-grey.png</texturenofocus>
            <onup>800031</onup>
            <ondown>800051</ondown>
			<onright>4001</onright>
			<onclick>XBMC.RunAddon(plugin.video.itv)</onclick>
            <align>center</align>
            <aligny>center</aligny>
            <font>font13</font>
            <textcolor>ffffffff</textcolor>
            <label>ITV Player</label>			
            </control>

            <control type="button" id="800051"><!-- BBC iPlayer -->
            <posx>150</posx>
            <posy>425</posy>
            <width>250</width>
            <height>25</height>
            <texturefocus>button-grey-focus.png</texturefocus>
            <texturenofocus>button-grey.png</texturenofocus>
           	<onup>800041</onup>
            <ondown>800061</ondown>
			<onright>4001</onright>
          	 <onclick>XBMC.RunAddon(plugin.video.iplayerwww)</onclick>
            <align>center</align>
            <aligny>center</aligny>
            <font>font13</font>
            <textcolor>ffffffff</textcolor>
            <label>BBC iPlayer</label>
			</control>

			<control type="button" id="800061"><!-- Renegades Darts -->
            <posx>150</posx>
            <posy>460</posy>
            <width>250</width>
            <height>25</height>
            <texturefocus>button-grey-focus.png</texturefocus>
            <texturenofocus>button-grey.png</texturenofocus>
           	<onup>800051</onup>
            <ondown>4001</ondown>
			<onright>4001</onright>
          	<onclick>XBMC.RunAddon(plugin.video.renegadesdarts)</onclick>
            <align>center</align>
            <aligny>center</aligny>
            <font>font13</font>
            <textcolor>ffffffff</textcolor>
	        <label>Renegades Darts</label>
		</control>

        			
		
		<control type="button" id="4004"><!-- QUIT -->
            <posx>20</posx>
            <posy>650</posy>
            <width>240</width>
            <height>50</height>
            <texturefocus>menu-grey-focus.png</texturefocus>
            <texturenofocus>menu-grey.png</texturenofocus>
            <onup>4003</onup>
            <ondown>800001</ondown>
            <align>center</align>
            <aligny>center</aligny>
            <font>font13</font>
            <textcolor>ffffffff</textcolor>
            <label>$ADDON[script.renegadestv 30308]</label>
			<visible>false</visible>
        </control>
		<control type="label">
            <description>Help and Tips</description>
            <posx>800</posx>
            <posy>652</posy>
            <width>700</width>
            <height>500</height>
            <textcolor>ffffffff</textcolor>
            <font>font13</font>
			<align>justify</align>
            <aligny>top</aligny>
			<label>Skin By Neil</label>
		</control>
		
        <control type="">
            <posx>870</posx>
            <posy>600</posy>
            <width>100</width>
            <height>100</height>
            <texture>joker.png</texture>
        </control>

    </controls>
</window>
