<favourites>
	<favourite name="Bein Sports 4 zem 19/11/2016" thumb="DefaultFolder.png">PlayMedia(&quot;plugin://plugin.video.ZemTV-shani/?url=aXBib3g6aHR0cDovL2lwdHYubW9ua2V5Y2xpbmUuY29tOjI1NDYxL2xpdmUvamFzbmUvamFzbmUvMTcyMC50c3xVc2VyLUFnZW50PVZMQy8yLjIuMSBMaWJWTEMvMi4yLjE3JkljeS1NZXRhRGF0YT0x&amp;mode=11&amp;name=%5BCOLOR+FF11b500%5DBein+sport+4+hd%0D+ipbox%5B%2FCOLOR%5D&amp;sf_options=winID%3D10025%26_options_sf&quot;)</favourite>
	<favourite name="Bein Sports 4 HD sanctuary 20/11/2016" thumb="http://www.liveonlinetv247.info/images/beinsports4.png">PlayMedia(&quot;plugin://plugin.video.sanctuary/?url=plugin%3A%2F%2Fplugin.video.SportsDevil%2F%3Fmode%3D1%26amp%3Bitem%3Dcatcher%253dstreams%2526url%3Dhttp%3A%2F%2Fwww.liveonlinetv247.info%2Fbeinsports4.php&amp;mode=1912&amp;sf_options=fanart%3Dhttp%3A%2F%2Ffreedomiptv.tk%2Ffanart.jpg%26winID%3D10025%26_options_sf&quot;)</favourite>
	<favourite name="Bein Sports 4 zem 24/11/2016" thumb="DefaultFolder.png">PlayMedia(&quot;plugin://plugin.video.ZemTV-shani/?url=aXBib3g6aHR0cDovL2lwdHYubW9ua2V5Y2xpbmUuY29tOjI1NDYxL2xpdmUvamFzbmUvamFzbmUvMTcyMC50c3xVc2VyLUFnZW50PVZMQy8yLjMuMSBMaWJWTEMvMi4yLjE3JkljeS1NZXRhRGF0YT0x&amp;mode=11&amp;name=%5BCOLOR+FF11b500%5DBein+sport+4+hd%0D+ipbox%5B%2FCOLOR%5D&amp;sf_options=winID%3D10025%26_options_sf&quot;)</favourite>
	<favourite name="Bein Sports 4 bamf Sports 30/11/2016" thumb="DefaultVideo.png">PlayMedia(&quot;plugin://plugin.video.sanctuary/?url=plugin%3A%2F%2Fplugin.video.f4mTester%2F%3Fstreamtype%3DTSDOWNLOADER%26amp%3Burl%3Dhttp%3A%2F%2F37.187.25.213%3A8000%2Flive%2Fnicolas%2Fnicolas%2F256.ts%3Bname%3DBAMF+TV&amp;mode=1112&amp;sf_options=winID%3D10025%26_options_sf&quot;)</favourite>
	<favourite name="Bein Sports 4 sports devil 01/12/2016" thumb="http://www.shadow-net.org/product_images/g/293/Bein_4__71534_thumb.png|Referer=http://www.shadow-net.org/&amp;User-Agent=Mozilla/5.0 (Windows NT 6.3) AppleWebKit/537.36 (KHTML, like Gecko) Chrome/53.0.2785.143 Safari/537.36">ActivateWindow(10025,&quot;plugin://plugin.video.SportsDevil/?item=catcher%3dstreams%26title%3dBein%2bSports%2b4%26url%3dhttp%253A%252F%252Fwww.shadow-net.org%252Fchannels%252FBein-Sports-4.html%26cfg%3dshadownet.ro.cfg%2540Channels%26videoTitle%3dBein%2bSports%2b4%26director%3dShadowNet.ro%26genre%3dLive%2bTV%26referer%3dhttp%253A%252F%252Fwww.shadow-net.org%252Fchannels%252FBein-Sports-4.html%26definedIn%3dshadownet.ro.cfg%26icon.tmp%3dhttp%253A%252F%252Fwww.shadow-net.org%252Fproduct_images%252Fg%252F293%252FBein_4__71534_thumb.png%26type%3drss%26icon%3dhttp%253A%252F%252Fwww.shadow-net.org%252Fproduct_images%252Fg%252F293%252FBein_4__71534_thumb.png%257CReferer%253Dhttp%253A%252F%252Fwww.shadow-net.org%252F%2526User-Agent%253DMozilla%252F5.0%2b%2528Windows%2bNT%2b6.3%2529%2bAppleWebKit%252F537.36%2b%2528KHTML%252C%2blike%2bGecko%2529%2bChrome%252F53.0.2785.143%2bSafari%252F537.36&amp;mode=1&amp;sf_options=fanart%3Dspecial%3A%2F%2Fhome%2Faddons%2Fplugin.video.SportsDevil-2016.30.30%2Ffanart.jpg%26_options_sf&quot;,return)</favourite>
</favourites>