<favourites>
	<favourite name="Astro SuperSport Evolve Sports" thumb="http://matsbuilds.uk/pics/newevolveicons/sports.PNG">PlayMedia(&quot;plugin://plugin.video.Evolve/?url=http%3A%2F%2Fiptvch.selfip.info%2Flive%2Fsayed%2Fsayed%2F1567.ts%0D&amp;mode=2&amp;name=astro+1+hd%0D&amp;description=&amp;iconimage=http%3A%2F%2Fmatsbuilds.uk%2Fpics%2Fnewevolveicons%2Fsports.PNG&amp;sf_options=fanart%3Dhttps%3A%2F%2Fsuperrepo.org%2Fstatic%2Fimages%2Ffanart%2Foriginal%2Fplugin.video.LiveTV.jpg%26winID%3D10025%26_options_sf&quot;)</favourite>
	<favourite name="Astro SuperSport zem S4" thumb="DefaultFolder.png">PlayMedia(&quot;plugin://plugin.video.ZemTV-shani/?url=aXBib3g6aHR0cDovL0lQVFZGUkVFMS5DT006Njk2OS9saXZlLz09Pl93d3cuaXB0dnJlc3RyZWFtLm5ldF88PT0vPT0%2BX3d3dy5pcHR2cmVzdHJlYW0ubmV0Xzw9PS8zMDYwLnRzfFVzZXItQWdlbnQ9aXB0dnJlc3RyZWFtLm5ldDE%3D&amp;mode=11&amp;name=%5BCOLOR+FF11b500%5DMlz%3A+astro+sports+1%0D+ipbox%5B%2FCOLOR%5D&amp;sf_options=winID%3D10025%26_options_sf&quot;)</favourite>
	<favourite name="Astro SuperSport 1 fast tv" thumb="http://swiftstreamz.com/SwiftStream/images/thumbs/15109_astrosp1.jpg">PlayMedia(&quot;plugin://plugin.video.ZemTV-shani/?url=ZmFzdDpodHRwOi8vNTEuMTUuMzcuMTE4OjgwODEvc3dpZnRpcHR2L2FzdHJvMS9wbGF5bGlzdC5tM3U4&amp;mode=11&amp;name=%5BCOLOR+FF11b500%5DAstro+sp+1%5B%2FCOLOR%5D&amp;sf_options=winID%3D10025%26_options_sf&quot;)</favourite>
	<favourite name="Astro SuperSport 1 zem S4" thumb="DefaultFolder.png">PlayMedia(&quot;plugin://plugin.video.ZemTV-shani/?url=aXBib3g6aHR0cDovL0lQVFZGUkVFMS5DT006Njk2OS9saXZlLz09Pl93d3cuaXB0dnJlc3RyZWFtLm5ldF88PT0vPT0%2BX3d3dy5pcHR2cmVzdHJlYW0ubmV0Xzw9PS8zMDYwLnRzfFVzZXItQWdlbnQ9aXB0dnJlYXRyZWFtLm5ldA%3D%3D&amp;mode=11&amp;name=%5BCOLOR+FF11b500%5DMlz%3A+astro+sports+1%0D+ipbox%5B%2FCOLOR%5D&amp;sf_options=winID%3D10025%26_options_sf&quot;)</favourite>
</favourites>