<favourites>
	<favourite name="Astro Supersport zem 17/11/2016" thumb="DefaultFolder.png">PlayMedia(&quot;plugin://plugin.video.ZemTV-shani/?url=aXBib3g6aHR0cDovL2lwdHYubW9ua2V5Y2xpbmUuY29tOjI1NDYxL2xpdmUvamFzbmUvamFzbmUvNjIxNy50c3xVc2VyLUFnZW50PVZMQy8yLjIuMSBMaWJWTEMvMi4yLjE3JkljeS1NZXRhRGF0YT0x&amp;mode=11&amp;name=%5BCOLOR+FF11b500%5DMy%3A+astro+supersport+1%0D+ipbox%5B%2FCOLOR%5D&amp;sf_options=winID%3D10001%26_options_sf&quot;)</favourite>
	<favourite name="Astro Supersport zem 17/11/2016" thumb="DefaultFolder.png">PlayMedia(&quot;plugin://plugin.video.ZemTV-shani/?url=aXBib3g6aHR0cDovL2lwdHYubW9ua2V5Y2xpbmUuY29tOjI1NDYxL2xpdmUvamFzbmUvamFzbmUvNjIxMy50c3xVc2VyLUFnZW50PVZMQy8yLjIuMSBMaWJWTEMvMi4yLjE3JkljeS1NZXRhRGF0YT0x&amp;mode=11&amp;name=%5BCOLOR+FF11b500%5DVip+%3A+astro+sports+hd+1%0D+ipbox%5B%2FCOLOR%5D&amp;sf_options=winID%3D10001%26_options_sf&quot;)</favourite>
	<favourite name="Astro Superport zem 23/11/2016" thumb="DefaultFolder.png">PlayMedia(&quot;plugin://plugin.video.ZemTV-shani/?url=aXBib3g6aHR0cDovL0lQVFZGUkVFMS5DT006Njk2OS9saXZlL0xpdmV0dmZ1Y2t5b3UvMkJkQXFoWlppTS8zMDYwLnRzfFVzZXItQWdlbnQ9JTNEaXB0dnJlc3RyZWFtLm5ldCUzRA%3D%3D&amp;mode=11&amp;name=%5BCOLOR+FF11b500%5DMlz%3A+astro+sports+1%0D+ipbox%5B%2FCOLOR%5D&amp;sf_options=winID%3D10001%26_options_sf&quot;)</favourite>
	<favourite name="Astro Supersport 1 oblivion 20/11/2016" thumb="http://oblivionbuilds.com/Oblivionlogo.png">PlayMedia(&quot;plugin://plugin.video.OblivionStreams/?url=plugin%3A%2F%2Fplugin.video.f4mTester%2F%3Fstreamtype%3DTSDOWNLOADER%26amp%3Burl%3Dhttp%3A%2F%2Flive.softiptv.com%3A9900%2Flive%2F3month%2F3month%2F12618.ts%3Bname%3DOblivion+TV&amp;mode=12&amp;sf_options=winID%3D10001%26_options_sf&quot;)</favourite>
</favourites>