<favourites>
	<favourite name="Tru TV - Vidtime - 11/08/2016" thumb=" ">PlayMedia(&quot;plugin://plugin.video.f4mTester/?url=http://cp.dmbshare.net:8000/live/riccardo/riccardo/4619.ts&amp;streamtype=TSDOWNLOADER&amp;name=Tru TV&amp;sf_options=fanart%3Dhttp%3A%2F%2Fs20.postimg.org%2Fdoltr1fu5%2FVTTVBackground.png%26meta%3Dlabel%253D%25255BCOLOR%252Blimegreen%25255DTru%252BTV%25255B%25252FCOLOR%25255D%26winID%3D10025%26_options_sf&quot;)</favourite>
	<favourite name="TruTV | Direct" thumb="https://assets.tvplayer.com/common/logos/256/Inverted/295.png">PlayMedia(&quot;plugin://plugin.video.freeview/?url=http%3A%2F%2Fllnw.live.btv.simplestream.com%2Fcoder5%2Fcoder.channels.channel2%2Fhls%2F4%2Fplaylist.m3u8&amp;mode=1&amp;name=truTV+%7C+Direct&amp;sf_options=fanart%3Dspecial%3A%2F%2Fhome%2Faddons%2Fplugin.video.freeview%2Ffanart.jpg%26winID%3D10025%26_options_sf&quot;)</favourite>
	<favourite name="TruTV - FilmOn" thumb="https://assets.tvplayer.com/common/logos/256/Inverted/295.png">PlayMedia(&quot;plugin://plugin.video.freeview/?url=http%3A%2F%2Fwww.filmon.tv%2Ftv%2Ftru-tv&amp;mode=1&amp;name=truTV+%7C+FilmOn&amp;sf_options=fanart%3Dspecial%3A%2F%2Fhome%2Faddons%2Fplugin.video.freeview%2Ffanart.jpg%26winID%3D10025%26_options_sf&quot;)</favourite>
	<favourite name="TruTV - TVPlayer" thumb="https://assets.tvplayer.com/common/logos/256/Inverted/295.png">PlayMedia(&quot;plugin://plugin.video.freeview/?url=295&amp;mode=2&amp;name=truTV+%7C+TVPlayer&amp;sf_options=fanart%3Dspecial%3A%2F%2Fhome%2Faddons%2Fplugin.video.freeview%2Ffanart.jpg%26winID%3D10025%26_options_sf&quot;)</favourite>
</favourites>