<favourites>
	<favourite name="TSN4 vidtime 16/11/2016" thumb=" ">PlayMedia(&quot;plugin://plugin.video.f4mTester/?url=http://portalipt.ddns.net:12000/live/pack.bntv@gmail.com/baidyfrance/7219.ts&amp;streamtype=TSDOWNLOADER&amp;name=Vidtime&amp;sf_options=fanart%3Dhttp%3A%2F%2Fs20.postimg.org%2Fdoltr1fu5%2FVTTVBackground.png%26winID%3D10025%26_options_sf&quot;)</favourite>
	<favourite name="TSN4 oblivion 18/11/2016" thumb="http://oblivionbuilds.com/Oblivionlogo.png">PlayMedia(&quot;plugin://plugin.video.OblivionStreams/?url=plugin%3A%2F%2Fplugin.video.f4mTester%2F%3Fstreamtype%3DTSDOWNLOADER%26amp%3Burl%3Dhttp%3A%2F%2Flive.softiptv.com%3A9900%2Flive%2F3month%2F3month%2F19384.ts%3Bname%3DOblivion+TV&amp;mode=12&amp;sf_options=winID%3D10025%26_options_sf&quot;)</favourite>
	<favourite name="TSN4 oblivion server 18/11/2016" thumb="http://oblivionbuilds.com/Oblivionlogo.png">PlayMedia(&quot;plugin://plugin.video.OblivionStreams/?url=plugin%3A%2F%2Fplugin.video.SportsDevil%2F%3Fmode%3D1%26amp%3Bitem%3Dcatcher%253dstreams%2526url%3Dhttp%3A%2F%2Fwww.shadow-net.org%2Fchannels%2FTSN-4.html&amp;mode=12&amp;sf_options=fanart%3Dhttp%3A%2F%2Foblivionbuilds.com%2Ffanart.jpg%26winID%3D10025%26_options_sf&quot;)</favourite>
	<favourite name="TSN4 mic 24/11/2016" thumb="http://www.thelogodb.com/images/media/logo/yrrvpq1433380019.png">PlayMedia(&quot;plugin://plugin.video.mic/?url=plugin%3A%2F%2Fplugin.video.f4mTester%2F%3Fstreamtype%3DTSDOWNLOADER%3Bname%3DTSN+4%26url%3Dhttp%3A%2F%2F37.187.139.155%3A8000%2Flive%2Flightwrath%40live.com%2FWatchNow%21%2F634.ts&amp;mode=12&amp;sf_options=fanart%3Dhttp%3A%2F%2Fgamerlimit.com%2Fwp-content%2Fuploads%2F2016%2F04%2Foriginal.jpg%26winID%3D10025%26_options_sf&quot;)</favourite>
	<favourite name="TSN4 bamf 24/11/2016" thumb="https://www.dropbox.com/s/5l2alhsl2dpdd33/14996309_10209473377528524_434205708_n.jpg?dl=0">PlayMedia(&quot;plugin://plugin.video.BAMFTV/?url=plugin%3A%2F%2Fplugin.video.f4mTester%2F%3Fstreamtype%3DTSDOWNLOADER%26amp%3Burl%3Dhttp%3A%2F%2Fcp.dmbshare.net%3A8000%2Flive%2Fdan%2Fdan%2F8527.ts%3Bname%3DBAMF+TV&amp;mode=12&amp;sf_options=winID%3D10025%26_options_sf&quot;)</favourite>
</favourites>