<favourites>
	<favourite name="TSN5 oblivion 18/11/2016" thumb="http://oblivionbuilds.com/Oblivionlogo.png">PlayMedia(&quot;plugin://plugin.video.OblivionStreams/?url=plugin%3A%2F%2Fplugin.video.f4mTester%2F%3Fstreamtype%3DTSDOWNLOADER%26amp%3Burl%3Dhttp%3A%2F%2Flive.softiptv.com%3A9900%2Flive%2F3month%2F3month%2F19383.ts%3Bname%3DOblivion+TV&amp;mode=12&amp;sf_options=winID%3D10025%26_options_sf&quot;)</favourite>
	<favourite name="TSN5 mic 24/11/2016" thumb="http://www.thelogodb.com/images/media/logo/sytpty1433380112.png">PlayMedia(&quot;plugin://plugin.video.mic/?url=plugin%3A%2F%2Fplugin.video.f4mTester%2F%3Fstreamtype%3DTSDOWNLOADER%3Bname%3DTSN+5%26url%3Dhttp%3A%2F%2F37.187.139.155%3A8000%2Flive%2Flightwrath%40live.com%2FWatchNow%21%2F635.ts&amp;mode=12&amp;sf_options=fanart%3Dhttp%3A%2F%2Fgamerlimit.com%2Fwp-content%2Fuploads%2F2016%2F04%2Foriginal.jpg%26winID%3D10025%26_options_sf&quot;)</favourite>
	<favourite name="TSN5 zem 30/11/2016" thumb="DefaultFolder.png">PlayMedia(&quot;plugin://plugin.video.ZemTV-shani/?url=aXBib3g6aHR0cDovL2lwdHYubW9ua2V5Y2xpbmUuY29tOjI1NDYxL2xpdmUvamFzbmUvamFzbmUvODk1NC50c3xVc2VyLUFnZW50PVZMQy8yLjMuMSBMaWJWTEMvMi4yLjE3JkljeS1NZXRhRGF0YT0x&amp;mode=11&amp;name=%5BCOLOR+FF11b500%5DVip+%3A+tsn+hd+5%0D+ipbox%5B%2FCOLOR%5D&amp;sf_options=winID%3D10025%26_options_sf&quot;)</favourite>
	<favourite name="TSN5 HD bamf 30/11/2016" thumb="DefaultVideo.png">PlayMedia(&quot;plugin://plugin.video.sanctuary/?url=plugin%3A%2F%2Fplugin.video.f4mTester%2F%3Fstreamtype%3DTSDOWNLOADER%26amp%3Burl%3Dhttp%3A%2F%2Fkodi-fireiptv.ddns.net%3A8000%2Flive%2FWIL%2FBIS%2F928.ts%3Bname%3DBAMF+TV&amp;mode=1112&amp;sf_options=winID%3D10025%26_options_sf&quot;)</favourite>
	<favourite name="TSN5 zem 02/12/2016" thumb="http://smarterlogix.com/iosSecureApps/PakIndiaTVHD/V1-2/Images/default_img.jpg">PlayMedia(&quot;plugin://plugin.video.ZemTV-shani/?url=ZGlyZWN0MjpodHRwOi8vMTQ5LjIwMi4yMDcuODo4MDgwL2JvUEFyYWFpL3RlZXNuNS9pbmRleC5tM3U4fFVzZXItQWdlbnQ9QXBwbGVDb3JlTWVkaWEvMS4wLjAuMTNBNDUyIChpUGhvbmU7IFU7IENQVSBPUyA5XzBfMiBsaWtlIE1hYyBPUyBYOyBlbl9nYik%3D&amp;mode=11&amp;name=%5BCOLOR+FF11b500%5DTsn+sports+5%5B%2FCOLOR%5D&amp;sf_options=winID%3D10025%26_options_sf&quot;)</favourite>
</favourites>