<favourites>
	<favourite name="TSN5 mic Sports Central" thumb="http://www.thelogodb.com/images/media/logo/sytpty1433380112.png">PlayMedia(&quot;plugin://plugin.video.mic/?url=plugin%3A%2F%2Fplugin.video.f4mTester%2F%3Fstreamtype%3DTSDOWNLOADER%3Bname%3DTSN+5%26url%3Dhttp%3A%2F%2F37.187.139.155%3A8000%2Flive%2Flightwrath%40live.com%2FWatchNow%21%2F635.ts&amp;mode=12&amp;sf_options=fanart%3Dhttp%3A%2F%2Fgamerlimit.com%2Fwp-content%2Fuploads%2F2016%2F04%2Foriginal.jpg%26winID%3D10001%26_options_sf&quot;)</favourite>
	<favourite name="[COLOR lime]TSN5[/COLOR] mic Sports Central" thumb="http://www.thelogodb.com/images/media/logo/sytpty1433380112.png">PlayMedia(&quot;plugin://plugin.video.mic/?url=plugin%3A%2F%2Fplugin.video.SportsDevil%2F%3Fitem%3Dcatcher%253Dstreams%2526title%253DTSN%252B5%2526url%253Dmpd%25253A%25252F%25252Ffeca97a90c0adc74a57a8a3c1e93a4df.m3u8%2526cfg%253Dtvone1.tv.cfg%252540Streams%252540Sports%2526videoTitle%253DTSN%252B5%2526director%253Dtvone1.tv%2526genre%253DLive%252BTV%2526referer%253Dmpd%25253A%25252F%25252Ffeca97a90c0adc74a57a8a3c1e93a4df.m3u8%2526definedIn%253Dtvone1.tv.cfg%2526type%253Drss%26mode%3D1&amp;mode=12&amp;sf_options=fanart%3Dhttp%3A%2F%2Fgamerlimit.com%2Fwp-content%2Fuploads%2F2016%2F04%2Foriginal.jpg%26winID%3D10001%26_options_sf&quot;)</favourite>
	<favourite name="[COLORgreen]ONLINE:[/COLOR]TSN5 Lily Sports" thumb="http://kodeeresurrection.com/LILYSPORTStxts/pngs/TSN_logo-696x522.png">PlayMedia(&quot;plugin://plugin.video.Tigensworld/?url=plugin%3A%2F%2Fplugin.video.SportsDevil%2F%3Fmode%3D1%26amp%3Bitem%3Dcatcher%253dstreams%2526url%3Dhttp%3A%2F%2Fwww.shadow-net.org%2Fchannels%2FTSN-5.html%2526referer%3Dhttp%3A%2F%2Fwww.shadow-net.org%2Fchannels%2FTSN-5.html&amp;mode=12&amp;sf_options=fanart%3Dhttp%3A%2F%2Fkodeekrazy.net%2Fprologictexts%2FSKY%2520SPORTS%2520BACKGROUND.jpg%26winID%3D10001%26_options_sf&quot;)</favourite>
	<favourite name="TSN5 Fido" thumb="DefaultVideo.png">PlayMedia(&quot;plugin://plugin.video.sanctuary/?url=plugin%3A%2F%2Fplugin.video.f4mTester%2F%3Fstreamtype%3DTSDOWNLOADER%3Bname%3DFIDO%26url%3Dhttp%3A%2F%2F37.187.139.155%3A8000%2Flive%2Flightwrath%40live.com%2FWatchNow%21%2F635.ts&amp;mode=1112&amp;sf_options=fanart%3Dhttp%3A%2F%2Ffantazyrepo.uk%2Faddonimages%2Flivetv%2FLiveTV.jpg%26winID%3D10001%26_options_sf&quot;)</favourite>
	<favourite name="TSN5 NetTV" thumb="http://host.livenettv.xyz:9090/data/img/files/tsn_5.png">PlayMedia(&quot;plugin://plugin.video.ZemTV-shani/?url=bmV0d29ya3R2Ojk2NQ%3D%3D&amp;mode=11&amp;name=%5BCOLOR+FF11b500%5DTsn+5%5B%2FCOLOR%5D&amp;sf_options=winID%3D10001%26_options_sf&quot;)</favourite>
</favourites>