<favourites>
	<favourite name="NBC Sports Network sanctuary 02/12/2016\" thumb="http://18839-presscdn.pagely.netdna-cdn.com/wp-content/uploads/2016/05/NBCSN-live-stream.jpg">PlayMedia(&quot;plugin://plugin.video.sanctuary/?url=plugin%3A%2F%2Fplugin.video.SportsDevil%2F%3Fmode%3D1%26amp%3Bitem%3Dcatcher%253dstreams%2526url%3Dhttp%3A%2F%2Fwww.shadow-net.org%2Fchannels%2FNBC-Sports-Netw..html%2526referer%3Dhttp%3A%2F%2Fwww.shadow-net.org%2Fchannels%2FNBC-Sports-Netw..html&amp;mode=1112&amp;sf_options=fanart%3Dspecial%3A%2F%2Fhome%2Faddons%2Fplugin.video.sanctuary%2Ffanart.jpg%26winID%3D10025%26_options_sf&quot;)</favourite>
	<favourite name="NBC Sports Network sanctuary" thumb="http://18839-presscdn.pagely.netdna-cdn.com/wp-content/uploads/2016/05/NBCSN-live-stream.jpg">PlayMedia(&quot;plugin://plugin.video.sanctuary/?url=plugin%3A%2F%2Fplugin.video.SportsDevil%2F%3Fmode%3D1%26amp%3Bitem%3Dcatcher%253dstreams%2526url%3Dhttp%3A%2F%2Fwww.shadow-net.org%2Fchannels%2FNBC-Sports-Netw..html%2526referer%3Dhttp%3A%2F%2Fwww.shadow-net.org%2Fchannels%2FNBC-Sports-Netw..html&amp;mode=906&amp;regexs=&amp;setCookie=&amp;sf_options=fanart%3Dspecial%3A%2F%2Fhome%2Faddons%2Fplugin.video.sanctuary%2Ffanart.jpg%26winID%3D10025%26_options_sf&quot;)</favourite>
	<favourite name="NBC Sports Network mic Sports Central" thumb="https://www.thelogodb.com/images/media/logo/vxvtup1434505598.png">PlayMedia(&quot;plugin://plugin.video.mic/?url=plugin%3A%2F%2Fplugin.video.SportsDevil%2F%3Fitem%3Dcatcher%253dstreams%2526title%253dNBC%252bSport%252bNetwork%2526url%253dmpd%25253A%25252F%25252Fe4d6b46ca81b601fe8461b43f641488c.m3u8%2526cfg%253dtvone1.tv.cfg%252540Streams%252540Sports%2526videoTitle%253dNBC%252bSport%252bNetwork%2526director%253dtvone1.tv%2526genre%253dLive%252bTV%2526referer%253dmpd%25253A%25252F%25252Fe4d6b46ca81b601fe8461b43f641488c.m3u8%2526definedIn%253dtvone1.tv.cfg%2526type%253drss%26mode%3D1&amp;mode=12&amp;sf_options=fanart%3Dhttp%3A%2F%2Fwww.pngall.com%2Fwp-content%2Fuploads%2F2016%2F05%2FAmerica-Flag-PNG-Picture.png%26winID%3D10025%26_options_sf&quot;)</favourite>
	<favourite name="NBC Sports Network zem S4" thumb="DefaultFolder.png">PlayMedia(&quot;plugin://plugin.video.ZemTV-shani/?url=aXBib3g6aHR0cDovL0lQVFZGUkVFMS5DT006Njk2OS9saXZlLz09Pl93d3cuaXB0dnJlc3RyZWFtLm5ldF88PT0vPT0%2BX3d3dy5pcHR2cmVzdHJlYW0ubmV0Xzw9PS85OC50c3xVc2VyLUFnZW50PWlwdHZyZWF0cmVhbS5uZXQ%3D&amp;mode=11&amp;name=%5BCOLOR+FF11b500%5DUsa+%7C+nbcsn+hd%0D+ipbox%5B%2FCOLOR%5D&amp;sf_options=winID%3D10025%26_options_sf&quot;)</favourite>
</favourites>