<favourites>
	<favourite name="[COLOR limegreen]USA Network[/COLOR] vidtime 20/11/2016" thumb=" ">PlayMedia(&quot;plugin://plugin.video.VidTime/?url=https%3A%2F%2Fwww.arconaitv.me%2Fusan%2F&amp;icon=+&amp;mode=ARCON&amp;name=%5BCOLOR+limegreen%5DUSA+Network%5B%2FCOLOR%5D&amp;sf_options=fanart%3Dhttp%3A%2F%2Fs20.postimg.org%2Fdoltr1fu5%2FVTTVBackground.png%26winID%3D10025%26_options_sf&quot;)</favourite>
	<favourite name="[COLOR orange]UFC[/COLOR]" thumb="https://encrypted-tbn1.gstatic.com/images?q=tbn:ANd9GcRAvqq9n8NpqWf6g2mXkmE5NkfYogKhrlB6VR8Y41mI0bBVsduw">PlayMedia(&quot;plugin://plugin.video.VidTime/?url=http%3A%2F%2Fvaughnlive.tv%2Fprofe3193&amp;icon=https%3A%2F%2Fencrypted-tbn1.gstatic.com%2Fimages%3Fq%3Dtbn%3AANd9GcRAvqq9n8NpqWf6g2mXkmE5NkfYogKhrlB6VR8Y41mI0bBVsduw&amp;mode=VAUGHNLIVE&amp;name=%5BCOLOR+orange%5DUFC%5B%2FCOLOR%5D&amp;sf_options=fanart%3Dhttp%3A%2F%2Fs5.postimg.org%2F6cqtixxmv%2FEntertainment_Wall.jpg%26winID%3D10025%26_options_sf&quot;)</favourite>
	<favourite name="USA Network Zem S4" thumb="DefaultFolder.png">PlayMedia(&quot;plugin://plugin.video.ZemTV-shani/?url=aXBib3g6aHR0cDovL0lQVFZGUkVFMS5DT006Njk2OS9saXZlLz09Pl93d3cuaXB0dnJlc3RyZWFtLm5ldF88PT0vPT0%2BX3d3dy5pcHR2cmVzdHJlYW0ubmV0Xzw9PS84OTIudHN8VXNlci1BZ2VudD1pcHR2cmVzdHJlYW0ubmV0MQ%3D%3D&amp;mode=11&amp;name=%5BCOLOR+FF11b500%5DUsa+network+%28us%29%0D+ipbox%5B%2FCOLOR%5D&amp;sf_options=winID%3D10025%26_options_sf&quot;)</favourite>
	<favourite name="USA Network bamf Sports" thumb="http://genietvcunts.co.uk/bamffff/14996309_10209473377528524_434205708_n.jpg">PlayMedia(&quot;plugin://plugin.video.sanctuary/?url=plugin%3A%2F%2Fplugin.video.f4mTester%2F%3Fstreamtype%3DTSDOWNLOADER%26amp%3Burl%3Dhttp%3A%2F%2F51.254.197.40%3A25461%2Flive%2Fscott%2Fscott%2F5754.ts%3Bname%3DBAMF+TV&amp;mode=906&amp;regexs=&amp;setCookie=&amp;sf_options=winID%3D10025%26_options_sf&quot;)</favourite>
	<favourite name="USA Network oblivion S1" thumb="http://oblivionbuilds.com/Oblivionlogo.png">PlayMedia(&quot;plugin://plugin.video.sanctuary/?url=plugin%3A%2F%2Fplugin.video.f4mTester%2F%3Fstreamtype%3DTSDOWNLOADER%26amp%3Burl%3Dhttp%3A%2F%2F51.254.197.40%3A25461%2Flive%2Fhastings%2Fhastings%2F5740.ts%3Bname%3DOblivion+TV&amp;mode=906&amp;regexs=&amp;setCookie=&amp;sf_options=meta%3Dlabel%253DUSA%252B%25253A%252BUSA%252BNETWORK%252BHD%25252A%2526title%253DUSA%252B%25253A%252BUSA%252BNETWORK%252BHD%25252A%26winID%3D10025%26_options_sf&quot;)</favourite>
</favourites>