<favourites>
	<favourite name="Sky Movies Thriller bamf 20/11/2016" thumb="https://www.dropbox.com/s/5l2alhsl2dpdd33/14996309_10209473377528524_434205708_n.jpg?dl=0">PlayMedia(&quot;plugin://plugin.video.sanctuary/?url=plugin%3A%2F%2Fplugin.video.f4mTester%2F%3Fstreamtype%3DTSDOWNLOADER%26amp%3Burl%3Dhttp%3A%2F%2Fcp.dmbshare.net%3A8000%2Flive%2Fdan%2Fdan%2F8440.ts%3Bname%3DBAMF+TV&amp;mode=1112&amp;sf_options=winID%3D10001%26_options_sf&quot;)</favourite>
	<favourite name="[COLOR orange]Sky Movies Thriller HD [/COLOR] mic 20/11/2016" thumb="https://upload.wikimedia.org/wikipedia/en/2/2b/UKTV_logo.png">PlayMedia(&quot;plugin://plugin.video.mic/?url=plugin%3A%2F%2Fplugin.video.f4mTester%2F%3Fstreamtype%3DTSDOWNLOADER%3Bname%3DSKY+MOVIES+THRILLER+HD%26url%3D%7Fhttp%3A%2F%2F37.187.139.155%3A8000%2Flive%2Flightwrath%40live.com%2FWatchNow%21%2F951.ts&amp;mode=12&amp;sf_options=fanart%3Dhttp%3A%2F%2Fwallpapercave.com%2Fwp%2FPaxa7aH.jpg%26winID%3D10001%26_options_sf&quot;)</favourite>
	<favourite name="Sky Movies Thriller sanctuary 24/11/2016" thumb="http://img1.wikia.nocookie.net/__cb20111118190758/logopedia/images/9/96/Sky-Movies-CrimeThriller.png">PlayMedia(&quot;plugin://plugin.video.sanctuary/?url=plugin%3A%2F%2Fplugin.video.f4mTester%2F%3Fstreamtype%3DTSDOWNLOADER%26url%3Dhttp%3A%2F%2F151.80.29.203%3A9900%2Flive%2F3month%2F3month%2F10062.ts%26streamtype%3D.TSDOWNLOADER%3Bname%3Dsky+movie+Thriller&amp;mode=1112&amp;sf_options=fanart%3Dspecial%3A%2F%2Fhome%2Faddons%2Fplugin.video.sanctuary%2Ffanart.jpg%26winID%3D10001%26_options_sf&quot;)</favourite>
	<favourite name="Sky Movies Thriller sanctuary 25/11/2016" thumb="http://img1.wikia.nocookie.net/__cb20111118190758/logopedia/images/9/96/Sky-Movies-CrimeThriller.png">PlayMedia(&quot;plugin://plugin.video.sanctuary/?url=plugin%3A%2F%2Fplugin.video.f4mTester%2F%3Fstreamtype%3DTSDOWNLOADER%26url%3Dhttp%3A%2F%2F37.187.25.213%3A8000%2Flive%2Fnicolas%2Fnicolas%2F80.ts%26streamtype%3D.TSDOWNLOADER%3Bname%3Dsky+movie+Thriller&amp;mode=1112&amp;sf_options=fanart%3Dspecial%3A%2F%2Fhome%2Faddons%2Fplugin.video.sanctuary%2Ffanart.jpg%26winID%3D10001%26_options_sf&quot;)</favourite>
</favourites>