<favourites>
	<favourite name="Fox Sports 1 Mic" thumb="https://upload.wikimedia.org/wikipedia/en/2/2b/UKTV_logo.png">PlayMedia(&quot;plugin://plugin.video.mic/?url=plugin%3A%2F%2Fplugin.video.f4mTester%2F%3Fstreamtype%3DHLSRETRY%3Bname%3DFOX+SPORT+1%26url%3Dhttp%3A%2F%2F37.187.139.155%3A8000%2Flive%2Flightwrath%40live.com%2FWatchNow%21%2F514.m3u8&amp;mode=12&amp;iconimage=https%3A%2F%2Fupload.wikimedia.org%2Fwikipedia%2Fen%2F2%2F2b%2FUKTV_logo.png&amp;sf_options=fanart%3Dhttp%3A%2F%2Fwallpapercave.com%2Fwp%2FPaxa7aH.jpg%26meta%3Dlabel%253D%252B%25255BCOLOR%252Borange%25255DFox%252BSport%252B1%252B%25255B%25252FCOLOR%25255D%2526title%253D%252B%25255BCOLOR%252Borange%25255DFox%252BSport%252B1%252B%25255B%25252FCOLOR%25255D%26winID%3D10025%26_options_sf&quot;)</favourite>
	<favourite name="Fox Sports 1 Mama HD" thumb="http://mamahd.com/images/channels/fox.png">PlayMedia(&quot;plugin://plugin.video.ZemTV-shani/?url=bWFtYWhkOmh0dHA6Ly9tYW1haGQuY29tL2ZveHNwb3J0cy0xLWxpdmUtc3RyZWFtLTEuaHRtbA%3D%3D&amp;mode=11&amp;name=FoxSports+1&amp;sf_options=winID%3D10025%26_options_sf&quot;)</favourite>
	<favourite name="Fox Sports 1 Fido" thumb="DefaultVideo.png">PlayMedia(&quot;plugin://plugin.video.sanctuary/?url=plugin%3A%2F%2Fplugin.video.f4mTester%2F%3Fstreamtype%3DTSDOWNLOADER%3Bname%3DFIDO%26url%3Dhttp%3A%2F%2F37.187.139.155%3A8000%2Flive%2Flightwrath%40live.com%2FWatchNow%21%2F514.ts&amp;mode=1112&amp;sf_options=fanart%3Dhttp%3A%2F%2Ffantazyrepo.uk%2Faddonimages%2Flivetv%2FLiveTV.jpg%26winID%3D10025%26_options_sf&quot;)</favourite>
	<favourite name="Fox Sports 1 Fido HD" thumb="DefaultVideo.png">PlayMedia(&quot;plugin://plugin.video.sanctuary/?url=plugin%3A%2F%2Fplugin.video.f4mTester%2F%3Fstreamtype%3DTSDOWNLOADER%3Bname%3DFIDO%26url%3Dhttp%3A%2F%2F51.254.197.40%3A25461%2Flive%2Fbrennan%2Fbrennan%2F5746.ts&amp;mode=1112&amp;sf_options=fanart%3Dhttp%3A%2F%2Ffantazyrepo.uk%2Faddonimages%2Flivetv%2FLiveTV.jpg%26winID%3D10025%26_options_sf&quot;)</favourite>
	<favourite name="[COLOR blue]Fox Sports 1[/COLOR] Live Premiership" thumb="http://i.imgur.com/cl1LmxM.png">PlayMedia(&quot;plugin://plugin.video.livepremiership/?url=http%3A%2F%2Fpastebin.com%2Fraw%2FJRJXqrY4&amp;mode=8&amp;name=%5BCOLOR+blue%5DFox+Sports+1%5B%2FCOLOR%5D&amp;fanart=http%3A%2F%2Fi.imgur.com%2F85zTaZ8.png&amp;sf_options=fanart%3Dhttp%3A%2F%2Fi.imgur.com%2F85zTaZ8.png%26winID%3D10025%26_options_sf&quot;)</favourite>
	<favourite name="Sp: fox sports 1 (usa) Zem" thumb="http://tv.solidiptv.com:25461/images/loogo/foxsp1us.png">PlayMedia(&quot;plugin://plugin.video.ZemTV-shani/?url=bmV0d29ya3R2MjoyOTc0&amp;mode=11&amp;name=Sp%3A+fox+sports+1+%28usa%29&amp;sf_options=winID%3D10025%26_options_sf&quot;)</favourite>
</favourites>