<favourites>
	<favourite name="Fox Sports 1" thumb="https://app.uktvnow.net/images/channel_imgs/190116045235foxsp1.jpg|User-Agent=Dalvik/2.1.0 (Linux; U; Android 6.0.1; SM-G935F Build/MMB29K)">PlayMedia(&quot;playmedia(&quot;plugin://plugin.video.uktvnow/?url=url&amp;mode=2&amp;name=Fox+Sports+1&amp;channelid=120&amp;iconimage=https%3A%2F%2Fapp.uktvnow.net%2Fimages%2Fchannel_imgs%2F190116045235foxsp1.jpg%7CUser-Agent%3DDalvik%2F2.1.0+%28Linux%3B+U%3B+Android+6.0.1%3B+SM-G935F+Build%2FMMB29K%29&quot;)&amp;sf_options=meta%3Dcastandrole%253D%25255B%25255D%2526label%253DFox%252BSports%252B1%26winID%3D10025%26_options_sf&quot;)</favourite>
	<favourite name="Fox Sports 1 - UKTV - 25/08/2016" thumb="https://app.uktvnow.net/images/channel_imgs/190116045235foxsp1.jpg|User-Agent=Dalvik/2.1.0 (Linux; U; Android 6.0.1; SM-G935F Build/MMB29K)">PlayMedia(&quot;plugin://plugin.video.uktvnow/?url=url&amp;mode=2&amp;name=Fox+Sports+1&amp;channelid=120&amp;iconimage=https%3A%2F%2Fapp.uktvnow.net%2Fimages%2Fchannel_imgs%2F190116045235foxsp1.jpg%7CUser-Agent%3DDalvik%2F2.1.0+%28Linux%3B+U%3B+Android+6.0.1%3B+SM-G935F+Build%2FMMB29K%29&amp;sf_options=fanart%3Dspecial%3A%2F%2Fhome%2Faddons%5Cplugin.video.uktvnow%5Cfanart.jpg%26meta%3Dplot%253D120%2526label%253DFox%252BSports%252B1%2526title%253DFox%252BSports%252B1%26winID%3D10025%26desc%3D120%26_options_sf&quot;)</favourite>
	<favourite name="Fox Sports 1 - Vidtime - 12/08/2016" thumb=" ">PlayMedia(&quot;plugin://plugin.video.f4mTester/?url=http://149.202.201.221:8000/live/fr443500/75019pa/2495.ts&amp;streamtype=TSDOWNLOADER&amp;name=Fox Sports 1&amp;sf_options=fanart%3Dhttp%3A%2F%2Fs20.postimg.org%2Fdoltr1fu5%2FVTTVBackground.png%26meta%3Dlabel%253D%25255BCOLOR%252Blimegreen%25255DFox%252BSports%252B1%25255B%25252FCOLOR%25255D%26winID%3D10025%26_options_sf&quot;)</favourite>
	<favourite name="Fox Sports 1 - NJM Soccer - 12/08/2016" thumb="DefaultVideo.png">PlayMedia(&quot;plugin://plugin.video.NJMSoccer/?url=plugin%3A%2F%2Fplugin.video.SportsDevil%2F%3Fmode%3D1%26amp%3Bitem%3Dcatcher%253dstreams%2526url%3Dhttp%3A%2F%2Fcricbox.tv%2Ffox-sports-1-live-streaming%2526referer%3Dhttp%3A%2F%2Fcricbox.co%2F&amp;mode=12&amp;sf_options=fanart%3Dspecial%3A%2F%2Fhome%2Faddons%5Cplugin.video.NJMSoccer%5Cfanart.jpg%26meta%3Dlabel%253DFox%252BSports%252B1%252B%2526title%253DFox%252BSports%252B1%252B%26winID%3D10025%26_options_sf&quot;)</favourite>
	<favourite name="Fox Sports 1 - DC Sports - 25/08/2016" thumb="http://www.thelogodb.com/images/media/logo/twvwtx1464553130.png">PlayMedia(&quot;plugin://plugin.video.DCSports/?url=plugin%3A%2F%2Fplugin.video.f4mTester%2F%3Furl%3Dhttp%3A%2F%2Forbit-iptv.com%3A2500%2Flive%2FbMR4O6Mzga%2FocBv8EEKS7%2F2212.ts%26streamtype%3DTSDOWNLOADER%3Bname%3DFoxSports1+%23DCSPORTSADDON%7CUser-Agent%3DMozilla%2F5.0+%28iPad%3B+CPU+OS+6_0+like+Mac+OS+X%29+AppleWebKit%2F536.26+%28KHTML%2C+like+Gecko%29+Version%2F6.0+Mobile%2F10A5376e+Safari%2F8536.25%26swf%3B%3DNone%26auth%3B%26simpledownloader%3B%3Dfals%24use_proxy_for_chunks%3Dtrue%26streamtype%3B%3DTSDOWNLOADER%26maxbitrate%3B%3D0%26proxy%3B%3DNone%26url%3B&amp;mode=12&amp;sf_options=fanart%3Dhttps%3A%2F%2Fgoo.gl%2FnEGtMD%26meta%3Dlabel%253DFox%252BSports%252B1%2526title%253DFox%252BSports%252B1%26winID%3D10025%26_options_sf&quot;)</favourite>
</favourites>