<favourites>
	<favourite name="BBC One Northern Ireland - FILMON" thumb="http://static.filmon.com/couch/channels/361/extra_big_logo.png">PlayMedia(&quot;plugin://plugin.video.F.T.V/?url=361&amp;mode=125&amp;name=BBC+1+North+Ireland+%28361%29&amp;iconimage=http%3A%2F%2Fstatic.filmon.com%2Fcouch%2Fchannels%2F361%2Fextra_big_logo.png&amp;start=na&amp;ch_fanart=na&amp;sf_options=fanart%3Dspecial%3A%2F%2Fhome%2Faddons%2Fplugin.video.F.T.V%2Ffanart.jpg%26winID%3D10025%26desc%3Ddescription%26_options_sf&quot;)</favourite>
	<favourite name="BBC One Northern Ireland - Freeview 720p" thumb="https://assets.tvplayer.com/common/logos/256/Inverted/89.png">PlayMedia(&quot;plugin://plugin.video.freeview/?url=http%3A%2F%2Fvs-hls-uk-live.edgesuite.net%2Fpool_4%2Flive%2Fbbc_one_northern_ireland_hd%2Fbbc_one_northern_ireland_hd.isml%2Fbbc_one_northern_ireland_hd-pa4%253d128000-video%253d5070000.m3u8&amp;mode=1&amp;name=BBC+One+Northern+Ireland&amp;sf_options=fanart%3Dspecial%3A%2F%2Fhome%2Faddons%2Fplugin.video.freeview%2Ffanart.jpg%26winID%3D10025%26_options_sf&quot;)</favourite>
	<favourite name="BBC One Northern Ireland - BBC iPlayer" thumb="https://assets.tvplayer.com/common/logos/256/Inverted/89.png">PlayMedia(&quot;plugin://plugin.video.freeview/?url=http%3A%2F%2Fvs-hls-uk-live.edgesuite.net%2Fpool_4%2Flive%2Fbbc_one_northern_ireland_hd%2Fbbc_one_northern_ireland_hd.isml%2Fbbc_one_northern_ireland_hd-pa4%253d128000-video%253d5070000.m3u8&amp;mode=1&amp;name=BBC+One+Northern+Ireland+%7C+BBC+iPlayer&amp;sf_options=fanart%3Dspecial%3A%2F%2Fhome%2Faddons%2Fplugin.video.freeview%2Ffanart.jpg%26winID%3D10025%26_options_sf&quot;)</favourite>
	<favourite name="BBC One Northern Ireland - FilmOn" thumb="https://assets.tvplayer.com/common/logos/256/Inverted/89.png">PlayMedia(&quot;plugin://plugin.video.freeview/?url=https%3A%2F%2Fwww.filmon.com%2Ftv%2Fbbc-1-north-ireland&amp;mode=1&amp;name=BBC+One+Northern+Ireland+%7C+FilmOn&amp;sf_options=fanart%3Dspecial%3A%2F%2Fhome%2Faddons%2Fplugin.video.freeview%2Ffanart.jpg%26winID%3D10025%26_options_sf&quot;)</favourite>
</favourites>