<favourites>
	<favourite name="CBS Drama(UKTV AGAIN)" thumb="https://app.uktvnow.net/images/channel_imgs/160116115841cbsd.jpg|User-Agent=Dalvik/2.1.0 (Linux; U; Android 6.0.1; SM-G935F Build/MMB29K)">PlayMedia(&quot;playmedia(&quot;plugin://plugin.video.uktvnow/?url=url&amp;mode=2&amp;name=CBS+Drama&amp;channelid=66&amp;iconimage=https%3A%2F%2Fapp.uktvnow.net%2Fimages%2Fchannel_imgs%2F160116115841cbsd.jpg%7CUser-Agent%3DDalvik%2F2.1.0+%28Linux%3B+U%3B+Android+6.0.1%3B+SM-G935F+Build%2FMMB29K%29&quot;)&amp;sf_options=meta%3Dcastandrole%253D%25255B%25255D%2526label%253DCBS%252BDrama%26winID%3D10025%26_options_sf&quot;)</favourite>
	<favourite name="CBS Drama - UKTV - 25/08/2016" thumb="https://app.uktvnow.net/images/channel_imgs/160116115841cbsd.jpg|User-Agent=Dalvik/2.1.0 (Linux; U; Android 6.0.1; SM-G935F Build/MMB29K)">PlayMedia(&quot;plugin://plugin.video.uktvnow/?url=url&amp;mode=2&amp;name=CBS+Drama&amp;channelid=66&amp;iconimage=https%3A%2F%2Fapp.uktvnow.net%2Fimages%2Fchannel_imgs%2F160116115841cbsd.jpg%7CUser-Agent%3DDalvik%2F2.1.0+%28Linux%3B+U%3B+Android+6.0.1%3B+SM-G935F+Build%2FMMB29K%29&amp;sf_options=fanart%3Dspecial%3A%2F%2Fhome%2Faddons%5Cplugin.video.uktvnow%5Cfanart.jpg%26meta%3Dplot%253D66%2526label%253DCBS%252BDrama%2526title%253DCBS%252BDrama%26winID%3D10025%26desc%3D66%26_options_sf&quot;)</favourite>
	<favourite name="CBS Drama -Vidtime - 12/08/2016" thumb="http://rapidiptv.com/images/picons/cbsdrama.png">PlayMedia(&quot;plugin://plugin.video.f4mTester/?url=http://149.202.201.221:8000/live/fr443500/75019pa/1398.ts&amp;streamtype=TSDOWNLOADER&amp;name=CBS Drama&amp;sf_options=fanart%3Dhttp%3A%2F%2Fs20.postimg.org%2Fdoltr1fu5%2FVTTVBackground.png%26meta%3Dlabel%253D%25255BCOLOR%252Borange%25255DCBS%252BDrama%25255B%25252FCOLOR%25255D%26winID%3D10025%26_options_sf&quot;)</favourite>
	<favourite name="CBS Drama" thumb="special://home/addons/plugin.video.freeview/resources/logos/cbsdrama.png">PlayMedia(&quot;plugin://plugin.video.freeview/?url=https%3A%2F%2Fwww.filmon.com%2Ftv%2Fcbs-drama&amp;mode=1&amp;name=CBS+Drama&amp;sf_options=fanart%3Dspecial%3A%2F%2Fhome%2Faddons%2Fplugin.video.freeview%2Ffanart.jpg%26winID%3D10025%26_options_sf&quot;)</favourite>
</favourites>