<favourites>
	<favourite name="[COLOR orange]Nicktoons UK [/COLOR] mic 21/11/2016" thumb="https://upload.wikimedia.org/wikipedia/en/2/2b/UKTV_logo.png">PlayMedia(&quot;plugin://plugin.video.mic/?url=plugin%3A%2F%2Fplugin.video.f4mTester%2F%3Fstreamtype%3DTSDOWNLOADER%3Bname%3DNICKTOONS+UK%26url%3Dhttp%3A%2F%2F37.187.139.155%3A8000%2Flive%2Flightwrath%40live.com%2FWatchNow%21%2F547.ts&amp;mode=12&amp;sf_options=fanart%3Dhttp%3A%2F%2Fwallpapercave.com%2Fwp%2FPaxa7aH.jpg%26winID%3D10025%26_options_sf&quot;)</favourite>
	<favourite name="Nicktoons bamf 21/11/2016" thumb="https://www.dropbox.com/s/5l2alhsl2dpdd33/14996309_10209473377528524_434205708_n.jpg?dl=0">PlayMedia(&quot;plugin://plugin.video.sanctuary/?url=plugin%3A%2F%2Fplugin.video.f4mTester%2F%3Fstreamtype%3DTSDOWNLOADER%26amp%3Burl%3Dhttp%3A%2F%2Fcp.dmbshare.net%3A8000%2Flive%2Fdan%2Fdan%2F8398.ts%3Bname%3DBAMF+TV&amp;mode=1112&amp;sf_options=winID%3D10025%26_options_sf&quot;)</favourite>
	<favourite name="Nicktoons 2 bamf 21/11/2016" thumb="https://www.dropbox.com/s/5l2alhsl2dpdd33/14996309_10209473377528524_434205708_n.jpg?dl=0">PlayMedia(&quot;plugin://plugin.video.sanctuary/?url=plugin%3A%2F%2Fplugin.video.f4mTester%2F%3Fstreamtype%3DTSDOWNLOADER%26amp%3Burl%3Dhttp%3A%2F%2Fcp.dmbshare.net%3A8000%2Flive%2Fdan%2Fdan%2F7744.ts%3Bname%3DBAMF+TV&amp;mode=1112&amp;sf_options=winID%3D10025%26_options_sf&quot;)</favourite>
	<favourite name="[COLORgreen][B]•[/COLOR][/B]Nicktoons Oblivion S1" thumb="http://oblivionbuilds.com/Oblivionlogo.png">PlayMedia(&quot;plugin://plugin.video.sanctuary/?url=plugin%3A%2F%2Fplugin.video.f4mTester%2F%3Fstreamtype%3DTSDOWNLOADER%26amp%3Burl%3Dhttp%3A%2F%2F164.132.182.253%3A22921%2Flive%2FMiguel%2Fskype%2F251.ts%26amp%3Bname%3DOblivion+TV&amp;mode=1112&amp;sf_options=winID%3D10025%26_options_sf&quot;)</favourite>
	<favourite name="Nicktoons zem S4" thumb="DefaultFolder.png">PlayMedia(&quot;plugin://plugin.video.ZemTV-shani/?url=aXBib3g6aHR0cDovL0lQVFZGUkVFMS5DT006Njk2OS9saXZlLz09Pl93d3cuaXB0dnJlc3RyZWFtLm5ldF88PT0vPT0%2BX3d3dy5pcHR2cmVzdHJlYW0ubmV0Xzw9PS8xNDMzLnRzfFVzZXItQWdlbnQ9aXB0dnJlc3RyZWFtLm5ldDE%3D&amp;mode=11&amp;name=%5BCOLOR+FF11b500%5DUk+%7C+nicktoons%0D+ipbox%5B%2FCOLOR%5D&amp;sf_options=winID%3D10025%26_options_sf&quot;)</favourite>
	<favourite name="NickToons oblivion Server 1" thumb="http://oblivionbuilds.com/Oblivionlogo.png">PlayMedia(&quot;plugin://plugin.video.sanctuary/?url=plugin%3A%2F%2Fplugin.video.f4mTester%2F%3Fstreamtype%3DTSDOWNLOADER%26amp%3Burl%3Dhttp%3A%2F%2Fcableking-iptv.com%3A8000%2Flive%2Fsaif%2Fsaif%2F4216.ts%3Bname%3DOblivion+TV&amp;mode=906&amp;regexs=&amp;setCookie=&amp;sf_options=winID%3D10025%26_options_sf&quot;)</favourite>
	<favourite name="Nicktoons oblivion Server 1" thumb="http://oblivionbuilds.com/Oblivionlogo.png">PlayMedia(&quot;plugin://plugin.video.sanctuary/?url=plugin%3A%2F%2Fplugin.video.f4mTester%2F%3Fstreamtype%3DTSDOWNLOADER%26amp%3Burl%3Dhttp%3A%2F%2Fcableking-iptv.com%3A8000%2Flive%2Fsaif%2Fsaif%2F935.ts%3Bname%3DOblivion+TV&amp;mode=906&amp;regexs=&amp;setCookie=&amp;sf_options=winID%3D10025%26_options_sf&quot;)</favourite>
</favourites>