<favourites>
	<favourite name="[COLOR red][B]SKY[/COLOR][COLOR blue] SPORTS 3[/COLOR][/B][COLOR white] [720p][/COLOR]" thumb="http://i.imgur.com/BuuhD16.png">PlayMedia(&quot;plugin://plugin.video.Evolve/?url=http%3A%2F%2Fwww.matsbuilds.co.uk%2Fabe%2Fevolve_pack.xml&amp;mode=3&amp;name=%5BCOLOR+red%5D%5BB%5DSKY%5B%2FCOLOR%5D%5BCOLOR+blue%5D+SPORTS+3%5B%2FCOLOR%5D%5B%2FB%5D%5BCOLOR+white%5D+%5B720p%5D%5B%2FCOLOR%5D&amp;description=&amp;fanart=http%3A%2F%2Fi.imgur.com%2FBuuhD16.png&amp;sf_options=fanart%3Dhttp%3A%2F%2Fi.imgur.com%2FBuuhD16.png%26meta%3Dcastandrole%253D%25255B%25255D%2526label%253D%25255BCOLOR%252Bred%25255D%25255BB%25255DSKY%25255B%25252FCOLOR%25255D%25255BCOLOR%252Bblue%25255D%252BSPORTS%252B3%25255B%25252FCOLOR%25255D%25255B%25252FB%25255D%25255BCOLOR%252Bwhite%25255D%252B%25255B720p%25255D%25255B%25252FCOLOR%25255D%26winID%3D10025%26_options_sf&quot;)</favourite>
	<favourite name="Sky Sports 3 - UKTV - 25/08/2016" thumb="https://app.uktvnow.net/images/channel_imgs/200116041201sk3.png|User-Agent=Dalvik/2.1.0 (Linux; U; Android 6.0.1; SM-G935F Build/MMB29K)">PlayMedia(&quot;plugin://plugin.video.uktvnow/?url=url&amp;mode=2&amp;name=Sky+Sports+3&amp;channelid=206&amp;iconimage=https%3A%2F%2Fapp.uktvnow.net%2Fimages%2Fchannel_imgs%2F200116041201sk3.png%7CUser-Agent%3DDalvik%2F2.1.0+%28Linux%3B+U%3B+Android+6.0.1%3B+SM-G935F+Build%2FMMB29K%29&amp;sf_options=fanart%3Dspecial%3A%2F%2Fhome%2Faddons%5Cplugin.video.uktvnow%5Cfanart.jpg%26meta%3Dplot%253D206%2526label%253DSky%252BSports%252B3%2526title%253DSky%252BSports%252B3%26winID%3D10025%26desc%3D206%26_options_sf&quot;)</favourite>
	<favourite name="Sky Sports 3 - Vidtime - 12/08/2016" thumb=" ">PlayMedia(&quot;plugin://plugin.video.f4mTester/?url=http://149.202.201.221:8000/live/fr443500/75019pa/273.ts&amp;streamtype=TSDOWNLOADER&amp;name=Sky Sports 3&amp;sf_options=fanart%3Dhttp%3A%2F%2Fs20.postimg.org%2Fdoltr1fu5%2FVTTVBackground.png%26meta%3Dlabel%253D%25255BCOLOR%252Blimegreen%25255DSky%252BSports%252B3%25255B%25252FCOLOR%25255D%26winID%3D10025%26_options_sf&quot;)</favourite>
	<favourite name="Sky Sports 3 - NJM Soccer - 12/08/2016" thumb="http://www.lyngsat-logo.com/hires/ss/sky_uk_sports3.png">PlayMedia(&quot;plugin://plugin.video.NJMSoccer/?url=plugin%3A%2F%2Fplugin.video.SportsDevil%2F%3Fmode%3D1%26amp%3Bitem%3Dcatcher%253dstreams%2526url%3Dhttp%3A%2F%2Fhdfree.tv%2Fwatch%2F4%2Fsky-sports-3.html%2526referer%3Dhttp%3A%2F%2Fhdfree.tv&amp;mode=12&amp;sf_options=fanart%3Dhttp%3A%2F%2Fi65.tinypic.com%2F2vsrsrl.png%26meta%3Dlabel%253D%25255BB%25255D%25255BCOLOR%252Bnavy%25255DSKY%25255B%25252FCOLOR%25255D%25255BCOLOR%252Bred%25255D%252BSPORTS%252B3%252B%25255B%25252FCOLOR%25255D%252B%25255BCOLOR%252Byellow%25255D%25255B480p%25255D%25255B%25252FCOLOR%25255D%252B%25255B27%25252F07%25255D%25255B%25252FB%25255D%2526title%253D%25255BB%25255D%25255BCOLOR%252Bnavy%25255DSKY%25255B%25252FCOLOR%25255D%25255BCOLOR%252Bred%25255D%252BSPORTS%252B3%252B%25255B%25252FCOLOR%25255D%252B%25255BCOLOR%252Byellow%25255D%25255B480p%25255D%25255B%25252FCOLOR%25255D%252B%25255B27%25252F07%25255D%25255B%25252FB%25255D%26winID%3D10025%26_options_sf&quot;)</favourite>
	<favourite name="Sky Sports 3 Link 2 - NJM Soccer - 12/08/2016" thumb="DefaultVideo.png">PlayMedia(&quot;plugin://plugin.video.NJMSoccer/?url=%24doregex%5Bm3u8%5D&amp;mode=17&amp;regexs=%7Bu%27m3u8%27%3A%20%7B%27refer%27%3A%20u%27http%3A//www.streamhd.eu/tv/sky-sports-3-live-stream.php%27%2C%20%27page%27%3A%20u%27http%3A//widestream.io/embed-129%27%2C%20%27expre%27%3A%20u%27file%3A%20%22%28%5B%5E%5C%5C%22%5D.%2A%29%22%27%7D%7D&amp;sf_options=fanart%3Dspecial%3A%2F%2Fhome%2Faddons%5Cplugin.video.NJMSoccer%5Cfanart.jpg%26meta%3Dduration%253D0%2526label%253DSS%252B3%26winID%3D10025%26_options_sf&quot;)</favourite>
	<favourite name="Sky Sport 3 [720p] - NJM Soccer - 12/08/2016" thumb="http://i60.tinypic.com/2a8f14g.png">PlayMedia(&quot;plugin://plugin.video.NJMSoccer/?url=plugin%3A%2F%2Fplugin.video.f4mTester%2F%3Fstreamtype%3DTSDOWNLOADER%26url%3Dhttp%3A%2F%2Fwww.q7t1.com%3A8000%2Flive%2FsYKADDaJs2%2FSnoQc6v4hZ%2F1042.ts&amp;mode=12&amp;sf_options=fanart%3Dspecial%3A%2F%2Fhome%2Faddons%5Cplugin.video.NJMSoccer%5Cfanart.jpg%26meta%3Dlabel%253DSky%252BSport%252B3%252B%25255B720p%25255D%2526title%253DSky%252BSport%252B3%252B%25255B720p%25255D%26winID%3D10025%26_options_sf&quot;)</favourite>
	<favourite name="Sky Sports 3 - DC Sports - 25/08/2016" thumb="http://www.thelogodb.com/images/media/logo/vtusxx1433965268.png">PlayMedia(&quot;plugin://plugin.video.DCSports/?url=plugin%3A%2F%2Fplugin.video.f4mTester%2F%3Furl%3Dhttp%3A%2F%2Fswebstreamer.hopto.me%3A2709%2Flive%2FSeil001apo%2F8mc9Z6c9yB%2F61.ts%26streamtype%3DTSDOWNLOADER%3Bname%3DSkySports3+%23DCSPORTSADDON%7CUser-Agent%3DMozilla%2F5.0+%28iPad%3B+CPU+OS+6_0+like+Mac+OS+X%29+AppleWebKit%2F536.26+%28KHTML%2C+like+Gecko%29+Version%2F6.0+Mobile%2F10A5376e+Safari%2F8536.25%26swf%3B%3DNone%26auth%3B%26simpledownloader%3B%3Dfals%24use_proxy_for_chunks%3Dtrue%26streamtype%3B%3DTSDOWNLOADER%26maxbitrate%3B%3D0%26proxy%3B%3DNone%26url%3B&amp;mode=12&amp;sf_options=fanart%3Dhttps%3A%2F%2Fgoo.gl%2FB5taEa%26meta%3Dlabel%253DSky%252BSports%252B3%2526title%253DSky%252BSports%252B3%26winID%3D10025%26_options_sf&quot;)</favourite>
	<favourite name="[COLOR red][B]SKY[/COLOR][COLOR blue] SPORTS 3[/COLOR][/B][COLOR white] [720p][/COLOR] - Evolve - 25/08/2016" thumb="http://i.imgur.com/BuuhD16.png">PlayMedia(&quot;plugin://plugin.video.Evolve/?url=http%3A%2F%2Fwww.matsbuilds.uk%2Fabe%2Fevolve_pack.xml&amp;mode=3&amp;name=%5BCOLOR+red%5D%5BB%5DSKY%5B%2FCOLOR%5D%5BCOLOR+blue%5D+SPORTS+3%5B%2FCOLOR%5D%5B%2FB%5D%5BCOLOR+white%5D+%5B720p%5D%5B%2FCOLOR%5D&amp;description=&amp;fanart=http%3A%2F%2Fi.imgur.com%2FBuuhD16.png&amp;sf_options=fanart%3Dhttp%3A%2F%2Fi.imgur.com%2FBuuhD16.png%26meta%3Dlabel%253D%25255BCOLOR%252Bred%25255D%25255BB%25255DSKY%25255B%25252FCOLOR%25255D%25255BCOLOR%252Bblue%25255D%252BSPORTS%252B3%25255B%25252FCOLOR%25255D%25255B%25252FB%25255D%25255BCOLOR%252Bwhite%25255D%252B%25255B720p%25255D%25255B%25252FCOLOR%25255D%26winID%3D10025%26_options_sf&quot;)</favourite>
	<favourite name="Sky Sports 3" thumb="http://vps.oblivionbuilds.com/Oblivionlogo.png">PlayMedia(&quot;plugin://plugin.video.OblivionStreams/?url=plugin%3A%2F%2Fplugin.video.f4mTester%2F%3Fstreamtype%3DTSDOWNLOADER%26amp%3Burl%3Dhttp%3A%2F%2Froot-iptv.is-found.org%3A25461%2Flive%2FzJyBiulPMV%2FAvxs812Ff9%2F14.ts%3Bname%3DOblivion+TV&amp;mode=12&amp;sf_options=winID%3D10025%26_options_sf&quot;)</favourite>
</favourites>