<favourites>
	<favourite name="Sky Sports 3 Mic" thumb="https://upload.wikimedia.org/wikipedia/en/2/2b/UKTV_logo.png">PlayMedia(&quot;plugin://plugin.video.mic/?url=plugin%3A%2F%2Fplugin.video.f4mTester%2F%3Fstreamtype%3DHLSRETRY%3Bname%3DSKY+SPORT+3%26url%3Dhttp%3A%2F%2F37.187.139.155%3A8000%2Flive%2Flightwrath%40live.com%2FWatchNow%21%2F596.m3u8&amp;mode=12&amp;iconimage=https%3A%2F%2Fupload.wikimedia.org%2Fwikipedia%2Fen%2F2%2F2b%2FUKTV_logo.png&amp;sf_options=fanart%3Dhttp%3A%2F%2Fwallpapercave.com%2Fwp%2FPaxa7aH.jpg%26meta%3Dlabel%253D%252B%25255BCOLOR%252Borange%25255DSky%252BSport%252B3%252B%25255B%25252FCOLOR%25255D%2526title%253D%252B%25255BCOLOR%252Borange%25255DSky%252BSport%252B3%252B%25255B%25252FCOLOR%25255D%26winID%3D10025%26_options_sf&quot;)</favourite>
	<favourite name="Sky Sports 3 Mic" thumb="https://upload.wikimedia.org/wikipedia/en/2/2b/UKTV_logo.png">PlayMedia(&quot;plugin://plugin.video.mic/?url=plugin%3A%2F%2Fplugin.video.SportsDevil%2F%3Fmode%3D1%26amp%3Bitem%3Dcatcher%253dstreams%2526url%3Dhttp%3A%2F%2Fsportsstream.pw%2Fstream%2Fsky3.php%2526referer%3Dhttp%3A%2F%2Fwww.funhdtv.com%2F&amp;mode=12&amp;iconimage=https%3A%2F%2Fupload.wikimedia.org%2Fwikipedia%2Fen%2F2%2F2b%2FUKTV_logo.png&amp;sf_options=fanart%3Dhttp%3A%2F%2Fwallpapercave.com%2Fwp%2FPaxa7aH.jpg%26meta%3Dlabel%253D%252B%25255BCOLOR%252Borange%25255DSky%252BSport%252B3%252BALT%25255B%25252FCOLOR%25255D%2526title%253D%252B%25255BCOLOR%252Borange%25255DSky%252BSport%252B3%252BALT%25255B%25252FCOLOR%25255D%26winID%3D10025%26_options_sf&quot;)</favourite>
	<favourite name="Sky Sports 3 TVone" thumb="special://home/addons/plugin.video.SportsDevil-2016.30.30/resources/images/folder.png">PlayMedia(&quot;plugin://plugin.video.SportsDevil/?item=catcher%3dstreams%26title%3dSky%2bSports%2b3%26url%3dmpd%253A%252F%252F1b08968ed7063cf6d11c88e0c52cbb91.m3u8%26cfg%3dtvone1.tv.cfg%2540Streams%2540Sports%26videoTitle%3dSky%2bSports%2b3%26director%3dtvone1.tv%26genre%3dLive%2bTV%26referer%3dmpd%253A%252F%252F1b08968ed7063cf6d11c88e0c52cbb91.m3u8%26definedIn%3dtvone1.tv.cfg%26type%3drss&amp;mode=1&amp;sf_options=fanart%3Dspecial%3A%2F%2Fhome%2Faddons%2Fplugin.video.SportsDevil-2016.30.30%2Ffanart.jpg%26meta%3Dgenre%253DLive%252BTV%2526director%253Dtvone1.tv%2526label%253DSky%252BSports%252B3%2526title%253DSky%252BSports%252B3%26winID%3D10025%26_options_sf&quot;)</favourite>
	<favourite name="Sky Sports 3 Sanctuary" thumb="https://www.skymedia.co.uk/wp-content/uploads/2016/01/channel-logo-sky-sports-3.png">PlayMedia(&quot;plugin://plugin.video.sanctuary/?url=plugin%3A%2F%2Fplugin.video.SportsDevil%2F%3Fmode%3D1%26amp%3Bitem%3Dcatcher%253dstreams%2526url%3Dhttp%3A%2F%2Fwww.liveonlinetv247.info%2Fskysports3.php%2526referer%3Dhttp%3A%2F%2Fwww.liveonlinetv247.info%2Fskysports3.php&amp;mode=1112&amp;sf_options=fanart%3Dhttp%3A%2F%2Fwww.stephen-builds.co.uk%2Fwizard%2Ffanart12.jpg%26meta%3Dlabel%253Dsky%252Bsport%252B3%252BHD%2526title%253Dsky%252Bsport%252B3%252BHD%26winID%3D10025%26_options_sf&quot;)</favourite>
	<favourite name="Sky Sports 3 UK Iptv" thumb="http://genietvcunts.co.uk/bamffff/iptv1.jpg">PlayMedia(&quot;plugin://plugin.video.sanctuary/?url=plugin%3A%2F%2Fplugin.video.f4mTester%2F%3Fstreamtype%3DTSDOWNLOADER%26amp%3Burl%3Dhttp%3A%2F%2F51.255.70.112%3A8000%2Flive%2FLewis%2FLewis%2F1689.ts%3Bname%3DBAMF+TV&amp;mode=1112&amp;sf_options=winID%3D10025%26_options_sf&quot;)</favourite>
	<favourite name="Sky Sports 3 Mama HD" thumb="http://mamahd.com/images/channels/sky.png">PlayMedia(&quot;plugin://plugin.video.ZemTV-shani/?url=bWFtYWhkOmh0dHA6Ly9tYW1haGQuY29tL3NreS1zcG9ydHMtMy1saXZlLXN0cmVhbS0xLmh0bWw%3D&amp;mode=11&amp;name=Skysports+3&amp;sf_options=winID%3D10025%26_options_sf&quot;)</favourite>
	<favourite name="[COLOR blue] Sky Sports 3[/COLOR] Live PremierShip" thumb="http://i.imgur.com/lIhCAQ1.png">PlayMedia(&quot;plugin://plugin.video.livepremiership/?url=plugin%3A%2F%2Fplugin.video.SportsDevil%2F%3Fmode%3D1%26amp%3Bitem%3Dcatcher%253dstreams%2526url%3Dhttp%3A%2F%2Fmamahd.com%2Fsky-sports-3-live-stream-1.html%2526referer%3Dhttp%3A%2F%2Fmamahd.com%2F&amp;mode=4&amp;name=%5BCOLOR+blue%5D+Sky+Sports+3%5B%2FCOLOR%5D&amp;description=&amp;fanart=%2FUsers%2Fdanielmuse%2FLibrary%2FApplication+Support%2FFreeTelly%2Faddons%2Fplugin.video.livepremiership%2Ffanart.jpg&amp;sf_options=fanart%3Dspecial%3A%2F%2Fhome%2Faddons%2Fplugin.video.livepremiership%2Ffanart.jpg%26winID%3D10025%26_options_sf&quot;)</favourite>
	<favourite name="[COLOR blue] Sky Sports 3[/COLOR] Live PremierShip" thumb="http://i.imgur.com/lIhCAQ1.png">PlayMedia(&quot;plugin://plugin.video.livepremiership/?url=http%3A%2F%2Fpastebin.com%2Fraw%2FXF49HmBW&amp;mode=8&amp;name=%5BCOLOR+blue%5D+Sky+Sports+3%5B%2FCOLOR%5D&amp;fanart=http%3A%2F%2Fi.imgur.com%2FzaL52nG.png&amp;sf_options=fanart%3Dhttp%3A%2F%2Fi.imgur.com%2FzaL52nG.png%26winID%3D10025%26_options_sf&quot;)</favourite>
	<favourite name="[COLORgreen]ONLINE:[/COLOR]SKY SPORTS 3 Lily Sports" thumb="http://kodeeresurrection.com/LILYSPORTStxts/pngs/sky_sports_3.png">PlayMedia(&quot;plugin://plugin.video.Tigensworld/?url=plugin%3A%2F%2Fplugin.video.f4mTester%2F%3Fstreamtype%3DTSDOWNLOADER%26url%3Dhttp%3A%2F%2F93.190.139.64%3A8000%2Flive%2Fnew%2Fnew2%2F189.ts%26streamtype%3DTSDOWNLOADER%3Bname%3DSKY+SPORT+3&amp;mode=12&amp;sf_options=fanart%3Dhttp%3A%2F%2Fkodeekrazy.net%2Fprologictexts%2FSKY%2520SPORTS%2520BACKGROUND.jpg%26winID%3D10025%26_options_sf&quot;)</favourite>
	<favourite name="[COLORgreen]ONLINE:[/COLOR]SKY SPORTS 3 LINK 2 Lily Sports" thumb="http://kodeeresurrection.com/LILYSPORTStxts/pngs/sky_sports_3.png">PlayMedia(&quot;plugin://plugin.video.Tigensworld/?url=plugin%3A%2F%2Fplugin.video.SportsDevil%2F%3Fmode%3D1%26amp%3Bitem%3Dcatcher%253dstreams%2526url%3Dhttp%3A%2F%2Fwww.liveonlinetv247.info%2Fskysports3.php%2526referer%3Dhttp%3A%2F%2Fwww.liveonlinetv247.info%2Fskysports3.php&amp;mode=12&amp;sf_options=fanart%3Dhttp%3A%2F%2Fkodeekrazy.net%2Fprologictexts%2FSKY%2520SPORTS%2520BACKGROUND.jpg%26winID%3D10025%26_options_sf&quot;)</favourite>
	<favourite name="[COLORgreen]ONLINE:[/COLOR]SKY SPORTS 3 LINK 3 Lily Sports" thumb="http://kodeeresurrection.com/LILYSPORTStxts/pngs/sky_sports_3.png">PlayMedia(&quot;plugin://plugin.video.Tigensworld/?url=plugin%3A%2F%2Fplugin.video.SportsDevil%2F%3Fmode%3D1%26amp%3Bitem%3Dcatcher%253dstreams%2526url%3Dhttp%3A%2F%2Fwww.time4tv.me%2F2011%2F03%2Fsky-sports-3.php%2526referer%3Dhttp%3A%2F%2Fwww.time4tv.me%2F2011%2F03%2Fsky-sports-3.php&amp;mode=12&amp;sf_options=fanart%3Dhttp%3A%2F%2Fkodeekrazy.net%2Fprologictexts%2FSKY%2520SPORTS%2520BACKGROUND.jpg%26winID%3D10025%26_options_sf&quot;)</favourite>
	<favourite name="[COLORgreen]ONLINE:[/COLOR]SKY SPORTS 3 LINK 4 Lily Sports" thumb="http://kodeeresurrection.com/LILYSPORTStxts/pngs/sky_sports_3.png">PlayMedia(&quot;plugin://plugin.video.Tigensworld/?url=plugin%3A%2F%2Fplugin.video.SportsDevil%2F%3Fmode%3D1%26amp%3Bitem%3Dcatcher%253dstreams%2526url%3Dhttp%3A%2F%2Fmamahd.com%2Fsky-sports-3-live-stream-1.html%2526referer%3Dhttp%3A%2F%2Fmamahd.com%2Fsky-sports-3-live-stream-1.html&amp;mode=12&amp;sf_options=fanart%3Dhttp%3A%2F%2Fkodeekrazy.net%2Fprologictexts%2FSKY%2520SPORTS%2520BACKGROUND.jpg%26winID%3D10025%26_options_sf&quot;)</favourite>
	<favourite name="Sky Sports 3 HD Fido" thumb="DefaultVideo.png">PlayMedia(&quot;plugin://plugin.video.sanctuary/?url=plugin%3A%2F%2Fplugin.video.f4mTester%2F%3Fstreamtype%3DTSDOWNLOADER%3Bname%3DFIDO%26url%3Dhttp%3A%2F%2F37.187.139.155%3A8000%2Flive%2Flightwrath%40live.com%2FWatchNow%21%2F595.ts&amp;mode=1112&amp;sf_options=fanart%3Dhttp%3A%2F%2Ffantazyrepo.uk%2Faddonimages%2Flivetv%2FLiveTV.jpg%26winID%3D10025%26_options_sf&quot;)</favourite>
	<favourite name="Sky Sports 3 Fido" thumb="DefaultVideo.png">PlayMedia(&quot;plugin://plugin.video.sanctuary/?url=plugin%3A%2F%2Fplugin.video.f4mTester%2F%3Fstreamtype%3DTSDOWNLOADER%3Bname%3DFIDO%26url%3Dhttp%3A%2F%2F37.187.139.155%3A8000%2Flive%2Flightwrath%40live.com%2FWatchNow%21%2F596.ts&amp;mode=1112&amp;sf_options=fanart%3Dhttp%3A%2F%2Ffantazyrepo.uk%2Faddonimages%2Flivetv%2FLiveTV.jpg%26winID%3D10025%26_options_sf&quot;)</favourite>
	<favourite name="Sky Sports 3 Evolve" thumb="https://www.thelogodb.com/images/media/logo/vtusxx1433965268.png/medium">PlayMedia(&quot;plugin://plugin.video.Evolve/?url=http%3A%2F%2Fmatsbuilds.uk%2Fjack%2FEvolve%2Fsports.txt&amp;mode=3&amp;name=Sky+Sports+3&amp;description=&amp;iconimage=https%3A%2F%2Fwww.thelogodb.com%2Fimages%2Fmedia%2Flogo%2Fvtusxx1433965268.png%2Fmedium&amp;sf_options=width%3D650%26winID%3D10025%26_options_sf&quot;)</favourite>
	<favourite name="Sky Sports 3 No Name" thumb="http://www.liveonlinetv247.info/images/skysports3.png">PlayMedia(&quot;plugin://plugin.video.no-name/?action=play&amp;url=%3Csublink%3Ehttp%3A%2F%2Ftv.solidiptv.com%3A25461%2Flive%2Fpad%2Fsamsung%2F215.ts%7CUser-Agent%3D1200%3C%2Fsublink%3E%3Csublink%3Ehttp%3A%2F%2Fwww.liveonlinetv247.info%2Fembed%2Fskysports3.php%3Fwidth%3D650%26height%3D480%3C%2Fsublink%3E%3Csublink%3Ehttp%3A%2F%2Fwww.liveonlinetv247.info%2Fembed%2Fskysports3-2.php%3Fwidth%3D650%26height%3D480%3C%2Fsublink%3E%3Csublink%3Ehttp%3A%2F%2Fwww.liveonlinetv247.info%2Fembed%2Fskysports3-3.php%3Fwidth%3D650%26height%3D480%3C%2Fsublink%3E&amp;sf_options=fanart%3Dhttps%3A%2F%2Fs20.postimg.org%2F5eos453ql%2Fhd_fantasy_wallpaper_1280x800_0912021.jpg%26winID%3D10025%26_options_sf&quot;)</favourite>
	<favourite name="Sky Sports 3 Zem" thumb="https://aps.dynns.com/apps/prog_data/thumbs/4ca9764c98c203d7bc747cbce9d9174fsky3.jpg">PlayMedia(&quot;plugin://plugin.video.ZemTV-shani/?url=MTU3&amp;mode=37&amp;name=%5BCOLOR+blue%5DSky+sports+3%5B%2FCOLOR%5D&amp;sf_options=winID%3D10025%26_options_sf&quot;)</favourite>
	<favourite name="Sky Sports 3 UK Bamf" thumb="DefaultVideo.png">PlayMedia(&quot;plugin://plugin.video.BAMFTV/?url=plugin%3A%2F%2Fplugin.video.f4mTester%2F%3Fstreamtype%3DTSDOWNLOADER%26amp%3Burl%3Dhttp%3A%2F%2Fmediaiptv.xyz%3A8000%2Flive%2FBoZeGa6zE4%2F2207%2F1689.ts%3Bname%3DBAMF+TV&amp;mode=12&amp;sf_options=winID%3D10025%26_options_sf&quot;)</favourite>
	<favourite name="Sky Sports 3 HD Bamf" thumb="DefaultVideo.png">PlayMedia(&quot;plugin://plugin.video.BAMFTV/?url=plugin%3A%2F%2Fplugin.video.f4mTester%2F%3Fstreamtype%3DTSDOWNLOADER%26amp%3Burl%3Dhttp%3A%2F%2Fmediaiptv.xyz%3A8000%2Flive%2FBoZeGa6zE4%2F2207%2F727.ts%3Bname%3DBAMF+TV&amp;mode=12&amp;sf_options=winID%3D10025%26_options_sf&quot;)</favourite>
</favourites>