<favourites>
	<favourite name="Bein Sports 3 zem 19/11/2016" thumb="DefaultFolder.png">PlayMedia(&quot;plugin://plugin.video.ZemTV-shani/?url=aXBib3g6aHR0cDovL2lwdHYubW9ua2V5Y2xpbmUuY29tOjI1NDYxL2xpdmUvamFzbmUvamFzbmUvMTcyMS50c3xVc2VyLUFnZW50PVZMQy8yLjIuMSBMaWJWTEMvMi4yLjE3JkljeS1NZXRhRGF0YT0x&amp;mode=11&amp;name=%5BCOLOR+FF11b500%5DBein+sport+3+hd%0D+ipbox%5B%2FCOLOR%5D&amp;sf_options=winID%3D10025%26_options_sf&quot;)</favourite>
	<favourite name="Bein Sports 3 sanctuary 20/11/2016" thumb="http://s03.s3c.es/imag/_v0/640x300/5/3/4/bein-sports.jpg">PlayMedia(&quot;plugin://plugin.video.sanctuary/?url=%24doregex%5Bselect_Url%5D&amp;mode=1917&amp;regexs=%7Bu%27select_Url%27%3A%20%7B%27expres%27%3A%20u%22%24pyFunction%3A%20%27%24doregex%5Bget_sxstream%5D%7CUser-Agent%3DMozilla/5.0%20%28Windows%20NT%2010.0%3B%20WOW64%29%20AppleWebKit/537.36%20%28KHTML%2C%20like%20Gecko%29%20Chrome/48.0.2564.116%20Safari/537.36%27%20if%20not%20%27%24doregex%5Bget_sxstream%5D%7CUser-Agent%3DMozilla/5.0%20%28Windows%20NT%2010.0%3B%20WOW64%29%20AppleWebKit/537.36%20%28KHTML%2C%20like%20Gecko%29%20Chrome/48.0.2564.116%20Safari/537.36%27%3D%3D%27%27%20else%20%27%24doregex%5Bget_sxstream1%5D%7CUser-Agent%3DiPhone%27%22%2C%20%27name%27%3A%20u%27select_Url%27%2C%20%27page%27%3A%20None%7D%2C%20u%27get_sxstream%27%3A%20%7B%27expres%27%3A%20u%27src%3D.%2A%5B%22%2C%5C%27%5D%28.%2Am3u8.%2A%3F%29%5B%22%2C%5C%27%5D%27%2C%20%27referer%27%3A%20u%27http%3A//www.liveonlinetv247.info/%27%2C%20%27name%27%3A%20u%27get_sxstream%27%2C%20%27agent%27%3A%20None%2C%20%27page%27%3A%20u%27http%3A//www.liveonlinetv247.info/embed/beinsports3.php%27%7D%2C%20u%27get_sxstream1%27%3A%20%7B%27expres%27%3A%20u%27src%3D.%2A%5B%22%2C%5C%27%5D%28.%2Am3u8.%2A%3F%29%5B%22%2C%5C%27%5D%27%2C%20%27referer%27%3A%20u%27http%3A//www.liveonlinetv247.info/%27%2C%20%27name%27%3A%20u%27get_sxstream1%27%2C%20%27agent%27%3A%20None%2C%20%27page%27%3A%20u%27http%3A//www.liveonlinetv247.info/embed/beinsports3.php%27%7D%7D&amp;sf_options=fanart%3Dhttp%3A%2F%2Fs03.s3c.es%2Fimag%2F_v0%2F640x300%2F5%2F3%2F4%2Fbein-sports.jpg%26winID%3D10025%26_options_sf&quot;)</favourite>
	<favourite name="Bein Sports 3 HD sanctuary 20/11/2016" thumb="http://www.liveonlinetv247.info/images/beinsports3.png">PlayMedia(&quot;plugin://plugin.video.sanctuary/?url=plugin%3A%2F%2Fplugin.video.SportsDevil%2F%3Fmode%3D1%26amp%3Bitem%3Dcatcher%253dstreams%2526url%3Dhttp%3A%2F%2Fwww.liveonlinetv247.info%2Fbeinsports3.php&amp;mode=1912&amp;sf_options=fanart%3Dhttp%3A%2F%2Ffreedomiptv.tk%2Ffanart.jpg%26winID%3D10025%26_options_sf&quot;)</favourite>
	<favourite name="Bein Sports 3 zem 24/11/2016" thumb="DefaultFolder.png">PlayMedia(&quot;plugin://plugin.video.ZemTV-shani/?url=aXBib3g6aHR0cDovL2lwdHYubW9ua2V5Y2xpbmUuY29tOjI1NDYxL2xpdmUvamFzbmUvamFzbmUvMTcyMS50c3xVc2VyLUFnZW50PVZMQy8yLjMuMSBMaWJWTEMvMi4yLjE3JkljeS1NZXRhRGF0YT0x&amp;mode=11&amp;name=%5BCOLOR+FF11b500%5DBein+sport+3+hd%0D+ipbox%5B%2FCOLOR%5D&amp;sf_options=winID%3D10025%26_options_sf&quot;)</favourite>
	<favourite name="Bein Sports 3 HD bamf 29/11/2016" thumb="DefaultVideo.png">PlayMedia(&quot;plugin://plugin.video.sanctuary/?url=plugin%3A%2F%2Fplugin.video.f4mTester%2F%3Fstreamtype%3DTSDOWNLOADER%26amp%3Burl%3Dhttp%3A%2F%2Fhometv.iptvserver.online%3A8000%2Flive%2Fgorcum7458%2F85472123%2F217.ts%3Bname%3DBAMF+TV&amp;mode=1112&amp;sf_options=winID%3D10025%26_options_sf&quot;)</favourite>
</favourites>