<favourites>
	<favourite name="TSN1 mic Sports Central" thumb="http://www.thelogodb.com/images/media/logo/upsspx1433379567.png">PlayMedia(&quot;plugin://plugin.video.mic/?url=plugin%3A%2F%2Fplugin.video.f4mTester%2F%3Fstreamtype%3DTSDOWNLOADER%3Bname%3DTSN+1%26url%3Dhttp%3A%2F%2F37.187.139.155%3A8000%2Flive%2Flightwrath%40live.com%2FWatchNow%21%2F631.ts&amp;mode=12&amp;sf_options=fanart%3Dhttp%3A%2F%2Fgamerlimit.com%2Fwp-xcontent%2Fuploads%2F2016%2F04%2Foriginal.jpg%26winID%3D10025%26_options_sf&quot;)</favourite>
	<favourite name="[COLOR lime]TSN1 [/COLOR] mic Sports Central" thumb="http://www.thelogodb.com/images/media/logo/upsspx1433379567.png">PlayMedia(&quot;plugin://plugin.video.mic/?url=plugin%3A%2F%2Fplugin.video.SportsDevil%2F%3Fitem%3Dcatcher%253Dstreams%2526title%253DTSN%252B1%2526url%253Dmpd%25253A%25252F%25252F40beacf01f852160e0d3cf1d962449e6.m3u8%2526cfg%253Dtvone1.tv.cfg%252540Streams%252540Sports%2526videoTitle%253DTSN%252B1%2526director%253Dtvone1.tv%2526genre%253DLive%252BTV%2526referer%253Dmpd%25253A%25252F%25252F40beacf01f852160e0d3cf1d962449e6.m3u8%2526definedIn%253Dtvone1.tv.cfg%2526type%253Drss%26mode%3D1&amp;mode=12&amp;sf_options=fanart%3Dhttp%3A%2F%2Fgamerlimit.com%2Fwp-xcontent%2Fuploads%2F2016%2F04%2Foriginal.jpg%26winID%3D10025%26_options_sf&quot;)</favourite>
	<favourite name="TSN1 Fido" thumb="DefaultVideo.png">PlayMedia(&quot;plugin://plugin.video.sanctuary/?url=plugin%3A%2F%2Fplugin.video.f4mTester%2F%3Fstreamtype%3DTSDOWNLOADER%3Bname%3DFIDO%26url%3Dhttp%3A%2F%2F37.187.139.155%3A8000%2Flive%2Flightwrath%40live.com%2FWatchNow%21%2F631.ts&amp;mode=1112&amp;sf_options=fanart%3Dhttp%3A%2F%2Ffantazyrepo.uk%2Faddonimages%2Flivetv%2FLiveTV.jpg%26winID%3D10025%26_options_sf&quot;)</favourite>
	<favourite name="TSN1 NetTV" thumb="http://host.livenettv.xyz:9090/data/img/files/tsn_1.png">PlayMedia(&quot;plugin://plugin.video.ZemTV-shani/?url=bmV0d29ya3R2OjEwOTk%3D&amp;mode=11&amp;name=%5BCOLOR+FF11b500%5DTsn+1%5B%2FCOLOR%5D&amp;sf_options=winID%3D10025%26_options_sf&quot;)</favourite>
	<favourite name="TSN1 Zem" thumb="http://tv.solidiptv.com:25461/images/loogo/tsn1.png">PlayMedia(&quot;plugin://plugin.video.ZemTV-shani/?url=bmV0d29ya3R2MjoyOTc2&amp;mode=11&amp;name=Sp%3A+tsn+1+%28usa%29&amp;sf_options=winID%3D10025%26_options_sf&quot;)</favourite>
	<favourite name="TSN1" thumb="http://imgur.com/U7oC7PE.png">PlayMedia(&quot;plugin://plugin.video.livepremiership/?url=%24doregex%5Bget_sxstream%5D%7CUser-Agent%3DMozilla%2F5.0+%28iPad%3B+CPU+OS+6_0+like+Mac+OS+X%29+AppleWebKit%2F536.26+%28KHTML%2C+like+Gecko%29+Version%2F6.0+Mobile%2F10A5376e+Safari%2F8536.25%7Cregex%3D%253Cregex%253E%253Cname%253Eget_sxstream%253C%252Fname%253E%253Cexpres%253Esrc%253D.%252A%255B%2522%252C%2527%255D%2528.%252Am3u8.%252A%253F%2529%255B%2522%252C%2527%255D%253C%252Fexpres%253E%253Cpage%253Ehttp%253A%252F%252Fwww.liveonlinetv247.info%252Fembed%252Ftsn.php%253Fwidth%253D650%2526height%253D480%253C%252Fpage%253E%253Creferer%253Ehttp%253A%252F%252Fwww.liveonlinetv247.info%252F%253C%252Freferer%253E%253C%252Fregex%253E&amp;mode=10&amp;name=TSN+1&amp;description=&amp;fanart=http%3A%2F%2Fimgur.com%2Fa2tUuEB.png&amp;sf_options=fanart%3Dhttp%3A%2F%2Fimgur.com%2Fa2tUuEB.png%26winID%3D10025%26_options_sf&quot;)</favourite>
</favourites>