<favourites>
	<favourite name="TSN1 mic Sports Central" thumb="http://www.thelogodb.com/images/media/logo/upsspx1433379567.png">PlayMedia(&quot;plugin://plugin.video.mic/?url=plugin%3A%2F%2Fplugin.video.f4mTester%2F%3Fstreamtype%3DTSDOWNLOADER%3Bname%3DTSN+1%26url%3Dhttp%3A%2F%2F37.187.139.155%3A8000%2Flive%2Flightwrath%40live.com%2FWatchNow%21%2F631.ts&amp;mode=12&amp;sf_options=fanart%3Dhttp%3A%2F%2Fgamerlimit.com%2Fwp-xcontent%2Fuploads%2F2016%2F04%2Foriginal.jpg%26winID%3D10001%26_options_sf&quot;)</favourite>
	<favourite name="[COLOR lime]TSN1 [/COLOR] mic Sports Central" thumb="http://www.thelogodb.com/images/media/logo/upsspx1433379567.png">PlayMedia(&quot;plugin://plugin.video.mic/?url=plugin%3A%2F%2Fplugin.video.SportsDevil%2F%3Fitem%3Dcatcher%253Dstreams%2526title%253DTSN%252B1%2526url%253Dmpd%25253A%25252F%25252F40beacf01f852160e0d3cf1d962449e6.m3u8%2526cfg%253Dtvone1.tv.cfg%252540Streams%252540Sports%2526videoTitle%253DTSN%252B1%2526director%253Dtvone1.tv%2526genre%253DLive%252BTV%2526referer%253Dmpd%25253A%25252F%25252F40beacf01f852160e0d3cf1d962449e6.m3u8%2526definedIn%253Dtvone1.tv.cfg%2526type%253Drss%26mode%3D1&amp;mode=12&amp;sf_options=fanart%3Dhttp%3A%2F%2Fgamerlimit.com%2Fwp-xcontent%2Fuploads%2F2016%2F04%2Foriginal.jpg%26winID%3D10001%26_options_sf&quot;)</favourite>
	<favourite name="TSN1 zem S2" thumb="DefaultFolder.png">PlayMedia(&quot;plugin://plugin.video.ZemTV-shani/?url=aXBib3g6aHR0cDovL2lwdHYubW9ua2V5Y2xpbmUuY29tOjI1NDYxL2xpdmUvamFzbmUvamFzbmUvOTg0NC50c3xVc2VyLUFnZW50PVZMQy8yLjMuMSBMaWJWTEMvMi4yLjE3JkljeS1NZXRhRGF0YT0x&amp;mode=11&amp;name=%5BCOLOR+FF11b500%5DUsa%3A+tsn1+hd%0D+ipbox%5B%2FCOLOR%5D&amp;sf_options=winID%3D10001%26_options_sf&quot;)</favourite>
	<favourite name="TSN1 VIP zem S2" thumb="DefaultFolder.png">PlayMedia(&quot;plugin://plugin.video.ZemTV-shani/?url=aXBib3g6aHR0cDovL2lwdHYubW9ua2V5Y2xpbmUuY29tOjI1NDYxL2xpdmUvamFzbmUvamFzbmUvMTAwMzkudHN8VXNlci1BZ2VudD1WTEMvMi4zLjEgTGliVkxDLzIuMi4xNyZJY3ktTWV0YURhdGE9MQ%3D%3D&amp;mode=11&amp;name=%5BCOLOR+FF11b500%5DVip+%3A+tsn+hd+1%0D+ipbox%5B%2FCOLOR%5D&amp;sf_options=winID%3D10001%26_options_sf&quot;)</favourite>
	<favourite name="TSN1 TVone" thumb="special://home/addons/plugin.video.SportsDevil-2016.30.30/resources/images/folder.png">PlayMedia(&quot;plugin://plugin.video.SportsDevil/?item=catcher%3dstreams%26title%3dTSN%2b1%26url%3dmpd%253A%252F%252F40beacf01f852160e0d3cf1d962449e6.m3u8%26cfg%3dtvone1.tv.cfg%2540Streams%2540Sports%26videoTitle%3dTSN%2b1%26director%3dtvone1.tv%26genre%3dLive%2bTV%26referer%3dmpd%253A%252F%252F40beacf01f852160e0d3cf1d962449e6.m3u8%26definedIn%3dtvone1.tv.cfg%26type%3drss&amp;mode=1&amp;sf_options=fanart%3Dspecial%3A%2F%2Fhome%2Faddons%2Fplugin.video.SportsDevil-2016.30.30%2Ffanart.jpg%26meta%3Dgenre%253DLive%252BTV%2526director%253Dtvone1.tv%2526label%253DTSN%252B1%2526title%253DTSN%252B1%26winID%3D10001%26_options_sf&quot;)</favourite>
	<favourite name="TSN1 Zem S4" thumb="DefaultFolder.png">PlayMedia(&quot;plugin://plugin.video.ZemTV-shani/?url=aXBib3g6aHR0cDovLzE2My4xNzIuMjIxLjczOjY5NjkvbGl2ZS9pcHR2cmVzdHJlYW0ubmV0Mi89PT53d3cuaXB0dnJlc3RyZWFtLm5ldDw9PS8yMS50c3xVc2VyLUFnZW50PWZ1Y2sx&amp;mode=11&amp;name=%5BCOLOR+FF11b500%5DUsa%3Aca+%7C+tsn+1%2A%0D+ipbox%5B%2FCOLOR%5D&amp;sf_options=winID%3D10001%26_options_sf&quot;)</favourite>
	<favourite name="TSN1 Zem S1" thumb="DefaultFolder.png">PlayMedia(&quot;plugin://plugin.video.ZemTV-shani/?url=aXBib3g6aHR0cDovL2NwLmRtYnNoYXJlLm5ldDo4MDAwL2xpdmUvdGhvbWFzMS90aG9tYXMxLzk0NzgudHN8VXNlci1BZ2VudD1WTEMvMi4zLjEgTGliVkxDLzIuMi4xNyZJY3ktTWV0YURhdGE9MQ%3D%3D&amp;mode=11&amp;name=%5BCOLOR+FF11b500%5D%28us%29+tsn+1%0D+ipbox%5B%2FCOLOR%5D&amp;sf_options=meta%3Dlabel%253D%25255BCOLOR%252BFF11b500%25255D%252528us%252529%252Btsn%252B1%25250D%252Bipbox%25255B%25252FCOLOR%25255D%2526title%253D%25255BCOLOR%252BFF11b500%25255D%252528us%252529%252Btsn%252B1%25250D%252Bipbox%25255B%25252FCOLOR%25255D%26winID%3D10001%26_options_sf&quot;)</favourite>
	<favourite name="TSN1 Sanctuary" thumb="http://www.bellaliant.ca/binaries/small/content/gallery/common_en/tv/channel-logos/tsn_1_aug2014.png">PlayMedia(&quot;plugin://plugin.video.sanctuary/?url=plugin%3A%2F%2Fplugin.video.SportsDevil%2F%3Fmode%3D1%26amp%3Bitem%3Dcatcher%253dstreams%2526url%3Dhttp%3A%2F%2Fwww.shadow-net.org%2Fchannels%2FTSN-1.html%2526referer%3Dhttp%3A%2F%2Fwww.shadow-net.org%2Fchannels%2FTSN-1.html&amp;mode=1112&amp;sf_options=fanart%3Dhttp%3A%2F%2Fwww.stephen-builds.co.uk%2Fwizard%2Ffanart12.jpg%26meta%3Dlabel%253DTSN-1%2526title%253DTSN-1%26winID%3D10001%26_options_sf&quot;)</favourite>
	<favourite name="TSN1 Zem Pak" thumb="http://smarterlogix.com/iosSecureApps/PakIndiaTVHD/V1-2/Images/default_img.jpg">PlayMedia(&quot;plugin://plugin.video.ZemTV-shani/?url=ZGlyZWN0MjpodHRwOi8vMTg1LjIuODMuNjM6ODA4MC9NaWRkQWFPeWUvdGVlc24xL2luZGV4Lm0zdTh8VXNlci1BZ2VudD1BcHBsZUNvcmVNZWRpYS8xLjAuMC4xM0E0NTIgKGlQaG9uZTsgVTsgQ1BVIE9TIDlfMF8yIGxpa2UgTWFjIE9TIFg7IGVuX2diKQ%3D%3D&amp;mode=11&amp;name=%5BCOLOR+FF11b500%5DTsn+sports+1%5B%2FCOLOR%5D&amp;sf_options=winID%3D10001%26_options_sf&quot;)</favourite>
	<favourite name="TSN1 Bamf Iptv" thumb="http://genietvcunts.co.uk/bamffff/iptv1.jpg">PlayMedia(&quot;plugin://plugin.video.sanctuary/?url=plugin%3A%2F%2Fplugin.video.f4mTester%2F%3Fstreamtype%3DTSDOWNLOADER%26amp%3Burl%3Dhttp%3A%2F%2F51.255.70.112%3A8000%2Flive%2FLewis%2FLewis%2F1742.ts%3Bname%3DBAMF+TV&amp;mode=1112&amp;sf_options=winID%3D10001%26_options_sf&quot;)</favourite>
</favourites>