<favourites>
	<favourite name="Drama" thumb="https://app.uktvnow.net/images/channel_imgs/160116014708drama.jpg|User-Agent=Dalvik/2.1.0 (Linux; U; Android 6.0.1; SM-G935F Build/MMB29K)">PlayMedia(&quot;playmedia(&quot;plugin://plugin.video.uktvnow/?url=url&amp;mode=2&amp;name=Drama&amp;channelid=98&amp;iconimage=https%3A%2F%2Fapp.uktvnow.net%2Fimages%2Fchannel_imgs%2F160116014708drama.jpg%7CUser-Agent%3DDalvik%2F2.1.0+%28Linux%3B+U%3B+Android+6.0.1%3B+SM-G935F+Build%2FMMB29K%29&quot;)&amp;sf_options=meta%3Dcastandrole%253D%25255B%25255D%2526label%253DDrama%26winID%3D10001%26_options_sf&quot;)</favourite>
	<favourite name="Drama - Freeview 720p" thumb="https://assets.tvplayer.com/common/logos/256/Inverted/346.png">PlayMedia(&quot;plugin://plugin.video.freeview/?url=346&amp;mode=2&amp;name=Drama&amp;sf_options=fanart%3Dspecial%3A%2F%2Fhome%2Faddons%2Fplugin.video.freeview%2Ffanart.jpg%26winID%3D10001%26_options_sf&quot;)</favourite>
	<favourite name="Drama sanctuary 25/11/2016" thumb="http://www.westendbaptist.org.uk/wp-content/uploads/2011/01/drama.jpg">PlayMedia(&quot;plugin://plugin.video.sanctuary/?url=plugin%3A%2F%2Fplugin.video.f4mTester%2F%3Fstreamtype%3DTSDOWNLOADER%26url%3Dhttp%3A%2F%2Fringiptv.net%3A2500%2Flive%2FZje4ENvnb0%2Fyrmhben5kp%2F3092.ts%26streamtype%3D.TSDOWNLOADER%3Bname%3DDrama&amp;mode=1112&amp;sf_options=fanart%3Dspecial%3A%2F%2Fhome%2Faddons%2Fplugin.video.sanctuary%2Ffanart.jpg%26winID%3D10001%26_options_sf&quot;)</favourite>
	<favourite name="Drama bamf 27/11/2016" thumb="DefaultVideo.png">PlayMedia(&quot;plugin://plugin.video.sanctuary/?url=plugin%3A%2F%2Fplugin.video.f4mTester%2F%3Fstreamtype%3DTSDOWNLOADER%26amp%3Burl%3Dhttp%3A%2F%2F185.73.239.23%3A8000%2Flive%2Fafrica%2Fafrica%2F4390.ts%3Bname%3DBAMF+TV&amp;mode=1112&amp;sf_options=winID%3D10001%26_options_sf&quot;)</favourite>
</favourites>