<favourites>
	<favourite name="Golf Channel" thumb="https://app.uktvnow.net/images/channel_imgs/190116045453golf.png|User-Agent=Dalvik/2.1.0 (Linux; U; Android 6.0.1; SM-G935F Build/MMB29K)">PlayMedia(&quot;playmedia(&quot;plugin://plugin.video.uktvnow/?url=url&amp;mode=2&amp;name=Golf+Channel&amp;channelid=125&amp;iconimage=https%3A%2F%2Fapp.uktvnow.net%2Fimages%2Fchannel_imgs%2F190116045453golf.png%7CUser-Agent%3DDalvik%2F2.1.0+%28Linux%3B+U%3B+Android+6.0.1%3B+SM-G935F+Build%2FMMB29K%29&quot;)&amp;sf_options=meta%3Dcastandrole%253D%25255B%25255D%2526label%253DGolf%252BChannel%26winID%3D10025%26_options_sf&quot;)</favourite>
	<favourite name="Golf Channel - UKTV - 25/08/2016" thumb="https://app.uktvnow.net/images/channel_imgs/190116045453golf.png|User-Agent=Dalvik/2.1.0 (Linux; U; Android 6.0.1; SM-G935F Build/MMB29K)">PlayMedia(&quot;plugin://plugin.video.uktvnow/?url=url&amp;mode=2&amp;name=Golf+Channel&amp;channelid=125&amp;iconimage=https%3A%2F%2Fapp.uktvnow.net%2Fimages%2Fchannel_imgs%2F190116045453golf.png%7CUser-Agent%3DDalvik%2F2.1.0+%28Linux%3B+U%3B+Android+6.0.1%3B+SM-G935F+Build%2FMMB29K%29&amp;sf_options=fanart%3Dspecial%3A%2F%2Fhome%2Faddons%5Cplugin.video.uktvnow%5Cfanart.jpg%26meta%3Dplot%253D125%2526label%253DGolf%252BChannel%2526title%253DGolf%252BChannel%26winID%3D10025%26desc%3D125%26_options_sf&quot;)</favourite>
	<favourite name="Golf Channel NBC GOLF USA adrian 18/11/2016" thumb="https://pbs.twimg.com/profile_images/463161936314507266/iVZpHSne.jpeg">PlayMedia(&quot;plugin://plugin.video.adriansports/?url=http%3A%2F%2Ftvegolf-i.Akamaihd.net%2Fhls%2Flive%2F218225%2Fgolfx%2F4296k%2Fprog.m3u8%7CX-Forwarded-For%3D209.239.112.104&amp;mode=12&amp;sf_options=fanart%3Dhttps%3A%2F%2Fgoo.gl%2Fkw8Rmg%26winID%3D10025%26_options_sf&quot;)</favourite>
	<favourite name="Golf Channel 1080 njm" thumb="http://thevoice-fuerteventura.com/directory/wp-content/uploads/2014/07/keep-calm-live-football-shown-here-2.png">PlayMedia(&quot;plugin://plugin.video.NJMSoccer/?url=http%3A%2F%2Ftvegolf-i.Akamaihd.net%2Fhls%2Flive%2F218225%2Fgolfx%2F4296k%2Fprog.m3u8%7CX-Forwarded-For%3D209.239.112.104&amp;mode=12&amp;sf_options=fanart%3Dhttp%3A%2F%2Fthevoice-fuerteventura.com%2Fdirectory%2Fwp-content%2Fuploads%2F2014%2F07%2Fkeep-calm-live-football-shown-here-2.png%26winID%3D10025%26_options_sf&quot;)</favourite>
	<favourite name="Golf Channel 720 njm" thumb="http://thevoice-fuerteventura.com/directory/wp-content/uploads/2014/07/keep-calm-live-football-shown-here-2.png">PlayMedia(&quot;plugin://plugin.video.NJMSoccer/?url=http%3A%2F%2Ftvegolf-i.Akamaihd.net%2Fhls%2Flive%2F218225%2Fgolfx%2F2596k%2Fprog.m3u8%7CX-Forwarded-For%3D209.239.112.104&amp;mode=12&amp;sf_options=fanart%3Dhttp%3A%2F%2Fthevoice-fuerteventura.com%2Fdirectory%2Fwp-content%2Fuploads%2F2014%2F07%2Fkeep-calm-live-football-shown-here-2.png%26winID%3D10025%26_options_sf&quot;)</favourite>
	<favourite name="Golf Channel bamf 24/11/2016" thumb="DefaultVideo.png">PlayMedia(&quot;plugin://plugin.video.BAMFTV/?url=plugin%3A%2F%2Fplugin.video.f4mTester%2F%3Fstreamtype%3DTSDOWNLOADER%26amp%3Burl%3Dhttp%3A%2F%2Fcp.dmbshare.net%3A8000%2Flive%2Fdan%2Fdan%2F8532.ts&amp;mode=12&amp;sf_options=winID%3D10025%26_options_sf&quot;)</favourite>
</favourites>