<favourites>
	<favourite name="Golf Channel NBC GOLF USA adrian 18/11/2016" thumb="https://pbs.twimg.com/profile_images/463161936314507266/iVZpHSne.jpeg">PlayMedia(&quot;plugin://plugin.video.adriansports/?url=http%3A%2F%2Ftvegolf-i.Akamaihd.net%2Fhls%2Flive%2F218225%2Fgolfx%2F4296k%2Fprog.m3u8%7CX-Forwarded-For%3D209.239.112.104&amp;mode=12&amp;sf_options=fanart%3Dhttps%3A%2F%2Fgoo.gl%2Fkw8Rmg%26winID%3D10001%26_options_sf&quot;)</favourite>
	<favourite name="Golf Channel 1080 njm" thumb="http://thevoice-fuerteventura.com/directory/wp-content/uploads/2014/07/keep-calm-live-football-shown-here-2.png">PlayMedia(&quot;plugin://plugin.video.NJMSoccer/?url=http%3A%2F%2Ftvegolf-i.Akamaihd.net%2Fhls%2Flive%2F218225%2Fgolfx%2F4296k%2Fprog.m3u8%7CX-Forwarded-For%3D209.239.112.104&amp;mode=12&amp;sf_options=fanart%3Dhttp%3A%2F%2Fthevoice-fuerteventura.com%2Fdirectory%2Fwp-content%2Fuploads%2F2014%2F07%2Fkeep-calm-live-football-shown-here-2.png%26winID%3D10001%26_options_sf&quot;)</favourite>
	<favourite name="Golf Channel 720 njm" thumb="http://thevoice-fuerteventura.com/directory/wp-content/uploads/2014/07/keep-calm-live-football-shown-here-2.png">PlayMedia(&quot;plugin://plugin.video.NJMSoccer/?url=http%3A%2F%2Ftvegolf-i.Akamaihd.net%2Fhls%2Flive%2F218225%2Fgolfx%2F2596k%2Fprog.m3u8%7CX-Forwarded-For%3D209.239.112.104&amp;mode=12&amp;sf_options=fanart%3Dhttp%3A%2F%2Fthevoice-fuerteventura.com%2Fdirectory%2Fwp-content%2Fuploads%2F2014%2F07%2Fkeep-calm-live-football-shown-here-2.png%26winID%3D10001%26_options_sf&quot;)</favourite>
	<favourite name="Golf Channel sanctuary" thumb="http://www.golfchannel.com/sites/golfchannel.prod.acquia-sites.com/files/new_golf_channel_logo_304.jpg">PlayMedia(&quot;plugin://plugin.video.sanctuary/?url=plugin%3A%2F%2Fplugin.video.SportsDevil%2F%3Fmode%3D1%26amp%3Bitem%3Dcatcher%253dstreams%2526url%3Dhttp%3A%2F%2Fnowwatchtvlive.co%2Fwatch-live-golf-channel-golf-channel-free-golf-tv-usa-online%2F%2526referer%3Dhttp%3A%2F%2Fnowwatchtvlive.co%2Fwatch-live-golf-channel-golf-channel-free-golf-tv-usa-online%2F&amp;mode=906&amp;regexs=&amp;setCookie=&amp;sf_options=fanart%3Dspecial%3A%2F%2Fhome%2Faddons%2Fplugin.video.sanctuary%2Ffanart.jpg%26winID%3D10001%26_options_sf&quot;)</favourite>
</favourites>