<favourites>
	<favourite name="[B][COLOR white]FOX[/COLOR]  THE MIDDLE[/B]" thumb="http://mc.ustvnow.com/images/WPMT.png">HOME:PlayMedia(&quot;http://ilv53.is.ustvnow.com:80/ilv53/mp4:A3B11WPMTUSTVNOW3/playlist.m3u8?key=tbd&amp;sf_options=fanart%3Dhttps%3A%2F%2Fimages3.alphacoders.com%2F799%2F79955.jpg%26meta%3Dcastandrole%253D%25255B%25255D%2526label%253D%25255BB%25255D%25255BCOLOR%252Bwhite%25255DFOX%25255B%25252FCOLOR%25255D%252B%252BTHE%252BMIDDLE%25255B%25252FB%25255D%26winID%3D10000%26_options_sf&quot;)</favourite>
	<favourite name="Fox UK" thumb="https://app.uktvnow.net/images/channel_imgs/290616022614fox.jpg|User-Agent=Dalvik/2.1.0 (Linux; U; Android 6.0.1; SM-G935F Build/MMB29K)">PlayMedia(&quot;playmedia(&quot;plugin://plugin.video.uktvnow/?url=url&amp;mode=2&amp;name=Fox+UK&amp;channelid=290&amp;iconimage=https%3A%2F%2Fapp.uktvnow.net%2Fimages%2Fchannel_imgs%2F290616022614fox.jpg%7CUser-Agent%3DDalvik%2F2.1.0+%28Linux%3B+U%3B+Android+6.0.1%3B+SM-G935F+Build%2FMMB29K%29&quot;)&amp;sf_options=meta%3Dcastandrole%253D%25255B%25255D%2526label%253DFox%252BUK%26winID%3D10025%26_options_sf&quot;)</favourite>
	<favourite name="Fox - UKTV - 25/08/2016" thumb="https://app.uktvnow.net/images/channel_imgs/190116045107fox.gif|User-Agent=Dalvik/2.1.0 (Linux; U; Android 6.0.1; SM-G935F Build/MMB29K)">PlayMedia(&quot;plugin://plugin.video.uktvnow/?url=url&amp;mode=2&amp;name=Fox&amp;channelid=117&amp;iconimage=https%3A%2F%2Fapp.uktvnow.net%2Fimages%2Fchannel_imgs%2F190116045107fox.gif%7CUser-Agent%3DDalvik%2F2.1.0+%28Linux%3B+U%3B+Android+6.0.1%3B+SM-G935F+Build%2FMMB29K%29&amp;sf_options=fanart%3Dspecial%3A%2F%2Fhome%2Faddons%5Cplugin.video.uktvnow%5Cfanart.jpg%26meta%3Dplot%253D117%2526label%253DFox%2526title%253DFox%26winID%3D10025%26desc%3D117%26_options_sf&quot;)</favourite>
	<favourite name="Fox HD - UKTV - 25/08/2016" thumb="https://app.uktvnow.net/images/channel_imgs/190116045129fox.gif|User-Agent=Dalvik/2.1.0 (Linux; U; Android 6.0.1; SM-G935F Build/MMB29K)">PlayMedia(&quot;plugin://plugin.video.uktvnow/?url=url&amp;mode=2&amp;name=Fox+HD&amp;channelid=118&amp;iconimage=https%3A%2F%2Fapp.uktvnow.net%2Fimages%2Fchannel_imgs%2F190116045129fox.gif%7CUser-Agent%3DDalvik%2F2.1.0+%28Linux%3B+U%3B+Android+6.0.1%3B+SM-G935F+Build%2FMMB29K%29&amp;sf_options=fanart%3Dspecial%3A%2F%2Fhome%2Faddons%5Cplugin.video.uktvnow%5Cfanart.jpg%26meta%3Dplot%253D118%2526label%253DFox%252BHD%2526title%253DFox%252BHD%26winID%3D10025%26desc%3D118%26_options_sf&quot;)</favourite>
	<favourite name="Fox UK - UKTV - 25/08/2016" thumb="https://app.uktvnow.net/images/channel_imgs/290616022614fox.jpg|User-Agent=Dalvik/2.1.0 (Linux; U; Android 6.0.1; SM-G935F Build/MMB29K)">PlayMedia(&quot;plugin://plugin.video.uktvnow/?url=url&amp;mode=2&amp;name=Fox+UK&amp;channelid=290&amp;iconimage=https%3A%2F%2Fapp.uktvnow.net%2Fimages%2Fchannel_imgs%2F290616022614fox.jpg%7CUser-Agent%3DDalvik%2F2.1.0+%28Linux%3B+U%3B+Android+6.0.1%3B+SM-G935F+Build%2FMMB29K%29&amp;sf_options=fanart%3Dspecial%3A%2F%2Fhome%2Faddons%5Cplugin.video.uktvnow%5Cfanart.jpg%26meta%3Dplot%253D290%2526label%253DFox%252BUK%2526title%253DFox%252BUK%26winID%3D10025%26desc%3D290%26_options_sf&quot;)</favourite>
</favourites>