<favourites>
	<favourite name="Eurosport 2 bamf IPTV" thumb="http://genietvcunts.co.uk/bamffff/14996309_10209473377528524_434205708_n.jpg">PlayMedia(&quot;plugin://plugin.video.sanctuary/?url=plugin%3A%2F%2Fplugin.video.f4mTester%2F%3Fstreamtype%3DTSDOWNLOADER%26amp%3Burl%3Dhttp%3A%2F%2Fsonic-iptv.com%3A2500%2Flive%2Flee%2Flee%2F23.ts%3Bname%3DBAMF+TV&amp;mode=906&amp;regexs=&amp;setCookie=&amp;sf_options=winID%3D10025%26_options_sf&quot;)</favourite>
	<favourite name="Eurosport 2 sanctuary" thumb="https://partner.ulango.tv/uploads/channels/11123/logo_eurosport%203.png">PlayMedia(&quot;plugin://plugin.video.sanctuary/?url=plugin%3A%2F%2Fplugin.video.SportsDevil%2F%3Fmode%3D1%26amp%3Bitem%3Dcatcher%253dstreams%2526url%3Dhttp%3A%2F%2Fwww.shadow-net.org%2Fchannels%2FBritish-Eurosport-2.html%2526referer%3Dhttp%3A%2F%2Fwww.shadow-net.org%2Fchannels%2FBritish-Eurosport-2.html&amp;mode=906&amp;regexs=&amp;setCookie=&amp;sf_options=fanart%3Dspecial%3A%2F%2Fhome%2Faddons%2Fplugin.video.sanctuary%2Ffanart.jpg%26winID%3D10025%26_options_sf&quot;)</favourite>
	<favourite name="Eurosport 2 Evolve Sports" thumb="http://matsbuilds.uk/pics/newevolveicons/sports.PNG">PlayMedia(&quot;plugin://plugin.video.Evolve/?url=http%3A%2F%2Fiptvch.selfip.info%2Flive%2Fsayed%2Fsayed%2F266.ts%0D&amp;mode=2&amp;name=EuroSport+2%0D&amp;description=&amp;iconimage=http%3A%2F%2Fmatsbuilds.uk%2Fpics%2Fnewevolveicons%2Fsports.PNG&amp;sf_options=fanart%3Dhttps%3A%2F%2Fsuperrepo.org%2Fstatic%2Fimages%2Ffanart%2Foriginal%2Fplugin.video.LiveTV.jpg%26winID%3D10025%26_options_sf&quot;)</favourite>
	<favourite name="[COLOR orange]Eurosport 2 [/COLOR] mic Sports Central" thumb="http://www.thelogodb.com/images/media/logo/xvuxxt1474667338.png">PlayMedia(&quot;plugin://plugin.video.mic/?url=plugin%3A%2F%2Fplugin.video.f4mTester%2F%3Fstreamtype%3DTSDOWNLOADER%3Bname%3DEUROSPORT+2%26url%3Dhttp%3A%2F%2F37.187.139.155%3A8000%2Flive%2Flightwrath%40live.com%2FWatchNow%21%2F507.ts&amp;mode=12&amp;sf_options=fanart%3Dhttp%3A%2F%2Fwallpapercave.com%2Fwp%2FPaxa7aH.jpg%26winID%3D10025%26_options_sf&quot;)</favourite>
	<favourite name="Eurosport 2 zem S2" thumb="DefaultFolder.png">PlayMedia(&quot;plugin://plugin.video.ZemTV-shani/?url=aXBib3g6aHR0cDovL2lwdHYubW9ua2V5Y2xpbmUuY29tOjI1NDYxL2xpdmUvamFzbmUvamFzbmUvNDgxMC50c3xVc2VyLUFnZW50PVZMQy8yLjMuMSBMaWJWTEMvMi4yLjE3JkljeS1NZXRhRGF0YT0x&amp;mode=11&amp;name=%5BCOLOR+FF11b500%5DUk%3A+euro+sports+2%0D+ipbox%5B%2FCOLOR%5D&amp;sf_options=winID%3D10025%26_options_sf&quot;)</favourite>
	<favourite name="[COLORgreen][B]•[/COLOR][/B]Eurosport 2 oblivion US" thumb="http://vps.oblivionbuilds.com/Oblivionlogo.png">PlayMedia(&quot;plugin://plugin.video.sanctuary/?url=plugin%3A%2F%2Fplugin.video.f4mTester%2F%3Fstreamtype%3DTSDOWNLOADER%26amp%3Burl%3Dhttp%3A%2F%2Fcableking-iptv.com%3A8000%2Flive%2Fsaif%2Fsaif%2F9752.ts%3Bname%3DOblivion+TV&amp;mode=906&amp;regexs=&amp;setCookie=&amp;sf_options=winID%3D10025%26_options_sf&quot;)</favourite>
</favourites>