{
 "name"         : "Direct [COLOR red]Live Streams Pro Channels [/COLOR] [COLOR FF0084FF]-[/COLOR]  ([COLOR FF0084FF]A[/COLOR])",
 "repository"   : "",
 "plugin"       : "plugin.video.live.streamspro",
 "priority"     : 900,
 "id"           : "direct.live.streamspro.a",
 "filters"      : {},
 "postprocess"  : "",
 "movies"       : [],
 "tvshows"      : [],
 "live"         : [
  [
   {
    "link"      : "plugin://plugin.video.live.streamspro/",
	"steps"     : [
	"@any",
	".*$$({name}|{name|replace(main,1)}|{name|replace(cricket,2)}|{name|replace(action,3)}|{name|replace(arena,3)}|{name|replace(golf,4)}|{name|replace(premier,5)}, {name|replace(main,1)|ws|()}|{name|replace(cricket,2)|ws|()}|{name|replace(action,3)|ws|()}|{name|replace(arena,3)|ws|()}|{name|replace(golf,4)|ws|()}|{name|replace(premier,5)|ws|()}|{name|replace(sky,sly)|ws|%2D})$$.*"
	],
    "action"    : "ACTIVATE"
   },
   {
    "link"      : "plugin://plugin.video.live.streamspro/",
	"steps"     : [
	"@any",
	".*$${name}$$.*"
	],
    "action"    : "ACTIVATE"
   }
  ]
 ]
}