{
 "name"         : "Direct [COLOR red]Loop Fan Zone [/COLOR] [COLOR FF0084FF]-[/COLOR]  ([COLOR FF0084FF]A[/COLOR])",
 "repository"   : "repository.loop",
 "plugin"       : "plugin.video.the-loop",
 "priority"     : 900,
 "id"           : "direct.LoopFanZone.a",
 "filters"      : {},
 "postprocess"  : "",
 "movies"       : [],
 "tvshows"      : [],
 "live"         : [
  [
   {
    "link"      : "plugin://plugin.video.the-loop",
	"steps"     : [
	"@anycontaining: Fan",
	"@any",
	".*$${name}$$.*"
	],
    "action"    : "ACTIVATE"
   }
  ]
 ]
}