<favourites>
	<favourite name="BBC Four - FilmOn" thumb="https://assets.tvplayer.com/common/logos/256/Inverted/110.png">PlayMedia(&quot;plugin://plugin.video.freeview/?url=https%3A%2F%2Fwww.filmon.com%2Ftv%2Fcbeebiesbbc-four&amp;mode=1&amp;name=BBC+Four+%7C+FilmOn&amp;sf_options=fanart%3Dspecial%3A%2F%2Fhome%2Faddons%2Fplugin.video.freeview%2Ffanart.jpg%26winID%3D10001%26_options_sf&quot;)</favourite>
	<favourite name="BBC Four - TVPlayer" thumb="https://assets.tvplayer.com/common/logos/256/Inverted/110.png">PlayMedia(&quot;plugin://plugin.video.freeview/?url=110&amp;mode=2&amp;name=BBC+Four+%7C+TVPlayer&amp;sf_options=fanart%3Dspecial%3A%2F%2Fhome%2Faddons%2Fplugin.video.freeview%2Ffanart.jpg%26winID%3D10001%26_options_sf&quot;)</favourite>
	<favourite name="BBC FOUR Fido" thumb="http://www.ugandacf.org/images/clients/ucf-bbc-logo.png">PlayMedia(&quot;plugin://plugin.video.sanctuary/?url=http%3A%2F%2Fvs-hds-uk-live.akamaized.net%2Fpool_33%2Flive%2Fbbc_four_hd%2Fbbc_four_hd.isml%2Fbbc_four_hd-pa3%3D96000-video%3D827008.m3u8&amp;mode=1112&amp;sf_options=fanart%3Dhttp%3A%2F%2Ffantazyrepo.uk%2Faddonimages%2Flivetv%2FLiveTV.jpg%26winID%3D10001%26_options_sf&quot;)</favourite>
	<favourite name="BBC Four HD Freeview" thumb="https://assets.tvplayer.com/common/logos/256/Inverted/110.png">PlayMedia(&quot;plugin://plugin.video.freeview/?url=http%3A%2F%2Fvs-hls-uk-live.akamaized.net%2Fpool_33%2Flive%2Fbbc_four_hd%2Fbbc_four_hd.isml%2Fbbc_four_hd-pa4%253d128000-video%253d5070016.m3u8&amp;mode=1&amp;name=BBC+Four+HD&amp;sf_options=fanart%3Dspecial%3A%2F%2Fhome%2Faddons%2Fplugin.video.freeview%2Ffanart.jpg%26winID%3D10001%26_options_sf&quot;)</favourite>
	<favourite name="BBC Four Iplayer" thumb="special://home/addons/plugin.video.bbciplayer/img/bbc_four_hd.png">PlayMedia(&quot;plugin://plugin.video.bbciplayer/?url=http%3A%2F%2Fa.files.bbci.co.uk%2Fmedia%2Flive%2Fmanifesto%2Faudio_video%2Fsimulcast%2Fhls%2Fuk%2Fabr_hdtv%2Fak%2Fbbc_four_hd.m3u8&amp;mode=6&amp;name=BBC+Four&amp;iconimage=%2FUsers%2Fdanielmuse%2FLibrary%2FApplication+Support%2FFreeTelly%2Faddons%2Fplugin.video.bbciplayer%2Fimg%2Fbbc_four_hd.png&amp;description=&amp;IPID=&amp;sf_options=fanart%3Dspecial%3A%2F%2Fhome%2Faddons%2Fplugin.video.bbciplayer%2Fimg%2Fbbc_four_hd.png%26winID%3D10001%26_options_sf&quot;)</favourite>
</favourites>