<favourites>
	<favourite name="BBC Four(UKTV AGAIN)" thumb="https://app.uktvnow.net/images/channel_imgs/160116114416bb.gif|User-Agent=Dalvik/2.1.0 (Linux; U; Android 6.0.1; SM-G935F Build/MMB29K)">PlayMedia(&quot;playmedia(&quot;plugin://plugin.video.uktvnow/?url=url&amp;mode=2&amp;name=BBC+Four&amp;channelid=43&amp;iconimage=https%3A%2F%2Fapp.uktvnow.net%2Fimages%2Fchannel_imgs%2F160116114416bb.gif%7CUser-Agent%3DDalvik%2F2.1.0+%28Linux%3B+U%3B+Android+6.0.1%3B+SM-G935F+Build%2FMMB29K%29&quot;)&amp;sf_options=meta%3Dcastandrole%253D%25255B%25255D%2526label%253DBBC%252BFour%26winID%3D10025%26_options_sf&quot;)</favourite>
	<favourite name="BBC Four" thumb="https://app.uktvnow.net/images/channel_imgs/160116114416bb.gif|User-Agent=Dalvik/2.1.0 (Linux; U; Android 6.0.1; SM-G935F Build/MMB29K)">PlayMedia(&quot;plugin://plugin.video.uktvnow/?url=url&amp;mode=2&amp;name=BBC+Four&amp;channelid=43&amp;iconimage=https%3A%2F%2Fapp.uktvnow.net%2Fimages%2Fchannel_imgs%2F160116114416bb.gif%7CUser-Agent%3DDalvik%2F2.1.0+%28Linux%3B+U%3B+Android+6.0.1%3B+SM-G935F+Build%2FMMB29K%29&amp;sf_options=fanart%3Dspecial%3A%2F%2Fhome%2Faddons%5Cplugin.video.uktvnow%5Cfanart.jpg%26meta%3Dplot%253D43%2526label%253DBBC%252BFour%2526title%253DBBC%252BFour%26winID%3D10025%26desc%3D43%26_options_sf&quot;)</favourite>
	<favourite name="BBC Four - Vidtime - 11/08/2016" thumb=" ">PlayMedia(&quot;plugin://plugin.video.f4mTester/?url=http://cdn04.selling-team.net:8000/live/dblack/dblack/4783.ts&amp;streamtype=TSDOWNLOADER&amp;name=BBC 4&amp;sf_options=fanart%3Dhttp%3A%2F%2Fs20.postimg.org%2Fdoltr1fu5%2FVTTVBackground.png%26meta%3Dlabel%253D%25255BCOLOR%252Borange%25255DBBC%252B4%25255B%25252FCOLOR%25255D%26winID%3D10025%26_options_sf&quot;)</favourite>
	<favourite name="BBC Four - Freeview 720P" thumb="https://assets.tvplayer.com/common/logos/256/Inverted/110.png">PlayMedia(&quot;plugin://plugin.video.freeview/?url=http%3A%2F%2Fvs-hls-uk-live.edgesuite.net%2Fpool_33%2Flive%2Fbbc_four_hd%2Fbbc_four_hd.isml%2Fbbc_four_hd-pa4%253d128000-video%253d5070000.m3u8&amp;mode=1&amp;name=BBC+Four+HD&amp;sf_options=fanart%3Dspecial%3A%2F%2Fhome%2Faddons%2Fplugin.video.freeview%2Ffanart.jpg%26winID%3D10025%26_options_sf&quot;)</favourite>
	<favourite name="BBC Four HD - BBC iPlayer 720p" thumb="https://assets.tvplayer.com/common/logos/256/Inverted/110.png">PlayMedia(&quot;plugin://plugin.video.freeview/?url=http%3A%2F%2Fvs-hls-uk-live.edgesuite.net%2Fpool_33%2Flive%2Fbbc_four_hd%2Fbbc_four_hd.isml%2Fbbc_four_hd-pa4%253d128000-video%253d5070000.m3u8&amp;mode=1&amp;name=BBC+Four+HD+%7C+BBC+iPlayer&amp;sf_options=fanart%3Dspecial%3A%2F%2Fhome%2Faddons%2Fplugin.video.freeview%2Ffanart.jpg%26winID%3D10025%26_options_sf&quot;)</favourite>
	<favourite name="BBC Four - FilmOn" thumb="https://assets.tvplayer.com/common/logos/256/Inverted/110.png">PlayMedia(&quot;plugin://plugin.video.freeview/?url=https%3A%2F%2Fwww.filmon.com%2Ftv%2Fcbeebiesbbc-four&amp;mode=1&amp;name=BBC+Four+%7C+FilmOn&amp;sf_options=fanart%3Dspecial%3A%2F%2Fhome%2Faddons%2Fplugin.video.freeview%2Ffanart.jpg%26winID%3D10025%26_options_sf&quot;)</favourite>
	<favourite name="BBC Four - TVPlayer" thumb="https://assets.tvplayer.com/common/logos/256/Inverted/110.png">PlayMedia(&quot;plugin://plugin.video.freeview/?url=110&amp;mode=2&amp;name=BBC+Four+%7C+TVPlayer&amp;sf_options=fanart%3Dspecial%3A%2F%2Fhome%2Faddons%2Fplugin.video.freeview%2Ffanart.jpg%26winID%3D10025%26_options_sf&quot;)</favourite>
	<favourite name="BBC Four oblivion Server 1" thumb="http://oblivionbuilds.com/Oblivionlogo.png">PlayMedia(&quot;plugin://plugin.video.sanctuary/?url=plugin%3A%2F%2Fplugin.video.f4mTester%2F%3Fstreamtype%3DTSDOWNLOADER%26amp%3Burl%3Dhttp%3A%2F%2Fcableking-iptv.com%3A8000%2Flive%2Fsaif%2Fsaif%2F4203.ts%3Bname%3DOblivion+TV&amp;mode=906&amp;regexs=&amp;setCookie=&amp;sf_options=winID%3D10025%26_options_sf&quot;)</favourite>
</favourites>