<favourites>
	<favourite name="Renegades 7 - 15:00 Manchester City v Bournemouth" thumb="DefaultVideo.png">PlayMedia(&quot;plugin://plugin.video.NJMSoccer/?url=plugin%3A%2F%2Fplugin.video.SportsDevil%2F%3Fmode%3D1%26amp%3Bitem%3Dcatcher%253dstreams%2526url%3Dhttp%3A%2F%2Fwww.streamsarena.eu%2Fstreams2%2Fstream8.php%2526referer%3Dhttp%3A%2F%2Fwww.streamsarena.eu%2Fstreams2%2Fstream8.php&amp;mode=12&amp;sf_options=fanart%3Dhttp%3A%2F%2Fi57.tinypic.com%2F21l07rc.png%26winID%3D10025%26_options_sf&quot;)</favourite>
	<favourite name="Renegades 7 - 15:00 Manchester City v Bournemouth [TSN 4 - 720p]" thumb="http://i60.tinypic.com/2a8f14g.png">PlayMedia(&quot;plugin://plugin.video.NJMSoccer/?url=plugin%3A%2F%2Fplugin.video.f4mTester%2F%3Fstreamtype%3DTSDOWNLOADER%26url%3Dhttp%3A%2F%2Fgrandiptv.myftp.org%3A8000%2Flive%2F5grandiptv915%2F67863345%2F1394.ts&amp;mode=12&amp;sf_options=fanart%3Dspecial%3A%2F%2Fhome%2Faddons%2Fplugin.video.NJMSoccer%2Ffanart.jpg%26winID%3D10025%26_options_sf&quot;)</favourite>
	<favourite name="Renegades 7 - 15:00 Manchester City v Bournemouth [M Futbol - 720p]" thumb="DefaultVideo.png">PlayMedia(&quot;plugin://plugin.video.NJMSoccer/?url=plugin%3A%2F%2Fplugin.video.SportsDevil%2F%3Fmode%3D1%26amp%3Bitem%3Dcatcher%253dstreams%2526url%3Dhttp%3A%2F%2Fwww.tumarcador.xyz%2Fcanal2.php%2526referer%3Dhttp%3A%2F%2Fwww.tumarcador.xyz%2Fcanal2.php&amp;mode=12&amp;sf_options=fanart%3Dhttp%3A%2F%2Fi57.tinypic.com%2F21l07rc.png%26winID%3D10025%26_options_sf&quot;)</favourite>
	<favourite name="Renegades 7 - 15:00 Manchester City v Bournemouth [M Futbol - 720p]" thumb="http://i60.tinypic.com/2a8f14g.png">PlayMedia(&quot;plugin://plugin.video.NJMSoccer/?url=plugin%3A%2F%2Fplugin.video.f4mTester%2F%3Fstreamtype%3DTSDOWNLOADER%26url%3Dhttp%3A%2F%2Fgrandiptv.myftp.org%3A8000%2Flive%2F5grandiptv915%2F67863345%2F906.ts&amp;mode=12&amp;sf_options=fanart%3Dspecial%3A%2F%2Fhome%2Faddons%2Fplugin.video.NJMSoccer%2Ffanart.jpg%26winID%3D10025%26_options_sf&quot;)</favourite>
	<favourite name="Renegades 7 - 15:00 Manchester City v Bournemouth [BEIN 11 - 720p]" thumb="http://i60.tinypic.com/2a8f14g.png">PlayMedia(&quot;plugin://plugin.video.NJMSoccer/?url=http%3A%2F%2F5.9.118.115%3A8000%2Flive%2Fharry%2FHarry%2F1033.m3u8&amp;mode=12&amp;sf_options=fanart%3Dhttp%3A%2F%2Fi57.tinypic.com%2F21l07rc.png%26winID%3D10025%26_options_sf&quot;)</favourite>
	<favourite name="Renegades 7 - 15:00 Manchester City v Bournemouth [BEIN 2 - 720p]" thumb="http://i60.tinypic.com/2a8f14g.png">PlayMedia(&quot;plugin://plugin.video.NJMSoccer/?url=plugin%3A%2F%2Fplugin.video.f4mTester%2F%3Fstreamtype%3DTSDOWNLOADER%26url%3Dhttp%3A%2F%2Fgrandiptv.myftp.org%3A8000%2Flive%2F5grandiptv915%2F67863345%2F524.ts&amp;mode=12&amp;sf_options=fanart%3Dspecial%3A%2F%2Fhome%2Faddons%2Fplugin.video.NJMSoccer%2Ffanart.jpg%26winID%3D10025%26_options_sf&quot;)</favourite>
	<favourite name="Renegades 7 - 15:00 Manchester City v Bournemouth [Sport TV3]" thumb="http://i60.tinypic.com/2a8f14g.png">PlayMedia(&quot;plugin://plugin.video.NJMSoccer/?url=plugin%3A%2F%2Fplugin.video.f4mTester%2F%3Fstreamtype%3DTSDOWNLOADER%26url%3Dhttp%3A%2F%2Fgrandiptv.myftp.org%3A8000%2Flive%2F5grandiptv915%2F67863345%2F1603.ts&amp;mode=12&amp;sf_options=fanart%3Dspecial%3A%2F%2Fhome%2Faddons%2Fplugin.video.NJMSoccer%2Ffanart.jpg%26winID%3D10025%26_options_sf&quot;)</favourite>
	<favourite name="Renegades 7 - 15:00 Manchester City v Bournemouth [Sport TV3 - 720p]" thumb="http://i60.tinypic.com/2a8f14g.png">PlayMedia(&quot;plugin://plugin.video.NJMSoccer/?url=plugin%3A%2F%2Fplugin.video.f4mTester%2F%3Fstreamtype%3DTSDOWNLOADER%26url%3Dhttp%3A%2F%2Fgrandiptv.myftp.org%3A8000%2Flive%2F5grandiptv915%2F67863345%2F790.ts&amp;mode=12&amp;sf_options=fanart%3Dspecial%3A%2F%2Fhome%2Faddons%2Fplugin.video.NJMSoccer%2Ffanart.jpg%26winID%3D10025%26_options_sf&quot;)</favourite>
</favourites>