<favourites>
	<favourite name="19:45 Derby Co v Liverpool [BEIN 7 - 720p]" thumb="http://i60.tinypic.com/2a8f14g.png">PlayMedia(&quot;plugin://plugin.video.NJMSoccer/?url=plugin%3A%2F%2Fplugin.video.f4mTester%2F%3Fstreamtype%3DTSDOWNLOADER%26url%3Dhttp%3A%2F%2Fedge.kmen-ltd.com%3A7022%2Flive%2Fahmed-alfaqeh%2Fgfgyhg1323565%2F1123.ts&amp;mode=12&amp;sf_options=fanart%3Dspecial%3A%2F%2Fhome%2Faddons%2Fplugin.video.NJMSoccer%2Ffanart.jpg%26winID%3D10025%26_options_sf&quot;)</favourite>
	<favourite name="19:45 Derby Co v Liverpool [BEIN 7 - 720p]" thumb="http://i60.tinypic.com/2a8f14g.png">PlayMedia(&quot;plugin://plugin.video.NJMSoccer/?url=plugin%3A%2F%2Fplugin.video.f4mTester%2F%3Fstreamtype%3DTSDOWNLOADER%26url%3Dhttp%3A%2F%2Fgrandiptv.myftp.org%3A8000%2Flive%2F5grandiptv915%2F67863345%2F529.ts&amp;mode=12&amp;sf_options=fanart%3Dspecial%3A%2F%2Fhome%2Faddons%2Fplugin.video.NJMSoccer%2Ffanart.jpg%26winID%3D10025%26_options_sf&quot;)</favourite>
	<favourite name="19:45 Derby Co v Liverpool [BEIN 7 - 720p]" thumb="http://i60.tinypic.com/2a8f14g.png">PlayMedia(&quot;plugin://plugin.video.NJMSoccer/?url=plugin%3A%2F%2Fplugin.video.f4mTester%2F%3Fstreamtype%3DTSDOWNLOADER%26url%3Dhttp%3A%2F%2Fwww.q7t1.com%3A8000%2Flive%2FsYKADDaJs2%2FSnoQc6v4hZ%2F192.ts&amp;mode=12&amp;sf_options=fanart%3Dspecial%3A%2F%2Fhome%2Faddons%2Fplugin.video.NJMSoccer%2Ffanart.jpg%26winID%3D10025%26_options_sf&quot;)</favourite>
	<favourite name="19:45 Derby Co v Liverpool [BeIN 7 - 720p]" thumb="DefaultVideo.png">PlayMedia(&quot;plugin://plugin.video.NJMSoccer/?url=plugin%3A%2F%2Fplugin.video.SportsDevil%2F%3Fmode%3D1%26amp%3Bitem%3Dcatcher%253dstreams%2526url%3Dhttp%3A%2F%2Fwww.liveonlinetv247.info%2Fbeinsports7.php%2526referer%3Dhttp%3A%2F%2Fwww.liveonlinetv247.info&amp;mode=12&amp;sf_options=fanart%3Dhttp%3A%2F%2Fi57.tinypic.com%2F21l07rc.png%26winID%3D10025%26_options_sf&quot;)</favourite>
	<favourite name="[COLOR yellow][B]MATCHDAY 10 [MQ][/B][/COLOR] ~ Derby v Liverpool" thumb="http://i64.tinypic.com/29gyoo.png">PlayMedia(&quot;plugin://plugin.video.NJMSoccer/?url=plugin%3A%2F%2Fplugin.video.SportsDevil%2F%3Fmode%3D1%26amp%3Bitem%3Dcatcher%253dstreams%2526url%3Dhttp%3A%2F%2Fshowsport-tv.com%2Fembedplayer.php%3Fch%3Dbein11%26width%3B%3D700%26height%3B%3D450%26server%3B%3D1%2526referer%3Dhttp%3A%2F%2Fshowsport-tv.com%2Fch%2Fbein-sport-11&amp;mode=12&amp;sf_options=fanart%3Dhttp%3A%2F%2Fi64.tinypic.com%2F29gyoo.png%26winID%3D10025%26_options_sf&quot;)</favourite>
	<favourite name="[COLOR yellow][B]MATCHDAY 10 [MQ][/B][/COLOR] ~ Derby v Liverpool" thumb="http://i64.tinypic.com/29gyoo.png">PlayMedia(&quot;plugin://plugin.video.NJMSoccer/?url=plugin%3A%2F%2Fplugin.video.SportsDevil%2F%3Fmode%3D1%26amp%3Bitem%3Dcatcher%253dstreams%2526url%3Dhttp%3A%2F%2Fshowsport-tv.com%2Fembedplayer.php%3Fch%3Dbein11%26width%3B%3D700%26height%3B%3D450%26server%3B%3D2%2526referer%3Dhttp%3A%2F%2Fshowsport-tv.com%2Fch%2Fbein-sport-11&amp;mode=12&amp;sf_options=fanart%3Dhttp%3A%2F%2Fi64.tinypic.com%2F29gyoo.png%26winID%3D10025%26_options_sf&quot;)</favourite>
	<favourite name="LIVE - FOOTBALL [COLOR red]DERBY VS LIVERPOOL[/COLOR]" thumb="http://i65.tinypic.com/bi04uf.jpg">PlayMedia(&quot;plugin://plugin.video.MoneySports/?url=%24doregex%5Bget_m3u8%5D%7CReferer%3Dhttp%3A%2F%2Fwww.liveonlinetv247.info%2F%26User-Agent%3A+iPhone&amp;mode=17&amp;regexs=%7Bu%27get_m3u8%27%3A%20%7B%27agent%27%3A%20u%27Mozilla/5.0%27%2C%20%27refer%27%3A%20u%27http%3A//www.liveonlinetv247.info/%27%2C%20%27page%27%3A%20u%27http%3A//www.liveonlinetv247.info/embed/beinsports7.php%3Fwidth%3D650%26height%3D480%27%2C%20%27accept%27%3A%20u%27Accept-Encoding%3Dgzip%2Cdeflate%2Ctext/html%2Capplication/xhtml%2Bxml%2Capplication/xml%3Bq%3D0.9%2Cimage/webp%2C%2A/%2A%3Bq%3D0.8%27%2C%20%27expre%27%3A%20u%27x-mpegurl%22%20src%3D%22%28%5B%5E%22%5D%2A%29%22%27%7D%7D&amp;sf_options=fanart%3Dhttp%3A%2F%2Fi65.tinypic.com%2Fbbtld.jpg%26winID%3D10025%26_options_sf&quot;)</favourite>
	<favourite name="LIVE - FOOTBALL [COLOR red]DERBY VS LIVERPOOL[/COLOR]" thumb="http://i65.tinypic.com/bi04uf.jpg">PlayMedia(&quot;plugin://plugin.video.MoneySports/?url=%24doregex%5Bget_m3u8%5D%7CReferer%3Dhttp%3A%2F%2Fwww.liveonlinetv247.info%2F%26User-Agent%3A+iPhone&amp;mode=17&amp;regexs=%7Bu%27get_m3u8%27%3A%20%7B%27agent%27%3A%20u%27Mozilla/5.0%27%2C%20%27refer%27%3A%20u%27http%3A//www.liveonlinetv247.info/%27%2C%20%27page%27%3A%20u%27http%3A//www.liveonlinetv247.info/embed/beinsports11.php%3Fwidth%3D650%26height%3D480%27%2C%20%27accept%27%3A%20u%27Accept-Encoding%3Dgzip%2Cdeflate%2Ctext/html%2Capplication/xhtml%2Bxml%2Capplication/xml%3Bq%3D0.9%2Cimage/webp%2C%2A/%2A%3Bq%3D0.8%27%2C%20%27expre%27%3A%20u%27x-mpegurl%22%20src%3D%22%28%5B%5E%22%5D%2A%29%22%27%7D%7D&amp;sf_options=fanart%3Dhttp%3A%2F%2Fi65.tinypic.com%2Fbbtld.jpg%26winID%3D10025%26_options_sf&quot;)</favourite>
</favourites>