<favourites>
	<favourite name="Renegades 7 [COLOR limegreen]9:00 SOCCER: NAPOLI-BESIKTAS[COLOR red]/ACESTREAM[COLOR blue]EST[/COLOR]" thumb=" ">PlayMedia(&quot;plugin://program.plexus/?mode=1&amp;url=acestream://72b02ca71866cef90c6c7d06cbfc61e6cfb8c345&amp;name=VIDTIME&amp;sf_options=fanart%3Dhttp%3A%2F%2Fs5.postimg.org%2Fk44hcn1c7%2FLivewall.jpg%26winID%3D10025%26_options_sf&quot;)</favourite>
	<favourite name="Renegades 7 [COLOR yellow]9:00  SOCCER:  NAPOLI-BESIKTAS[COLOR limegreen]/SOPCAST[COLOR blue]EST[/COLOR]" thumb=" ">PlayMedia(&quot;plugin://program.plexus/?mode=2&amp;url=sop://broker./SOPCAST.com:3912/262492&amp;sf_options=fanart%3Dhttp%3A%2F%2Fs5.postimg.org%2Fk44hcn1c7%2FLivewall.jpg%26winID%3D10025%26_options_sf&quot;)</favourite>
	<favourite name="Renegades 7 NAPOLI-BESIKTAS" thumb=" ">PlayMedia(&quot;plugin://program.plexus/?mode=1&amp;url=acestream://3cd36a97eec3b06eb9370e7246e7da630956d8d5&amp;name=VIDTIME&amp;sf_options=fanart%3Dhttp%3A%2F%2Fs5.postimg.org%2Fk44hcn1c7%2FLivewall.jpg%26winID%3D10025%26_options_sf&quot;)</favourite>
	<favourite name="Renegades 7 NAPOLI-BESIKTAS" thumb=" ">PlayMedia(&quot;plugin://program.plexus/?mode=2&amp;url=sop://broker./SOPCAST.com:3912/262494&amp;sf_options=fanart%3Dhttp%3A%2F%2Fs5.postimg.org%2Fk44hcn1c7%2FLivewall.jpg%26winID%3D10025%26_options_sf&quot;)</favourite>
</favourites>