<favourites>
	<favourite name="Renegades 7 [COLOR blue]LIVERPOOL [/COLOR][COLOR lime]v[/COLOR][COLOR blue] MANCHESTER CITY[/COLOR][COLOR lime] 17:30 PM[/COLOR] Live Premiership" thumb="http://i.imgur.com/9MCxK6C.png">PlayMedia(&quot;plugin://plugin.video.livepremiership/?url=http%3A%2F%2Fpastebin.com%2Fraw%2F5C8FR51q&amp;mode=8&amp;name=%5BCOLOR+blue%5DLIVERPOOL+%5B%2FCOLOR%5D%5BCOLOR+lime%5Dv%5B%2FCOLOR%5D%5BCOLOR+blue%5D+MANCHESTER+CITY%5B%2FCOLOR%5D%5BCOLOR+lime%5D+17%3A30+PM%5B%2FCOLOR%5D&amp;fanart=http%3A%2F%2Fi.imgur.com%2FNZUuFCS.png&amp;sf_options=fanart%3Dhttp%3A%2F%2Fi.imgur.com%2FNZUuFCS.png%26winID%3D10001%26_options_sf&quot;)</favourite>
	<favourite name="Renegades 7 Liverpool vs Manchester City" thumb="http://mamahd.com/images/leagues/123.png">PlayMedia(&quot;plugin://plugin.video.ZemTV-shani/?url=bWFtYWhkOmh0dHA6Ly9tYW1haGQuY29tL2xpdmVycG9vbGZjLWxpdmUtc3RyZWFtLTEuaHRtbA%3D%3D&amp;mode=11&amp;name=Liverpool+vs+Manchester+City%5BCOLOR+red%5D%0ALIVE+in+55+Hrs%5B%2FCOLOR%5D&amp;sf_options=winID%3D10001%26_options_sf&quot;)</favourite>
	<favourite name="Renegades 7 Liverpool vs Manchester City" thumb="/images/icons/football.png">PlayMedia(&quot;plugin://plugin.video.ZemTV-shani/?url=c3RyZWFtaGQ6aHR0cDovL3d3dy5zdHJlYW1oZC5ldS9mb290YmFsbC9saXZlcnBvb2wtdnMtbWFuY2hlc3Rlci1jaXR5LWxpdmUtc3RyZWFtLTM1NS5waHA%3D&amp;mode=11&amp;name=%5BCOLOR+green%5D+17%3A30+GMT%5B%2FCOLOR%5D%3A+%5BCOLOR+red%5D+Football%5B%2FCOLOR%5D++%0A+Liverpool+vs+Manchester+City+&amp;sf_options=winID%3D10001%26_options_sf&quot;)</favourite>
	<favourite name="Renegades 7[COLOR cyan] LIVERPOOL FC VS MAN CITY [/COLOR] Adrian" thumb="https://s31.postimg.org/xaap1y7ff/premier_league.jpg">PlayMedia(&quot;plugin://plugin.video.adriansports/?fanart=https%3a%2f%2fgoo.gl%2fkw8Rmg&amp;mode=30&amp;name=%5bCOLOR%20cyan%5d%20LIVERPOOL%20FC%20VS%20MAN%20CITY%20%5b%2fCOLOR%5d&amp;url=%0asublink%3aplugin%3a%2f%2fplugin.video.f4mTester%2f%3furl%3d%26streamtype%3dTSDOWNLOADER%26name%3dBT1%7cUser-Agent%3dMozilla%2f5.0%20(Windows%20NT%2010.0%3b%20WOW64%3b%20rv%3a47.0)%20Gecko%2f20100101%20Firefox%2f47.0%20FirePHP%2f0.7.4%23%0asublink%3aplugin%3a%2f%2fplugin.video.f4mTester%2f%3furl%3d%26streamtype%3dTSDOWNLOADER%26name%3dTSN1%7cUser-Agent%3dMozilla%2f5.0%20(Windows%20NT%2010.0%3b%20WOW64%3b%20rv%3a47.0)%20Gecko%2f20100101%20Firefox%2f47.0%20FirePHP%2f0.7.4%23%0asublink%3aplugin%3a%2f%2fplugin.video.f4mTester%2f%3furl%3d%26streamtype%3dTSDOWNLOADER%26name%3dTSN4%7cUser-Agent%3dMozilla%2f5.0%20(Windows%20NT%2010.0%3b%20WOW64%3b%20rv%3a47.0)%20Gecko%2f20100101%20Firefox%2f47.0%20FirePHP%2f0.7.4%23%0asublink%3aplugin%3a%2f%2fplugin.video.f4mTester%2f%3furl%3d%26streamtype%3dTSDOWNLOADER%26name%3dNBC%7cUser-Agent%3dMozilla%2f5.0%20(Windows%20NT%2010.0%3b%20WOW64%3b%20rv%3a47.0)%20Gecko%2f20100101%20Firefox%2f47.0%20FirePHP%2f0.7.4%23%0a&amp;sf_options=fanart%3Dhttps%3A%2F%2Fgoo.gl%2Fkw8Rmg%26_options_sf&quot;)</favourite>
</favourites>