<favourites>
	<favourite name="Renegades 7[COLOR blue]STOKE CITY [/COLOR][COLOR lime]v[/COLOR][COLOR blue] SOUTHAMPTON[/COLOR][COLOR lime] 20:00 PM [/COLOR] Live Premiership" thumb="http://i.imgur.com/9MCxK6C.png">PlayMedia(&quot;plugin://plugin.video.livepremiership/?url=http%3A%2F%2Fpastebin.com%2Fraw%2F5C8FR51q&amp;mode=8&amp;name=%5BCOLOR+blue%5DSTOKE+CITY+%5B%2FCOLOR%5D%5BCOLOR+lime%5Dv%5B%2FCOLOR%5D%5BCOLOR+blue%5D+SOUTHAMPTON%5B%2FCOLOR%5D%5BCOLOR+lime%5D+20%3A00+PM+%5B%2FCOLOR%5D&amp;fanart=http%3A%2F%2Fi.imgur.com%2FzaL52nG.png&amp;sf_options=fanart%3Dhttp%3A%2F%2Fi.imgur.com%2FzaL52nG.png%26meta%3Dlabel%253D%25255BCOLOR%252Bblue%25255DSTOKE%252BCITY%252B%25255B%25252FCOLOR%25255D%25255BCOLOR%252Blime%25255Dv%25255B%25252FCOLOR%25255D%25255BCOLOR%252Bblue%25255D%252BSOUTHAMPTON%25255B%25252FCOLOR%25255D%25255BCOLOR%252Blime%25255D%252B20%25253A00%252BPM%252B%25255B%25252FCOLOR%25255D%2526title%253D%25255BCOLOR%252Bblue%25255DSTOKE%252BCITY%252B%25255B%25252FCOLOR%25255D%25255BCOLOR%252Blime%25255Dv%25255B%25252FCOLOR%25255D%25255BCOLOR%252Bblue%25255D%252BSOUTHAMPTON%25255B%25252FCOLOR%25255D%25255BCOLOR%252Blime%25255D%252B20%25253A00%252BPM%252B%25255B%25252FCOLOR%25255D%26winID%3D10025%26_options_sf&quot;)</favourite>
	<favourite name="Renegades 7 20:00 Tottenham v Hull City [MATCH Futbol 3 - 1080p] [COLOR yellow][B]*Acestream[/B][/COLOR] NJM" thumb="http://img0.cfstatic.com/wallpapers/f36c1ef92fbb2e97dcfb2f4b6e6e8044_large.jpeg">PlayMedia(&quot;plugin://plugin.video.NJMSoccer/?url=plugin%3A%2F%2Fprogram.plexus%2F%3Fmode%3D1%26url%3Dacestream%3A%2F%2F66ddd00e3139af9830c9f8fcc00a9056194925ce%26name%3DMy%2Bacestream%2Bchannel&amp;mode=12&amp;sf_options=fanart%3Dhttp%3A%2F%2Fimg0.cfstatic.com%2Fwallpapers%2Ff36c1ef92fbb2e97dcfb2f4b6e6e8044_large.jpeg%26meta%3Dlabel%253D20%25253A00%252BTottenham%252Bv%252BHull%252BCity%252B%25255BMATCH%252BFutbol%252B3%252B-%252B1080p%25255D%252B%25255BCOLOR%252Byellow%25255D%25255BB%25255D%25252AAcestream%25255B%25252FB%25255D%25255B%25252FCOLOR%25255D%2526title%253D20%25253A00%252BTottenham%252Bv%252BHull%252BCity%252B%25255BMATCH%252BFutbol%252B3%252B-%252B1080p%25255D%252B%25255BCOLOR%252Byellow%25255D%25255BB%25255D%25252AAcestream%25255B%25252FB%25255D%25255B%25252FCOLOR%25255D%26winID%3D10025%26_options_sf&quot;)</favourite>
	<favourite name="Renegades 7 Stoke City vs Southampton ZEM" thumb="/images/icons/football.png">PlayMedia(&quot;plugin://plugin.video.ZemTV-shani/?url=c3RyZWFtaGQ6aHR0cDovL3d3dy5zdHJlYW1oZC5ldS9mb290YmFsbC9zdG9rZS1jaXR5LXZzLXNvdXRoYW1wdG9uLWxpdmUtc3RyZWFtLTc1My5waHA%3D&amp;mode=11&amp;name=%5BCOLOR+green%5D+20%3A00+GMT%5B%2FCOLOR%5D%3A+%5BCOLOR+red%5D+Football%5B%2FCOLOR%5D++%0A+Stoke+City+vs+Southampton+&amp;sf_options=meta%3Dlabel%253D%25255BCOLOR%252Bgreen%25255D%252B20%25253A00%252BGMT%25255B%25252FCOLOR%25255D%25253A%252B%25255BCOLOR%252Bred%25255D%252BFootball%25255B%25252FCOLOR%25255D%252B%252B%25255Cn%252BStoke%252BCity%252Bvs%252BSouthampton%252B%2526title%253D%25255BCOLOR%252Bgreen%25255D%252B20%25253A00%252BGMT%25255B%25252FCOLOR%25255D%25253A%252B%25255BCOLOR%252Bred%25255D%252BFootball%25255B%25252FCOLOR%25255D%252B%252B%25255Cn%252BStoke%252BCity%252Bvs%252BSouthampton%252B%26winID%3D10025%26_options_sf&quot;)</favourite>
	<favourite name="Reneagdes 7 [COLOR pink] STOKE CITY VS SOUTHAMPTON FC [/COLOR] Adrian Sports" thumb="https://s31.postimg.org/xaap1y7ff/premier_league.jpg">ActivateWindow(10025,&quot;plugin://plugin.video.adriansports/?fanart=https%3a%2f%2fgoo.gl%2fkw8Rmg&amp;mode=30&amp;name=%5bCOLOR%20pink%5d%20STOKE%20CITY%20VS%20SOUTHAMPTON%20FC%20%5b%2fCOLOR%5d&amp;url=%0asublink%3aplugin%3a%2f%2fplugin.video.f4mTester%2f%3furl%3dhttp%3a%2f%2fexpressworld.zapto.org%3a8000%2flive%2finternext.zapto.org%2fislam%2f614.ts%26streamtype%3dTSDOWNLOADER%26name%3dTSN1%7cUser-Agent%3dMozilla%2f5.0%20(Windows%20NT%2010.0%3b%20WOW64%3b%20rv%3a47.0)%20Gecko%2f20100101%20Firefox%2f47.0%20FirePHP%2f0.7.4%23%0a&amp;sf_options=fanart%3Dhttps%3A%2F%2Fgoo.gl%2Fkw8Rmg%26meta%3Dlabel%253D%25255BCOLOR%252Bpink%25255D%252BSTOKE%252BCITY%252BVS%252BSOUTHAMPTON%252BFC%252B%25255B%25252FCOLOR%25255D%2526title%253D%25255BCOLOR%252Bpink%25255D%252BSTOKE%252BCITY%252BVS%252BSOUTHAMPTON%252BFC%252B%25255B%25252FCOLOR%25255D%26_options_sf&quot;,return)</favourite>
</favourites>