<favourites>
	<favourite name="Renegades 7 [COLOR blue]BOURNEMOUTH [/COLOR][COLOR lime]v[/COLOR][COLOR blue] SOUTHAMPTON[/COLOR][COLOR lime] 13:30 PM[/COLOR] Live Premiership" thumb="http://i.imgur.com/9MCxK6C.png">PlayMedia(&quot;plugin://plugin.video.livepremiership/?url=http%3A%2F%2Fpastebin.com%2Fraw%2F5C8FR51q&amp;mode=8&amp;name=%5BCOLOR+blue%5DBOURNEMOUTH+%5B%2FCOLOR%5D%5BCOLOR+lime%5Dv%5B%2FCOLOR%5D%5BCOLOR+blue%5D+SOUTHAMPTON%5B%2FCOLOR%5D%5BCOLOR+lime%5D+13%3A30+PM%5B%2FCOLOR%5D&amp;fanart=http%3A%2F%2Fi.imgur.com%2FzaL52nG.png&amp;sf_options=fanart%3Dhttp%3A%2F%2Fi.imgur.com%2FzaL52nG.png%26meta%3Dlabel%253D%25255BCOLOR%252Bblue%25255DBOURNEMOUTH%252B%25255B%25252FCOLOR%25255D%25255BCOLOR%252Blime%25255Dv%25255B%25252FCOLOR%25255D%25255BCOLOR%252Bblue%25255D%252BSOUTHAMPTON%25255B%25252FCOLOR%25255D%25255BCOLOR%252Blime%25255D%252B13%25253A30%252BPM%25255B%25252FCOLOR%25255D%2526title%253D%25255BCOLOR%252Bblue%25255DBOURNEMOUTH%252B%25255B%25252FCOLOR%25255D%25255BCOLOR%252Blime%25255Dv%25255B%25252FCOLOR%25255D%25255BCOLOR%252Bblue%25255D%252BSOUTHAMPTON%25255B%25252FCOLOR%25255D%25255BCOLOR%252Blime%25255D%252B13%25253A30%252BPM%25255B%25252FCOLOR%25255D%26winID%3D10001%26_options_sf&quot;)</favourite>
	<favourite name="Renegades 7 Bournmouth ZEM HD" thumb="DefaultFolder.png">PlayMedia(&quot;plugin://plugin.video.ZemTV-shani/?url=aXBib3g6aHR0cDovL2lwdHYubW9ua2V5Y2xpbmUuY29tOjI1NDYxL2xpdmUvamFzbmUvamFzbmUvMTY5Ny5tM3U4fFVzZXItQWdlbnQ9VkxDLzIuMy4xIExpYlZMQy8yLjIuMTcmSWN5LU1ldGFEYXRhPTE%3D&amp;mode=11&amp;name=%5BCOLOR+FF11b500%5DSky+sports+1+hd%0D+ipbox%5B%2FCOLOR%5D&amp;sf_options=meta%3Dlabel%253D%25255BCOLOR%252BFF11b500%25255DSky%252Bsports%252B1%252Bhd%25250D%252Bipbox%25255B%25252FCOLOR%25255D%2526title%253D%25255BCOLOR%252BFF11b500%25255DSky%252Bsports%252B1%252Bhd%25250D%252Bipbox%25255B%25252FCOLOR%25255D%26winID%3D10001%26_options_sf&quot;)</favourite>
	<favourite name="Renegades 7 Bournmouth HD Sportsnet" thumb="DefaultFolder.png">PlayMedia(&quot;plugin://plugin.video.ZemTV-shani/?url=aXBib3g6aHR0cDovL2lwdHYubW9ua2V5Y2xpbmUuY29tOjI1NDYxL2xpdmUvamFzbmUvamFzbmUvOTQwMS5tM3U4fFVzZXItQWdlbnQ9VkxDLzIuMy4xIExpYlZMQy8yLjIuMTcmSWN5LU1ldGFEYXRhPTE%3D&amp;mode=11&amp;name=%5BCOLOR+FF11b500%5D%2Acan%3Asportsnet+world+hd%0D+ipbox%5B%2FCOLOR%5D&amp;sf_options=meta%3Dlabel%253D%25255BCOLOR%252BFF11b500%25255D%25252Acan%25253Asportsnet%252Bworld%252Bhd%25250D%252Bipbox%25255B%25252FCOLOR%25255D%2526title%253D%25255BCOLOR%252BFF11b500%25255D%25252Acan%25253Asportsnet%252Bworld%252Bhd%25250D%252Bipbox%25255B%25252FCOLOR%25255D%26winID%3D10001%26_options_sf&quot;)</favourite>
	<favourite name="Renegades 7 Bournmouth Zem Hd" thumb="DefaultFolder.png">PlayMedia(&quot;plugin://plugin.video.ZemTV-shani/?url=aXBib3g6aHR0cDovL2lwdHYubW9ua2V5Y2xpbmUuY29tOjI1NDYxL2xpdmUvamFzbmUvamFzbmUvMTcyMi5tM3U4fFVzZXItQWdlbnQ9VkxDLzIuMy4xIExpYlZMQy8yLjIuMTcmSWN5LU1ldGFEYXRhPTE%3D&amp;mode=11&amp;name=%5BCOLOR+FF11b500%5DBein+sport+2+hd%0D+ipbox%5B%2FCOLOR%5D&amp;sf_options=meta%3Dlabel%253D%25255BCOLOR%252BFF11b500%25255DBein%252Bsport%252B2%252Bhd%25250D%252Bipbox%25255B%25252FCOLOR%25255D%2526title%253D%25255BCOLOR%252BFF11b500%25255DBein%252Bsport%252B2%252Bhd%25250D%252Bipbox%25255B%25252FCOLOR%25255D%26winID%3D10001%26_options_sf&quot;)</favourite>
	<favourite name="Renegades 7[COLOR yellow] BOURNEMOUTH-SOUTHAMPTON[/COLOR] | [COLOR skyblue]SOCCER (18/12/2016)[/COLOR] Mic Acestreams" thumb="http://arenavision.in/sites/default/files/logo_av2015.png">PlayMedia(&quot;plugin://plugin.video.mic/?url=plugin%3A%2F%2Fprogram.plexus%2F%3Furl%3D%24doregex%5Bgetace%5D%26mode%3D1%26name%3D18%2F12%2F2016&amp;mode=17&amp;regexs=%7Bu%27getace%27%3A%20%7B%27cookiejar%27%3A%20%27%27%2C%20%27expres%27%3A%20u%27%5B%22%2C%5C%27%5D%28acestream%5B%5E%22%5C%27%5D%2B%29%27%2C%20%27referer%27%3A%20u%27http%3A//arenavision.in/schedule%27%2C%20%27name%27%3A%20u%27getace%27%2C%20%27page%27%3A%20u%27http%3A//arenavision.in/av3%27%7D%7D&amp;iconimage=http%3A%2F%2Farenavision.in%2Fsites%2Fdefault%2Ffiles%2Flogo_av2015.png&amp;sf_options=meta%3Dlabel%253D%25255BCOLOR%252Byellow%25255D%252BBOURNEMOUTH-SOUTHAMPTON%25255B%25252FCOLOR%25255D%252B%25257C%252B%25255BCOLOR%252Bskyblue%25255DSOCCER%252B%25252818%25252F12%25252F2016%252529%25255B%25252FCOLOR%25255D%2526title%253D%25255BCOLOR%252Byellow%25255D%252BBOURNEMOUTH-SOUTHAMPTON%25255B%25252FCOLOR%25255D%252B%25257C%252B%25255BCOLOR%252Bskyblue%25255DSOCCER%252B%25252818%25252F12%25252F2016%252529%25255B%25252FCOLOR%25255D%26winID%3D10001%26_options_sf&quot;)</favourite>
</favourites>