<favourites>
	<favourite name="5 USA - Vidtime - 11/08/2016" thumb="http://s20.postimg.org/rg0czy4x9/5_Star.png">PlayMedia(&quot;plugin://plugin.video.f4mTester/?url=http://cdn04.selling-team.net:8000/live/dblack/dblack/10352.ts&amp;streamtype=TSDOWNLOADER&amp;name=5 USAr&amp;sf_options=fanart%3Dhttp%3A%2F%2Fs20.postimg.org%2Fdoltr1fu5%2FVTTVBackground.png%26meta%3Dlabel%253D%25255BCOLOR%252Borange%25255D5%252BUSA%252B%25255B%25252FCOLOR%25255D%26winID%3D10025%26_options_sf&quot;)</favourite>
	<favourite name="5 USA - Freeview SD" thumb="special://home/addons/plugin.video.freeview/resources/logos/5usa.png">PlayMedia(&quot;plugin://plugin.video.freeview/?url=https%3A%2F%2Fwww.filmon.com%2Ftv%2F5usa&amp;mode=1&amp;name=5USA&amp;sf_options=fanart%3Dspecial%3A%2F%2Fhome%2Faddons%2Fplugin.video.freeview%2Ffanart.jpg%26winID%3D10025%26_options_sf&quot;)</favourite>
	<favourite name="5 USA sanctuary 21/11/2016" thumb="https://tvr.metropol247.co.uk/thetvroom.com/images/pool-i/130/main-000-486.jpg">PlayMedia(&quot;plugin://plugin.video.sanctuary/?url=plugin%3A%2F%2Fplugin.video.f4mTester%2F%3Fstreamtype%3DTSDOWNLOADER%26url%3Dhttp%3A%2F%2Fipsatpro.com%3A8000%2Flive%2F00000%2F00001%2F480.ts%26streamtype%3D.TSDOWNLOADER%3Bname%3D5USA&amp;mode=1112&amp;sf_options=fanart%3Dspecial%3A%2F%2Fhome%2Faddons%2Fplugin.video.sanctuary%2Ffanart.jpg%26winID%3D10025%26_options_sf&quot;)</favourite>
	<favourite name="5 USA sanctuary 25/11/2016" thumb="https://tvr.metropol247.co.uk/thetvroom.com/images/pool-i/130/main-000-486.jpg">PlayMedia(&quot;plugin://plugin.video.sanctuary/?url=plugin%3A%2F%2Fplugin.video.f4mTester%2F%3Fstreamtype%3DTSDOWNLOADER%26url%3Dhttp%3A%2F%2F37.187.25.213%3A8000%2Flive%2Fnicolas%2Fnicolas%2F58.ts%26streamtype%3D.TSDOWNLOADER%3Bname%3D5USA&amp;mode=1112&amp;sf_options=fanart%3Dspecial%3A%2F%2Fhome%2Faddons%2Fplugin.video.sanctuary%2Ffanart.jpg%26winID%3D10025%26_options_sf&quot;)</favourite>
</favourites>