<favourites>
	<favourite name="[B][COLOR white]COMEDY CENTRAL[/COLOR]  THE NIGHTLY SHOW WITH LARRY WILMORE[/B]" thumb="http://mc.ustvnow.com/images/COMEDY.png">HOME:PlayMedia(&quot;http://ilv62.is.ustvnow.com:80/ilv62/mp4:19D50COMEUSTVNOW3/playlist.m3u8?key=tbd&amp;sf_options=fanart%3Dhttps%3A%2F%2Fimages3.alphacoders.com%2F799%2F79955.jpg%26meta%3Dcastandrole%253D%25255B%25255D%2526label%253D%25255BB%25255D%25255BCOLOR%252Bwhite%25255DCOMEDY%252BCENTRAL%25255B%25252FCOLOR%25255D%252B%252BTHE%252BNIGHTLY%252BSHOW%252BWITH%252BLARRY%252BWILMORE%25255B%25252FB%25255D%26winID%3D10000%26_options_sf&quot;)</favourite>
	<favourite name="Comedy Central(UKTV AGAIN" thumb="">PlayMedia(&quot;playmedia(&quot;plugin://plugin.video.uktvnow/?url=url&amp;mode=2&amp;name=Comedy+Central&amp;channelid=84&amp;iconimage=https%3A%2F%2Fapp.uktvnow.net%2Fimages%2Fchannel_imgs%2F160116011001comedy.png%7CUser-Agent%3DDalvik%2F2.1.0+%28Linux%3B+U%3B+Android+6.0.1%3B+SM-G935F+Build%2FMMB29K%29&quot;)&amp;sf_options=meta%3Dcastandrole%253D%25255B%25255D%2526label%253DComedy%252BCentral%26winID%3D10025%26_options_sf&quot;)</favourite>
	<favourite name="Comedy Central - UKTV - 25/08/2016" thumb="https://app.uktvnow.net/images/channel_imgs/160116011001comedy.png|User-Agent=Dalvik/2.1.0 (Linux; U; Android 6.0.1; SM-G935F Build/MMB29K)">PlayMedia(&quot;plugin://plugin.video.uktvnow/?url=url&amp;mode=2&amp;name=Comedy+Central&amp;channelid=84&amp;iconimage=https%3A%2F%2Fapp.uktvnow.net%2Fimages%2Fchannel_imgs%2F160116011001comedy.png%7CUser-Agent%3DDalvik%2F2.1.0+%28Linux%3B+U%3B+Android+6.0.1%3B+SM-G935F+Build%2FMMB29K%29&amp;sf_options=fanart%3Dspecial%3A%2F%2Fhome%2Faddons%5Cplugin.video.uktvnow%5Cfanart.jpg%26meta%3Dplot%253D84%2526label%253DComedy%252BCentral%2526title%253DComedy%252BCentral%26winID%3D10025%26desc%3D84%26_options_sf&quot;)</favourite>
	<favourite name="Comedy Central. - UKTV - 25/08/2016" thumb="https://app.uktvnow.net/images/channel_imgs/160116011031comedy.png|User-Agent=Dalvik/2.1.0 (Linux; U; Android 6.0.1; SM-G935F Build/MMB29K)">PlayMedia(&quot;plugin://plugin.video.uktvnow/?url=url&amp;mode=2&amp;name=Comedy+Central.&amp;channelid=85&amp;iconimage=https%3A%2F%2Fapp.uktvnow.net%2Fimages%2Fchannel_imgs%2F160116011031comedy.png%7CUser-Agent%3DDalvik%2F2.1.0+%28Linux%3B+U%3B+Android+6.0.1%3B+SM-G935F+Build%2FMMB29K%29&amp;sf_options=fanart%3Dspecial%3A%2F%2Fhome%2Faddons%5Cplugin.video.uktvnow%5Cfanart.jpg%26meta%3Dplot%253D85%2526label%253DComedy%252BCentral.%2526title%253DComedy%252BCentral.%26winID%3D10025%26desc%3D85%26_options_sf&quot;)</favourite>
	<favourite name="Comedy Central - Vidtime - 12/08/2016" thumb="http://s20.postimg.org/c39ofrr71/Comedy_Central.jpg">PlayMedia(&quot;plugin://plugin.video.f4mTester/?url=http://37.187.175.177:8000/live/thomas/thomas/2151.ts&amp;streamtype=TSDOWNLOADER&amp;name=Comedy Central&amp;sf_options=fanart%3Dhttp%3A%2F%2Fs20.postimg.org%2Fdoltr1fu5%2FVTTVBackground.png%26meta%3Dlabel%253D%25255BCOLOR%252Borange%25255DComedy%252BCentral%25255B%25252FCOLOR%25255D%26winID%3D10025%26_options_sf&quot;)</favourite>
</favourites>