<favourites>
	<favourite name="[B][COLOR white]COMEDY CENTRAL[/COLOR]  THE NIGHTLY SHOW WITH LARRY WILMORE[/B]" thumb="http://mc.ustvnow.com/images/COMEDY.png">HOME:PlayMedia(&quot;http://ilv62.is.ustvnow.com:80/ilv62/mp4:19D50COMEUSTVNOW3/playlist.m3u8?key=tbd&amp;sf_options=fanart%3Dhttps%3A%2F%2Fimages3.alphacoders.com%2F799%2F79955.jpg%26meta%3Dcastandrole%253D%25255B%25255D%2526label%253D%25255BB%25255D%25255BCOLOR%252Bwhite%25255DCOMEDY%252BCENTRAL%25255B%25252FCOLOR%25255D%252B%252BTHE%252BNIGHTLY%252BSHOW%252BWITH%252BLARRY%252BWILMORE%25255B%25252FB%25255D%26winID%3D10000%26_options_sf&quot;)</favourite>
	<favourite name="[COLOR orange]ComedyCentral UK [/COLOR] mic 20/11/2016" thumb="https://upload.wikimedia.org/wikipedia/en/2/2b/UKTV_logo.png">PlayMedia(&quot;plugin://plugin.video.mic/?url=plugin%3A%2F%2Fplugin.video.f4mTester%2F%3Fstreamtype%3DTSDOWNLOADER%3Bname%3DCOMEDY+CENTRAL+UK%26url%3Dhttp%3A%2F%2F37.187.139.155%3A8000%2Flive%2Flightwrath%40live.com%2FWatchNow%21%2F473.ts&amp;mode=12&amp;sf_options=fanart%3Dhttp%3A%2F%2Fwallpapercave.com%2Fwp%2FPaxa7aH.jpg%26winID%3D10025%26_options_sf&quot;)</favourite>
	<favourite name="ComedyCentral sanctuary 21/11/2016" thumb="https://upload.wikimedia.org/wikipedia/en/thumb/3/34/Comedy_Central_UK.svg/861px-Comedy_Central_UK.svg.png">PlayMedia(&quot;plugin://plugin.video.sanctuary/?url=plugin%3A%2F%2Fplugin.video.f4mTester%2F%3Fstreamtype%3DTSDOWNLOADER%26url%3Dhttp%3A%2F%2F151.80.29.203%3A9900%2Flive%2F3month%2F3month%2F10185.ts%26streamtype%3D.TSDOWNLOADER%3Bname%3DComedy+Central&amp;mode=1112&amp;sf_options=fanart%3Dspecial%3A%2F%2Fhome%2Faddons%2Fplugin.video.sanctuary%2Ffanart.jpg%26winID%3D10025%26_options_sf&quot;)</favourite>
	<favourite name="ComedyCentral sanctuary 25/11/2016" thumb="https://upload.wikimedia.org/wikipedia/en/thumb/3/34/Comedy_Central_UK.svg/861px-Comedy_Central_UK.svg.png">PlayMedia(&quot;plugin://plugin.video.sanctuary/?url=plugin%3A%2F%2Fplugin.video.f4mTester%2F%3Fstreamtype%3DTSDOWNLOADER%26url%3Dhttp%3A%2F%2F37.187.25.213%3A8000%2Flive%2Fnicolas%2Fnicolas%2F84.ts%26streamtype%3D.TSDOWNLOADER%3Bname%3DComedy+Central&amp;mode=1112&amp;sf_options=fanart%3Dspecial%3A%2F%2Fhome%2Faddons%2Fplugin.video.sanctuary%2Ffanart.jpg%26winID%3D10025%26_options_sf&quot;)</favourite>
	<favourite name="ComedyCentral bamf 27/11/2016" thumb="DefaultVideo.png">PlayMedia(&quot;plugin://plugin.video.sanctuary/?url=plugin%3A%2F%2Fplugin.video.f4mTester%2F%3Fstreamtype%3DTSDOWNLOADER%26amp%3Burl%3Dhttp%3A%2F%2F185.73.239.23%3A8000%2Flive%2Fafrica%2Fafrica%2F4435.ts%3Bname%3DBAMF+TV&amp;mode=1112&amp;sf_options=winID%3D10025%26_options_sf&quot;)</favourite>
	<favourite name="[COLORgreen][B]•[/COLOR][/B]ComedyCentral oblivion 30/11/2016" thumb="http://oblivionbuilds.com/Oblivionlogo.png">PlayMedia(&quot;plugin://plugin.video.sanctuary/?url=plugin%3A%2F%2Fplugin.video.f4mTester%2F%3Fstreamtype%3DTSDOWNLOADER%26amp%3Burl%3Dhttp%3A%2F%2Flive.softiptv.com%3A9900%2Flive%2F3month%2F3month%2F20514.ts%3Bname%3DOblivion+TV&amp;mode=1112&amp;sf_options=winID%3D10025%26_options_sf&quot;)</favourite>
	<favourite name="[B][COLOR lime]UK |[/COLOR][/B] ComedyCentral sanctuary 01/12/2016" thumb="DefaultVideo.png">PlayMedia(&quot;plugin://plugin.video.sanctuary/?url=plugin%3A%2F%2Fplugin.video.f4mTester%2F%3Fstreamtype%3DTSDOWNLOADER%26amp%3Burl%3Dhttp%3A%2F%2Fwww.zeebra.tv%3A8000%2Flive%2Ftiger009%2Ftiger009%2F3019.ts%26amp%3Bname%3D%5BB%5D%5BCOLOR+lime%5DUltra+IPTV%5B%2FCOLOR%5D%5B%2FB%5D&amp;mode=1112&amp;sf_options=winID%3D10025%26_options_sf&quot;)</favourite>
</favourites>