<favourites>
	<favourite name="Renegades 11 Fight Night [B][COLORblue]SkySports_Fight_Night 20.00[/COLOR][/B] Pyramid" thumb="http://www.app-trailer.com/appicons/android/100x100/com.FootballLiveStream.png">PlayMedia(&quot;plugin://plugin.video.thepyramid/?fanart=http%3a%2f%2ftombraiderbuilds.co.uk%2fBackgrounds%2fTombRaiderMoviesBackground.jpg&amp;mode=30&amp;name=%5bB%5d%5bCOLORblue%5dSkySports_Fight_Night%2020.00%5b%2fCOLOR%5d%5b%2fB%5d&amp;url=%0d%0asublink%3ahttp%3a%2f%2f163.172.215.159%3a3135%2fS2%2fFound%2findex.m3u8%3ftoken%3dZTQ3ODQ2YjlhZjQxZmYyMThlZTUxZWZmYjZjMTY5MDA6MTQ4ODAxMTA4Mg%3d%3d%7cUser-Agent%3dAppleCoreMedia%2f1.0.0.13A452%20(iPhone%3b%20U%3b%20CPU%20OS%209_0_2%20like%20Mac%20OS%20X%3b%20en_gb)%23%0d%0asublink%3ahttp%3a%2f%2f163.172.215.159%3a3135%2fS2%2fFound%2findex.m3u8%3ftoken%3dNmUyYTI4MjA4ZmY2MDNmMWRmOWU2Y2M5N2E4MDIxZWY6MTQ4ODAxMTE5Mw%3d%3d%7cUser-Agent%3dAppleCoreMedia%2f1.0.0.13A452%20(iPhone%3b%20U%3b%20CPU%20OS%209_0_2%20like%20Mac%20OS%20X%3b%20en_gb)%23%0d%0asublink%3ahttp%3a%2f%2f109.200.20.26%3a8981%2f88ssp%2fsports2%2findex.m3u8%3ftoken%3dNDIzYjdlZTI1YzBkMjA0NWJiZDA1NDE3ODZiYTI4YTQ6MTQ4ODAxMTI3Mg%3d%3d%7cUser-Agent%3dAppleCoreMedia%2f1.0.0.13A452%20(iPhone%3b%20U%3b%20CPU%20OS%209_0_2%20like%20Mac%20OS%20X%3b%20en_gb)%23%0d%0a&amp;sf_options=fanart%3Dhttp%3A%2F%2Ftombraiderbuilds.co.uk%2FBackgrounds%2FTombRaiderMoviesBackground.jpg%26winID%3D10001%26_options_sf&quot;)</favourite>
	<favourite name="Renegades 11 Fight Night [B][COLORblue]SkySports_Fight_Night 20.00[/COLOR][/B] Pryamid" thumb="http://www.app-trailer.com/appicons/android/100x100/com.FootballLiveStream.png">PlayMedia(&quot;plugin://plugin.video.thepyramid/?url=plugin%3A%2F%2Fplugin.video.SportsDevil%2F%3Fmode%3D1%26amp%3Bitem%3Dcatcher%253dstreams%2526url%3Dhttp%3A%2F%2Fwizhdsports.is%2Fwatch%2FSkySports_Fight_Night%2Fstream21&amp;mode=12&amp;sf_options=fanart%3Dhttp%3A%2F%2Ftombraiderbuilds.co.uk%2FBackgrounds%2FTombRaiderMoviesBackground.jpg%26winID%3D10001%26_options_sf&quot;)</favourite>
	<favourite name="Renegades 11 Fight Night Zem" thumb="http://network.livenettv.xyz:9090/data/img/files/sky_sports_2.png">PlayMedia(&quot;plugin://plugin.video.ZemTV-shani/?url=bmV0d29ya3R2OjQ3OQ%3D%3D&amp;mode=11&amp;name=Sky+sports+2&amp;sf_options=winID%3D10001%26_options_sf&quot;)</favourite>
	<favourite name="Renegades 11 Fight Night Zem" thumb="http://network.livenettv.xyz:9090/data/img/files/sky_sports_2.png">PlayMedia(&quot;plugin://plugin.video.ZemTV-shani/?url=bmV0d29ya3R2OjE0MDQ%3D&amp;mode=11&amp;name=Sky+sports+2&amp;sf_options=winID%3D10001%26_options_sf&quot;)</favourite>
	<favourite name="Renegades 11 Fight Night Zem" thumb="http://network.livenettv.xyz:9090/data/img/files/sky_sports_2.png">PlayMedia(&quot;plugin://plugin.video.ZemTV-shani/?url=bmV0d29ya3R2Ojg3MA%3D%3D&amp;mode=11&amp;name=Sky+sports+2&amp;sf_options=winID%3D10001%26_options_sf&quot;)</favourite>
	<favourite name="Renegades 11 Fight Night Zem HD" thumb="http://swiftstreamz.com/SwiftStream/images/thumbs/59345_skysp2hd.jpg">PlayMedia(&quot;plugin://plugin.video.ZemTV-shani/?url=ZmFzdDozNj03ODk5&amp;mode=11&amp;name=Sky+sp+2+hd&amp;sf_options=winID%3D10001%26_options_sf&quot;)</favourite>
	<favourite name="Renegades 11 Fight Night Zem" thumb="http://swiftstreamz.com/SwiftStream/images/thumbs/21377_sky2sd.jpg">PlayMedia(&quot;plugin://plugin.video.ZemTV-shani/?url=ZmFzdDozNj03NTIw&amp;mode=11&amp;name=Sky+sp+2+sd&amp;sf_options=winID%3D10001%26_options_sf&quot;)</favourite>
	<favourite name="Renegades 11 Fight Night Zem" thumb="http://swiftstreamz.com/SwiftStream/images/thumbs/46176_sky2.jpg">PlayMedia(&quot;plugin://plugin.video.ZemTV-shani/?url=ZmFzdDozNj0zNjk%3D&amp;mode=11&amp;name=Sky+sports+2&amp;sf_options=winID%3D10001%26_options_sf&quot;)</favourite>
</favourites>