<favourites>
	<favourite name="FOX SPORTS 2 HD bamf Server 2" thumb="DefaultVideo.png">PlayMedia(&quot;plugin://plugin.video.sanctuary/?url=plugin%3A%2F%2Fplugin.video.f4mTester%2F%3Fstreamtype%3DTSDOWNLOADER%26amp%3Burl%3Dhttp%3A%2F%2Fkodi-fireiptv.ddns.net%3A8000%2Flive%2FWIL%2FBIS%2F933.ts%3Bname%3DBAMF+TV&amp;mode=906&amp;regexs=&amp;setCookie=&amp;sf_options=winID%3D10001%26_options_sf&quot;)</favourite>
	<favourite name="Fox Sports 2 mic Sports Central" thumb="http://www.thelogodb.com/images/media/logo/uxxtrt1433944508.png">PlayMedia(&quot;plugin://plugin.video.mic/?url=plugin%3A%2F%2Fplugin.video.f4mTester%2F%3Fstreamtype%3DTSDOWNLOADER%3Bname%3DFOX+SPORT%0D%0A2%26url%3Dhttp%3A%2F%2Fotttv.ga%3A2095%2Flive%2Fmyfreeotttv%2F123456789%2F17354.ts&amp;mode=12&amp;sf_options=fanart%3Dhttp%3A%2F%2Fwww.pngall.com%2Fwp-content%2Fuploads%2F2016%2F05%2FAmerica-Flag-PNG-Picture.png%26winID%3D10001%26_options_sf&quot;)</favourite>
	<favourite name="Fox Sports 2 Zem S2" thumb="DefaultFolder.png">PlayMedia(&quot;plugin://plugin.video.ZemTV-shani/?url=aXBib3g6aHR0cDovL2lwdHYubW9ua2V5Y2xpbmUuY29tOjI1NDYxL2xpdmUvamFzbmUvamFzbmUvNTc0NS50c3xVc2VyLUFnZW50PVZMQy8yLjMuMSBMaWJWTEMvMi4yLjE3JkljeS1NZXRhRGF0YT0x&amp;mode=11&amp;name=%5BCOLOR+FF11b500%5DUsa+%3A+fox+sports+2+hd%0D+ipbox%5B%2FCOLOR%5D&amp;sf_options=meta%3Dlabel%253D%25255BCOLOR%252BFF11b500%25255DUsa%252B%25253A%252Bfox%252Bsports%252B2%252Bhd%25250D%252Bipbox%25255B%25252FCOLOR%25255D%2526title%253D%25255BCOLOR%252BFF11b500%25255DUsa%252B%25253A%252Bfox%252Bsports%252B2%252Bhd%25250D%252Bipbox%25255B%25252FCOLOR%25255D%26winID%3D10001%26_options_sf&quot;)</favourite>
	<favourite name="Fox Sports 2 mic Sports Central" thumb="http://www.thelogodb.com/images/media/logo/uxxtrt1433944508.png">PlayMedia(&quot;plugin://plugin.video.mic/?url=plugin%3A%2F%2Fplugin.video.f4mTester%2F%3Fstreamtype%3DTSDOWNLOADER%3Bname%3DFOX+SPORT%0D%0A2%26url%3Dhttp%3A%2F%2Fkodi-fireiptv.ddns.net%3A8000%2Flive%2FWIL%2FBIS%2F933.ts&amp;mode=12&amp;sf_options=fanart%3Dhttp%3A%2F%2Fwww.pngall.com%2Fwp-content%2Fuploads%2F2016%2F05%2FAmerica-Flag-PNG-Picture.png%26winID%3D10001%26_options_sf&quot;)</favourite>
	<favourite name="Fox Sports 2 bamf Sports" thumb="http://genietvcunts.co.uk/bamffff/14996309_10209473377528524_434205708_n.jpg">PlayMedia(&quot;plugin://plugin.video.sanctuary/?url=plugin%3A%2F%2Fplugin.video.f4mTester%2F%3Fstreamtype%3DTSDOWNLOADER%26amp%3Burl%3Dhttp%3A%2F%2F51.254.197.40%3A25461%2Flive%2Fscott%2Fscott%2F5745.ts%3Bname%3DBAMF+TV&amp;mode=906&amp;regexs=&amp;setCookie=&amp;sf_options=winID%3D10001%26_options_sf&quot;)</favourite>
	<favourite name="Fox Sport 2 HD bamf 2" thumb="http://genietvcunts.co.uk/bamffff/iptv2.jpg">PlayMedia(&quot;plugin://plugin.video.BAMFTV/?url=plugin%3A%2F%2Fplugin.video.f4mTester%2F%3Fstreamtype%3DTSDOWNLOADER%26amp%3Burl%3Dhttp%3A%2F%2F51.255.70.112%3A8000%2Flive%2Fjohn1234%2Fjohn1234%2F1738.ts%3Bname%3DBAMF+TV%0D&amp;mode=12&amp;sf_options=meta%3Dlabel%253DFox%252BSport%252B2%252BHD%2526title%253DFox%252BSport%252B2%252BHD%26winID%3D10001%26_options_sf&quot;)</favourite>
	<favourite name="Fox Sports 2 bamf 2" thumb="http://genietvcunts.co.uk/bamffff/iptv2.jpg">PlayMedia(&quot;plugin://plugin.video.BAMFTV/?url=plugin%3A%2F%2Fplugin.video.f4mTester%2F%3Fstreamtype%3DTSDOWNLOADER%26amp%3Burl%3Dhttp%3A%2F%2F51.255.70.112%3A8000%2Flive%2Fjohn1234%2Fjohn1234%2F416.ts%3Bname%3DBAMF+TV%0D&amp;mode=12&amp;sf_options=meta%3Dlabel%253DFox%252BSports%252B2%2526title%253DFox%252BSports%252B2%26winID%3D10001%26_options_sf&quot;)</favourite>
	<favourite name="Fox Sports 2 Zem S4" thumb="DefaultFolder.png">PlayMedia(&quot;plugin://plugin.video.ZemTV-shani/?url=aXBib3g6aHR0cDovLzE2My4xNzIuMjIxLjczOjY5NjkvbGl2ZS9pcHR2cmVzdHJlYW0ubmV0Mi89PT53d3cuaXB0dnJlc3RyZWFtLm5ldDw9PS80NS50c3xVc2VyLUFnZW50PWZ1Y2sx&amp;mode=11&amp;name=%5BCOLOR+FF11b500%5DUsa+%7C+fox+sports+2+hd%0D+ipbox%5B%2FCOLOR%5D&amp;sf_options=winID%3D10001%26_options_sf&quot;)</favourite>
</favourites>