<favourites>
	<favourite name="Fox Sports 2 Mic" thumb="https://upload.wikimedia.org/wikipedia/en/2/2b/UKTV_logo.png">PlayMedia(&quot;plugin://plugin.video.mic/?url=plugin%3A%2F%2Fplugin.video.f4mTester%2F%3Fstreamtype%3DHLSRETRY%3Bname%3DFOX+SPORT+2%26url%3Dhttp%3A%2F%2F37.187.139.155%3A8000%2Flive%2Flightwrath%40live.com%2FWatchNow%21%2F515.m3u8&amp;mode=12&amp;iconimage=https%3A%2F%2Fupload.wikimedia.org%2Fwikipedia%2Fen%2F2%2F2b%2FUKTV_logo.png&amp;sf_options=fanart%3Dhttp%3A%2F%2Fwallpapercave.com%2Fwp%2FPaxa7aH.jpg%26meta%3Dlabel%253D%252B%25255BCOLOR%252Borange%25255DFox%252BSport%252B2%252B%25255B%25252FCOLOR%25255D%2526title%253D%252B%25255BCOLOR%252Borange%25255DFox%252BSport%252B2%252B%25255B%25252FCOLOR%25255D%26winID%3D10025%26_options_sf&quot;)</favourite>
	<favourite name="Fox Sports 2 Sanctuary" thumb="https://www.astro.com.my/whats-on/logoimages/ChannelLogo/Pos/813_300.png">PlayMedia(&quot;plugin://plugin.video.sanctuary/?url=plugin%3A%2F%2Fplugin.video.SportsDevil%2F%3Fmode%3D1%26amp%3Bitem%3Dcatcher%253dstreams%2526url%3Dhttp%3A%2F%2Fembedstream.com%2Fsports-fox-sportsusa2-alternate.php%2526referer%3Dhttp%3A%2F%2Fembedstream.com%2Fsports-fox-sportsusa2-alternate.php&amp;mode=1112&amp;sf_options=fanart%3Dhttp%3A%2F%2Fwww.stephen-builds.co.uk%2Fwizard%2Ffanart12.jpg%26meta%3Dlabel%253DFox%252BSports%252B2%2526title%253DFox%252BSports%252B2%26winID%3D10025%26_options_sf&quot;)</favourite>
	<favourite name="Fox Sports 2 Sports" thumb="http://genietvcunts.co.uk/bamffff/iptv1.jpg">PlayMedia(&quot;plugin://plugin.video.sanctuary/?url=plugin%3A%2F%2Fplugin.video.f4mTester%2F%3Fstreamtype%3DTSDOWNLOADER%26amp%3Burl%3Dhttp%3A%2F%2F51.255.70.112%3A8000%2Flive%2FLewis%2FLewis%2F416.ts%3Bname%3DBAMF+TV&amp;mode=1112&amp;sf_options=meta%3Dlabel%253DFox%252BSports%252B2%2526title%253DFox%252BSports%252B2%26winID%3D10025%26_options_sf&quot;)</favourite>
	<favourite name="Fox Sports 2 Mama HD" thumb="http://mamahd.com/images/channels/fox.png">PlayMedia(&quot;plugin://plugin.video.ZemTV-shani/?url=bWFtYWhkOmh0dHA6Ly9tYW1haGQuY29tL2ZveHNwb3J0cy1saXZlLXN0cmVhbS0xLmh0bWw%3D&amp;mode=11&amp;name=FoxSports+2&amp;sf_options=winID%3D10025%26_options_sf&quot;)</favourite>
	<favourite name="[COLOR blue]Fox Sports 2[/COLOR] Live PremierShip" thumb="http://i.imgur.com/dt8n9ax.png">PlayMedia(&quot;plugin://plugin.video.livepremiership/?url=http%3A%2F%2Fpastebin.com%2Fraw%2FXF49HmBW&amp;mode=8&amp;name=%5BCOLOR+blue%5DFox+Sports+2%5B%2FCOLOR%5D&amp;fanart=http%3A%2F%2Fi.imgur.com%2FzaL52nG.png&amp;sf_options=fanart%3Dhttp%3A%2F%2Fi.imgur.com%2FzaL52nG.png%26winID%3D10025%26_options_sf&quot;)</favourite>
	<favourite name="[COLORgreen]ONLINE:[/COLOR]FOX SPORTS 2 Lily Sports" thumb="http://kodeeresurrection.com/LILYSPORTStxts/pngs/FOX%20Sports.jpg">PlayMedia(&quot;plugin://plugin.video.Tigensworld/?url=plugin%3A%2F%2Fplugin.video.SportsDevil%2F%3Fmode%3D1%26amp%3Bitem%3Dcatcher%253dstreams%2526url%3Dhttp%3A%2F%2Fwww.liveonlinetv247.info%2Ffoxsports2.php%2526referer%3Dhttp%3A%2F%2Fwww.liveonlinetv247.info%2Ffoxsports2.php&amp;mode=12&amp;sf_options=fanart%3Dhttp%3A%2F%2Fkodeekrazy.net%2Fprologictexts%2FSKY%2520SPORTS%2520BACKGROUND.jpg%26winID%3D10025%26_options_sf&quot;)</favourite>
	<favourite name="Fox Sports 2 Fido" thumb="DefaultVideo.png">PlayMedia(&quot;plugin://plugin.video.sanctuary/?url=plugin%3A%2F%2Fplugin.video.f4mTester%2F%3Fstreamtype%3DTSDOWNLOADER%3Bname%3DFIDO%26url%3Dhttp%3A%2F%2F37.187.139.155%3A8000%2Flive%2Flightwrath%40live.com%2FWatchNow%21%2F515.ts&amp;mode=1112&amp;sf_options=fanart%3Dhttp%3A%2F%2Ffantazyrepo.uk%2Faddonimages%2Flivetv%2FLiveTV.jpg%26winID%3D10025%26_options_sf&quot;)</favourite>
	<favourite name="Fox Sports 2 Fido HD" thumb="DefaultVideo.png">PlayMedia(&quot;plugin://plugin.video.sanctuary/?url=plugin%3A%2F%2Fplugin.video.f4mTester%2F%3Fstreamtype%3DTSDOWNLOADER%3Bname%3DFIDO%26url%3Dhttp%3A%2F%2F51.254.197.40%3A25461%2Flive%2Fbrennan%2Fbrennan%2F5745.ts&amp;mode=1112&amp;sf_options=fanart%3Dhttp%3A%2F%2Ffantazyrepo.uk%2Faddonimages%2Flivetv%2FLiveTV.jpg%26winID%3D10025%26_options_sf&quot;)</favourite>
	<favourite name="Fox Sports 2 Evolve" thumb="https://www.thelogodb.com/images/media/logo/uxxtrt1433944508.png/medium">PlayMedia(&quot;plugin://plugin.video.Evolve/?url=http%3A%2F%2Fmatsbuilds.uk%2Fjack%2FEvolve%2Fsports.txt&amp;mode=3&amp;name=Fox+Sports+2&amp;description=&amp;iconimage=https%3A%2F%2Fwww.thelogodb.com%2Fimages%2Fmedia%2Flogo%2Fuxxtrt1433944508.png%2Fmedium&amp;sf_options=fanart%3Dhttp%3A%2F%2F1.bp.blogspot.com%2F-A3awc9Qyiu0%2FVUulsS5vEhI%2FAAAAAAAAAtw%2Fzs1wTojdCSI%2Fs640%2Ffoxsports.jpg%26winID%3D10025%26_options_sf&quot;)</favourite>
	<favourite name="Fox Sports 2 Bamf" thumb="DefaultVideo.png">PlayMedia(&quot;plugin://plugin.video.BAMFTV/?url=plugin%3A%2F%2Fplugin.video.f4mTester%2F%3Fstreamtype%3DTSDOWNLOADER%26amp%3Burl%3Dhttp%3A%2F%2Fmediaiptv.xyz%3A8000%2Flive%2FBoZeGa6zE4%2F2207%2F1738.ts%3Bname%3DBAMF+TV&amp;mode=12&amp;sf_options=winID%3D10025%26_options_sf&quot;)</favourite>
</favourites>