<favourites>
	<favourite name="CBeebies - Freeview 720p" thumb="https://assets.tvplayer.com/common/logos/256/Inverted/114.png">PlayMedia(&quot;plugin://plugin.video.freeview/?url=http%3A%2F%2Fvs-hls-uk-live.edgesuite.net%2Fpool_2%2Flive%2Fcbeebies_hd%2Fcbeebies_hd.isml%2Fcbeebies_hd-pa4%253d128000-video%253d5070000.m3u8&amp;mode=1&amp;name=CBeebies+HD&amp;sf_options=fanart%3Dspecial%3A%2F%2Fhome%2Faddons%2Fplugin.video.freeview%2Ffanart.jpg%26winID%3D10025%26_options_sf&quot;)</favourite>
	<favourite name="CBeebies - BBC iPlayer" thumb="https://assets.tvplayer.com/common/logos/256/Inverted/114.png">PlayMedia(&quot;plugin://plugin.video.freeview/?url=http%3A%2F%2Fvs-hls-uk-live.edgesuite.net%2Fpool_2%2Flive%2Fcbeebies_hd%2Fcbeebies_hd.isml%2Fcbeebies_hd-pa4%253d128000-video%253d5070000.m3u8&amp;mode=1&amp;name=CBeebies+HD+%7C+BBC+iPlayer&amp;sf_options=fanart%3Dspecial%3A%2F%2Fhome%2Faddons%2Fplugin.video.freeview%2Ffanart.jpg%26winID%3D10025%26_options_sf&quot;)</favourite>
	<favourite name="CBeebies - FilmOn" thumb="https://assets.tvplayer.com/common/logos/256/Inverted/114.png">PlayMedia(&quot;plugin://plugin.video.freeview/?url=https%3A%2F%2Fwww.filmon.com%2Ftv%2Fcbeebies&amp;mode=1&amp;name=CBeebies+%7C+FilmOn&amp;sf_options=fanart%3Dspecial%3A%2F%2Fhome%2Faddons%2Fplugin.video.freeview%2Ffanart.jpg%26winID%3D10025%26_options_sf&quot;)</favourite>
	<favourite name="CBeebies - TVPlayer" thumb="https://assets.tvplayer.com/common/logos/256/Inverted/114.png">PlayMedia(&quot;plugin://plugin.video.freeview/?url=114&amp;mode=2&amp;name=CBeebies+%7C+TVPlayer&amp;sf_options=fanart%3Dspecial%3A%2F%2Fhome%2Faddons%2Fplugin.video.freeview%2Ffanart.jpg%26winID%3D10025%26_options_sf&quot;)</favourite>
</favourites>