<favourites>
	<favourite name="[COLOR aqua] Sportsnet West - Android Kodi 16/17[/COLOR] MIC Sports Central" thumb="http://i438.photobucket.com/albums/qq102/krazykraz/SN-WEST.png">PlayMedia(&quot;plugin://plugin.video.mic/?url=http%3A%2F%2Fnlds189.cdnak.neulion.com%2Fnlds%2Fsportsnetnow%2Fsn_west%2Fas%2Flive%2Fsn_west_hd_1200_ipad.m3u8&amp;mode=12&amp;sf_options=fanart%3Dhttp%3A%2F%2Fgamerlimit.com%2Fwp-content%2Fuploads%2F2016%2F04%2Foriginal.jpg%26winID%3D10025%26_options_sf&quot;)</favourite>
	<favourite name="[COLOR orange] Sportsnet West - Android Kodi 16[/COLOR] MIC Sports Central" thumb="http://i438.photobucket.com/albums/qq102/krazykraz/SN-WEST.png">PlayMedia(&quot;plugin://plugin.video.mic/?url=http%3A%2F%2Fnlds189.cdnak.neulion.com%2Fnlds%2Fsportsnetnow%2Fsn_west%2Fas%2Flive%2Fsn_west_hd_ipad.m3u8&amp;mode=12&amp;sf_options=fanart%3Dhttp%3A%2F%2Fgamerlimit.com%2Fwp-content%2Fuploads%2F2016%2F04%2Foriginal.jpg%26winID%3D10025%26_options_sf&quot;)</favourite>
	<favourite name="Sportsnet West HD zem S2" thumb="DefaultFolder.png">PlayMedia(&quot;plugin://plugin.video.ZemTV-shani/?url=aXBib3g6aHR0cDovL2lwdHYubW9ua2V5Y2xpbmUuY29tOjI1NDYxL2xpdmUvamFzbmUvamFzbmUvOTQwMC50c3xVc2VyLUFnZW50PVZMQy8yLjMuMSBMaWJWTEMvMi4yLjE3JkljeS1NZXRhRGF0YT0x&amp;mode=11&amp;name=%5BCOLOR+FF11b500%5D%2Acan%3Asportsnet+west+hd%0D+ipbox%5B%2FCOLOR%5D&amp;sf_options=winID%3D10025%26_options_sf&quot;)</favourite>
	<favourite name="[COLOR limegreen]Sportsnet West[/COLOR] Vidtime" thumb=" ">PlayMedia(&quot;http://nlds189.cdnak.neulion.com/nlds/sportsnetnow/sn_west/as/live/sn_west_hd.m3u8|User-Agent=Mozilla/5.0 (Linux; Android 4.0.4; Galaxy Nexus Build/IMM76B) AppleWebKit/535.19 (KHTML, like Gecko) Chrome/18.0.1025.133 Mobile Safari/535.19&quot;?sf_options=fanart%3Dhttp%3A%2F%2Fs20.postimg.org%2Fdoltr1fu5%2FVTTVBackground.png%26winID%3D10025%26_options_sf&quot;)</favourite>
	<favourite name="Sportsnet West HD oblivion S1" thumb="http://oblivionbuilds.com/Oblivionlogo.png">PlayMedia(&quot;plugin://plugin.video.sanctuary/?url=plugin%3A%2F%2Fplugin.video.f4mTester%2F%3Fstreamtype%3DTSDOWNLOADER%26amp%3Burl%3Dhttp%3A%2F%2Fiptv.monkeycline.com%3A25461%2Flive%2Fwilson%2Fwilson%2F9400.ts%3Bname%3DOblivion+TV&amp;mode=906&amp;regexs=&amp;setCookie=&amp;sf_options=meta%3Dlabel%253D%25252ACAN%25253ASportsnet%252BWest%252BHD%2526title%253D%25252ACAN%25253ASportsnet%252BWest%252BHD%26winID%3D10025%26_options_sf&quot;)</favourite>
	<favourite name="Sportsnet West ANDROID ONLY Fido" thumb="http://i438.photobucket.com/albums/qq102/krazykraz/SN-WEST.png">PlayMedia(&quot;plugin://plugin.video.sanctuary/?url=http%3A%2F%2Fnlds189.cdnak.neulion.com%2Fnlds%2Fsportsnetnow%2Fsn_west%2Fas%2Flive%2Fsn_west_hd_ipad.m3u8&amp;mode=1112&amp;sf_options=fanart%3Dhttp%3A%2F%2Ffantazyrepo.uk%2Faddonimages%2Flivetv%2FLiveTV.jpg%26winID%3D10025%26_options_sf&quot;)</favourite>
</favourites>