<favourites>
	<favourite name="[COLOR blue][B]PREMIER[/COLOR][COLOR red] SPORTS[/COLOR][/B][COLOR white] [576p][/COLOR] - Evolve - 25/08/2016" thumb="http://i.imgur.com/BuuhD16.png">PlayMedia(&quot;plugin://plugin.video.Evolve/?url=plugin%3A%2F%2Fplugin.video.f4mTester%2F%3Furl%3Dhttp%3A%2F%2Fcp.dmbshare.net%3A8000%2Flive%2Fserkan%2Fserkan%2F2790.ts%26amp%3Bstreamtype%3DTSDOWNLOADER%26amp%3Bname%3DPREMIER+SPORTS%28PREMIER+SPORTS+576p%29&amp;mode=2&amp;name=%5BCOLOR+blue%5D%5BB%5DPREMIER%5B%2FCOLOR%5D%5BCOLOR+red%5D+SPORTS%5B%2FCOLOR%5D%5B%2FB%5D%5BCOLOR+white%5D+%5B576p%5D%5B%2FCOLOR%5D&amp;description=&amp;fanart=http%3A%2F%2Fi.imgur.com%2FBuuhD16.png&amp;sf_options=fanart%3Dhttp%3A%2F%2Fi.imgur.com%2FBuuhD16.png%26meta%3Dlabel%253D%25255BCOLOR%252Bblue%25255D%25255BB%25255DPREMIER%25255B%25252FCOLOR%25255D%25255BCOLOR%252Bred%25255D%252BSPORTS%25255B%25252FCOLOR%25255D%25255B%25252FB%25255D%25255BCOLOR%252Bwhite%25255D%252B%25255B576p%25255D%25255B%25252FCOLOR%25255D%26winID%3D10025%26_options_sf&quot;)</favourite>
	<favourite name="[COLOR white]Premier Sports[/COLOR]" thumb="http://www.lyngsat-logo.com/logo/tv/pp/premier_sports.png ">PlayMedia(&quot;plugin://plugin.video.VidTime/?url=http%3A%2F%2Fwww.liveonlinetv247.info%2Fpremiersports.php&amp;icon=http%3A%2F%2Fwww.lyngsat-logo.com%2Flogo%2Ftv%2Fpp%2Fpremier_sports.png+&amp;mode=ONTV&amp;name=%5BCOLOR+white%5DPremier+Sports%5B%2FCOLOR%5D&amp;sf_options=fanart%3Dhttp%3A%2F%2Fs5.postimg.org%2Faby4q1mvb%2Funited_kingdom_flag_16_cool_background.jpg%26winID%3D10025%26_options_sf&quot;)</favourite>
	<favourite name="Premier Sports sanctuary 20/11/2016" thumb="http://www.wheresthematch.com/images/newchannels/sm_premiersportshd.gif">PlayMedia(&quot;plugin://plugin.video.sanctuary/?url=plugin%3A%2F%2Fplugin.video.f4mTester%2F%3Fstreamtype%3DTSDOWNLOADER%26url%3Dhttp%3A%2F%2F151.80.29.203%3A9900%2Flive%2F3month%2F3month%2F10063.ts%26streamtype%3D.TSDOWNLOADER%3Bname%3DPremier+HD&amp;mode=1112&amp;sf_options=fanart%3Dspecial%3A%2F%2Fhome%2Faddons%2Fplugin.video.sanctuary%2Ffanart.jpg%26winID%3D10025%26_options_sf&quot;)</favourite>
	<favourite name="Premier Sports HD sanctuary 24/11/2016" thumb="http://www.wheresthematch.com/images/newchannels/sm_premiersportshd.gif">PlayMedia(&quot;plugin://plugin.video.sanctuary/?url=plugin%3A%2F%2Fplugin.video.f4mTester%2F%3Fstreamtype%3DTSDOWNLOADER%26url%3Dhttp%3A%2F%2Fgo.teamexpat.ninja%2Flive%2Fjimmymyra%40hotmail.com%2Fpepperdog8%2F2282.ts%26streamtype%3D.TSDOWNLOADER%3Bname%3DPremier+HD&amp;mode=1112&amp;sf_options=fanart%3Dspecial%3A%2F%2Fhome%2Faddons%2Fplugin.video.sanctuary%2Ffanart.jpg%26winID%3D10025%26_options_sf&quot;)</favourite>
	<favourite name="Premier Sports HD bamf Sports 30/11/2016" thumb="DefaultVideo.png">PlayMedia(&quot;plugin://plugin.video.sanctuary/?url=plugin%3A%2F%2Fplugin.video.f4mTester%2F%3Fstreamtype%3DTSDOWNLOADER%26amp%3Burl%3Dhttp%3A%2F%2F37.187.25.213%3A8000%2Flive%2Fnicolas%2Fnicolas%2F364.ts%3Bname%3DBAMF+TV&amp;mode=1112&amp;sf_options=winID%3D10025%26_options_sf&quot;)</favourite>
	<favourite name="Premier Sports HD bamf 30/11/2016" thumb="https://www.dropbox.com/s/velmnh6ocrxhj0l/icon.png?dl=1">PlayMedia(&quot;plugin://plugin.video.sanctuary/?url=plugin%3A%2F%2Fplugin.video.f4mTester%2F%3Fstreamtype%3DTSDOWNLOADER%26amp%3Burl%3Dhttp%3A%2F%2Fipsatpro.com%3A8000%2Flive%2Fmik%2Fmik%2F513.ts%3Bname%3DBAMF+TV&amp;mode=1112&amp;sf_options=winID%3D10025%26_options_sf&quot;)</favourite>
	<favourite name="[COLORgreen][B]•[/COLOR][/B]Premiere Sport oblivion 30/11/2016" thumb="http://oblivionbuilds.com/Oblivionlogo.png">PlayMedia(&quot;plugin://plugin.video.sanctuary/?url=plugin%3A%2F%2Fplugin.video.f4mTester%2F%3Fstreamtype%3DTSDOWNLOADER%26amp%3Burl%3Dhttp%3A%2F%2Flive.softiptv.com%3A9900%2Flive%2F3month%2F3month%2F20586.ts%3Bname%3DOblivion+TV&amp;mode=1112&amp;sf_options=winID%3D10025%26_options_sf&quot;)</favourite>
	<favourite name="[COLORgreen][B]•[/COLOR][/B]Premier Sports oblivion s1 01/12/2016" thumb="http://oblivionbuilds.com/Oblivionlogo.png">PlayMedia(&quot;plugin://plugin.video.sanctuary/?url=plugin%3A%2F%2Fplugin.video.f4mTester%2F%3Fstreamtype%3DTSDOWNLOADER%26amp%3Burl%3Dhttp%3A%2F%2F164.132.182.253%3A22921%2Flive%2FMiguel%2Fskype%2F341.ts%26amp%3Bname%3DOblivion+TV&amp;mode=1112&amp;sf_options=winID%3D10025%26_options_sf&quot;)</favourite>
	<favourite name="Premier Sports evolve 02/12/2016" thumb="http://matsbuilds.uk/pics/newevolveicons/sports.PNG">PlayMedia(&quot;plugin://plugin.video.Evolve/?url=http%3A%2F%2Fiptvch.selfip.info%2Flive%2Fsayed%2Fsayed%2F313.ts%0D&amp;mode=2&amp;name=Premier+Sports%0D&amp;description=&amp;iconimage=http%3A%2F%2Fmatsbuilds.uk%2Fpics%2Fnewevolveicons%2Fsports.PNG&amp;sf_options=fanart%3Dhttps%3A%2F%2Fsuperrepo.org%2Fstatic%2Fimages%2Ffanart%2Foriginal%2Fplugin.video.LiveTV.jpg%26winID%3D10025%26_options_sf&quot;)</favourite>
	<favourite name="Premier Sports zem 02/12/2016" thumb="DefaultFolder.png">PlayMedia(&quot;plugin://plugin.video.ZemTV-shani/?url=aXBib3g6aHR0cDovL0lQVFZGUkVFMS5DT006Njk2OS9saXZlLz09Pl93d3cuaXB0dnJlc3RyZWFtLm5ldF88PT0vPT0%2BX3d3dy5pcHR2cmVzdHJlYW0ubmV0Xzw9PS8xNDI3LnRzfFVzZXItQWdlbnQ9c2ZkZ2Zld2VmZ2h0ZnJkZXM%3D&amp;mode=11&amp;name=%5BCOLOR+FF11b500%5DUk+premier+sports+hd%0D+ipbox%5B%2FCOLOR%5D&amp;sf_options=winID%3D10025%26_options_sf&quot;)</favourite>
</favourites>