<favourites>
	<favourite name="Sky Atlantic mic 25/11/2016" thumb="https://upload.wikimedia.org/wikipedia/en/2/2b/UKTV_logo.png">PlayMedia(&quot;plugin://plugin.video.mic/?url=plugin%3A%2F%2Fplugin.video.f4mTester%2F%3Fstreamtype%3DTSDOWNLOADER%3Bname%3DSKY+ATLANTIC%26url%3Dhttp%3A%2F%2F37.187.139.155%3A8000%2Flive%2Flightwrath%40live.com%2FWatchNow%21%2F565.ts&amp;mode=12&amp;sf_options=fanart%3Dhttp%3A%2F%2Fwallpapercave.com%2Fwp%2FPaxa7aH.jpg%26winID%3D10001%26_options_sf&quot;)</favourite>
	<favourite name="Sky Atlantic zem S4" thumb="DefaultFolder.png">PlayMedia(&quot;plugin://plugin.video.ZemTV-shani/?url=aXBib3g6aHR0cDovL0lQVFZGUkVFMS5DT006Njk2OS9saXZlLz09Pl93d3cuaXB0dnJlc3RyZWFtLm5ldF88PT0vPT0%2BX3d3dy5pcHR2cmVzdHJlYW0ubmV0Xzw9PS80NDQ3LnRzfFVzZXItQWdlbnQ9aXB0dnJlc3RyZWFtLm5ldDE%3D&amp;mode=11&amp;name=%5BCOLOR+FF11b500%5DUk%3A+sky+atlantic++1%0D+ipbox%5B%2FCOLOR%5D&amp;sf_options=winID%3D10001%26_options_sf&quot;)</favourite>
	<favourite name="Sky Atlantic sanctuary" thumb="https://celebritaindotnet.files.wordpress.com/2015/02/the-last-panthers.jpg">PlayMedia(&quot;plugin://plugin.video.sanctuary/?url=plugin%3A%2F%2Fplugin.video.SportsDevil%2F%3Fmode%3D1%26amp%3Bitem%3Dcatcher%253dstreams%2526url%3Dhttp%3A%2F%2Fwww.liveonlinetv247.info%2Fembed%2Fskyatlantic.php%2526referer%3Dhttp%3A%2F%2Fwww.liveonlinetv247.info%2Fembed%2Fskyatlantic.php&amp;mode=906&amp;regexs=&amp;setCookie=&amp;sf_options=fanart%3Dspecial%3A%2F%2Fhome%2Faddons%2Fplugin.video.sanctuary%2Ffanart.jpg%26winID%3D10001%26_options_sf&quot;)</favourite>
	<favourite name="Sky Atlantic oblivion S1" thumb="http://oblivionbuilds.com/Oblivionlogo.png">PlayMedia(&quot;plugin://plugin.video.sanctuary/?url=plugin%3A%2F%2Fplugin.video.f4mTester%2F%3Fstreamtype%3DTSDOWNLOADER%26amp%3Burl%3Dhttp%3A%2F%2F51.254.197.40%3A25461%2Flive%2Fhastings%2Fhastings%2F1815.ts%3Bname%3DOblivion+TV&amp;mode=906&amp;regexs=&amp;setCookie=&amp;sf_options=meta%3Dlabel%253DSky%252BAtlantic%2526title%253DSky%252BAtlantic%26winID%3D10001%26_options_sf&quot;)</favourite>
	<favourite name="Sky Atlantic bamf IPTV" thumb="http://genietvcunts.co.uk/bamffff/14996309_10209473377528524_434205708_n.jpg">PlayMedia(&quot;plugin://plugin.video.sanctuary/?url=plugin%3A%2F%2Fplugin.video.f4mTester%2F%3Fstreamtype%3DTSDOWNLOADER%26amp%3Burl%3Dhttp%3A%2F%2F51.254.197.40%3A25461%2Flive%2Fscott%2Fscott%2F1815.ts%3Bname%3DBAMF+TV&amp;mode=906&amp;regexs=&amp;setCookie=&amp;sf_options=meta%3Dlabel%253D%25252CSky%252BAtlantic%2526title%253D%25252CSky%252BAtlantic%26winID%3D10001%26_options_sf&quot;)</favourite>
	<favourite name="Sky Atlantic Ireland TVone" thumb="special://home/addons/plugin.video.SportsDevil-2016.30.30/resources/images/folder.png">PlayMedia(&quot;plugin://plugin.video.SportsDevil/?item=catcher%3dstreams%26title%3dSky%2bAtlantic%2bIreland%26url%3dmpd%253A%252F%252Feabd32acc39d4bd72a4ad687090aef8f.m3u8%26cfg%3dtvone1.tv.cfg%2540Streams%2540Channels%26videoTitle%3dSky%2bAtlantic%2bIreland%26director%3dtvone1.tv%26genre%3dLive%2bTV%26referer%3dmpd%253A%252F%252Feabd32acc39d4bd72a4ad687090aef8f.m3u8%26definedIn%3dtvone1.tv.cfg%26type%3drss&amp;mode=1&amp;sf_options=fanart%3Dspecial%3A%2F%2Fhome%2Faddons%2Fplugin.video.SportsDevil-2016.30.30%2Ffanart.jpg%26meta%3Dgenre%253DLive%252BTV%2526director%253Dtvone1.tv%2526label%253DSky%252BAtlantic%252BIreland%2526title%253DSky%252BAtlantic%252BIreland%26winID%3D10001%26_options_sf&quot;)</favourite>
</favourites>