<favourites>
	<favourite name="Really - FilmOn" thumb="https://assets.tvplayer.com/common/logos/256/Inverted/306.png">PlayMedia(&quot;plugin://plugin.video.freeview/?url=http%3A%2F%2Fwww.filmon.tv%2Ftv%2Freally&amp;mode=1&amp;name=Really+%7C+FilmOn&amp;sf_options=fanart%3Dspecial%3A%2F%2Fhome%2Faddons%2Fplugin.video.freeview%2Ffanart.jpg%26winID%3D10025%26_options_sf&quot;)</favourite>
	<favourite name="Really - TVPlayer" thumb="https://assets.tvplayer.com/common/logos/256/Inverted/306.png">PlayMedia(&quot;plugin://plugin.video.freeview/?url=306&amp;mode=2&amp;name=Really+%7C+TVPlayer&amp;sf_options=fanart%3Dspecial%3A%2F%2Fhome%2Faddons%2Fplugin.video.freeview%2Ffanart.jpg%26winID%3D10025%26_options_sf&quot;)</favourite>
	<favourite name="Really Fido" thumb="https://assets.tvplayer.com/common/logos/256/Inverted/306.png">PlayMedia(&quot;plugin://plugin.video.sanctuary/?url=plugin%3A%2F%2Fplugin.video.f4mTester%2F%3Fstreamtype%3DTSDOWNLOADER%3Bname%3DFIDO%26url%3Dhttp%3A%2F%2F37.187.139.155%3A8000%2Flive%2Flightwrath%40live.com%2FWatchNow%21%2F557.ts&amp;mode=1112&amp;sf_options=fanart%3Dhttp%3A%2F%2Ffantazyrepo.uk%2Faddonimages%2Flivetv%2FLiveTV.jpg%26winID%3D10025%26_options_sf&quot;)</favourite>
	<favourite name="En: really (uk) Zem" thumb="http://tv.solidiptv.com:25461/images/loogo/really.png">PlayMedia(&quot;plugin://plugin.video.ZemTV-shani/?url=bmV0d29ya3R2MjozNDQw&amp;mode=11&amp;name=En%3A+really+%28uk%29&amp;sf_options=winID%3D10025%26_options_sf&quot;)</favourite>
</favourites>