<favourites>
	<favourite name="Bein Sports 1 bamf Sports" thumb="http://genietvcunts.co.uk/bamffff/14996309_10209473377528524_434205708_n.jpg">PlayMedia(&quot;plugin://plugin.video.sanctuary/?url=plugin%3A%2F%2Fplugin.video.f4mTester%2F%3Fstreamtype%3DTSDOWNLOADER%26amp%3Burl%3Dhttp%3A%2F%2Fiptvch.selfip.info%2Flive%2Fsayed%2Fsayed%2F932.ts%3Bname%3DBAMF+TV&amp;mode=906&amp;regexs=&amp;setCookie=&amp;sf_options=winID%3D10025%26_options_sf&quot;)</favourite>
	<favourite name="Bein Sports 1 sanctuary" thumb="https://1.bp.blogspot.com/-MldJki10Ub4/Vv1vev51ipI/AAAAAAAAAJo/5czltdj52T4MmXtfxPMiwN9rC-qiwEYNQ/s1600/image%2Blogo%2BBeIN%2BSport%2B1%2BEutelsat%2B5%2Bchannel%2Btv.png">PlayMedia(&quot;plugin://plugin.video.sanctuary/?url=plugin%3A%2F%2Fplugin.video.SportsDevil%2F%3Fmode%3D1%26amp%3Bitem%3Dcatcher%253dstreams%2526url%3Dhttp%3A%2F%2Fwww.shadow-net.org%2Fchannels%2FBein-Sports-1.html%2526referer%3Dhttp%3A%2F%2Fwww.shadow-net.org%2Fchannels%2FBein-Sports-1.html&amp;mode=906&amp;regexs=&amp;setCookie=&amp;sf_options=fanart%3Dspecial%3A%2F%2Fhome%2Faddons%2Fplugin.video.sanctuary%2Ffanart.jpg%26winID%3D10025%26_options_sf&quot;)</favourite>
	<favourite name="Bein Sports 1 HD Evolve Sports" thumb="http://matsbuilds.uk/pics/newevolveicons/sports.PNG">PlayMedia(&quot;plugin://plugin.video.Evolve/?url=http%3A%2F%2Fiptvch.selfip.info%2Flive%2Fsayed%2Fsayed%2F1562.ts%0D&amp;mode=2&amp;name=BEINSPORT+1+HD+%21%21%21%0D&amp;description=&amp;iconimage=http%3A%2F%2Fmatsbuilds.uk%2Fpics%2Fnewevolveicons%2Fsports.PNG&amp;sf_options=fanart%3Dhttps%3A%2F%2Fsuperrepo.org%2Fstatic%2Fimages%2Ffanart%2Foriginal%2Fplugin.video.LiveTV.jpg%26winID%3D10025%26_options_sf&quot;)</favourite>
	<favourite name="Bein Sports 1 UHD Evolve Sports" thumb="http://matsbuilds.uk/pics/newevolveicons/sports.PNG">PlayMedia(&quot;plugin://plugin.video.Evolve/?url=http%3A%2F%2Fiptvch.selfip.info%2Flive%2Fsayed%2Fsayed%2F3544.ts%0D&amp;mode=2&amp;name=BEINSPORT+1+UHD+%21%21%21%0D&amp;description=&amp;iconimage=http%3A%2F%2Fmatsbuilds.uk%2Fpics%2Fnewevolveicons%2Fsports.PNG&amp;sf_options=fanart%3Dhttps%3A%2F%2Fsuperrepo.org%2Fstatic%2Fimages%2Ffanart%2Foriginal%2Fplugin.video.LiveTV.jpg%26winID%3D10025%26_options_sf&quot;)</favourite>
	<favourite name="Bein Sports 1 Evolve Sports" thumb="http://matsbuilds.uk/pics/newevolveicons/sports.PNG">PlayMedia(&quot;plugin://plugin.video.Evolve/?url=http%3A%2F%2Fiptvch.selfip.info%2Flive%2Fsayed%2Fsayed%2F2046.ts%0D&amp;mode=2&amp;name=BEINSPORT+1+HD%0D&amp;description=&amp;iconimage=http%3A%2F%2Fmatsbuilds.uk%2Fpics%2Fnewevolveicons%2Fsports.PNG&amp;sf_options=fanart%3Dhttps%3A%2F%2Fsuperrepo.org%2Fstatic%2Fimages%2Ffanart%2Foriginal%2Fplugin.video.LiveTV.jpg%26winID%3D10025%26_options_sf&quot;)</favourite>
	<favourite name="Bein Sports 1 zem S2" thumb="DefaultFolder.png">PlayMedia(&quot;plugin://plugin.video.ZemTV-shani/?url=aXBib3g6aHR0cDovL2lwdHYubW9ua2V5Y2xpbmUuY29tOjI1NDYxL2xpdmUvamFzbmUvamFzbmUvMTcyOS50c3xVc2VyLUFnZW50PVZMQy8yLjMuMSBMaWJWTEMvMi4yLjE3JkljeS1NZXRhRGF0YT0x&amp;mode=11&amp;name=%5BCOLOR+FF11b500%5DBein+sport+1+hd%0D+ipbox%5B%2FCOLOR%5D&amp;sf_options=winID%3D10025%26_options_sf&quot;)</favourite>
	<favourite name="Bein Sports 1 bamf IPTV" thumb="DefaultVideo.png">PlayMedia(&quot;plugin://plugin.video.sanctuary/?url=plugin%3A%2F%2Fplugin.video.f4mTester%2F%3Fstreamtype%3DTSDOWNLOADER%26amp%3Burl%3Dhttp%3A%2F%2F51.254.197.40%3A25461%2Flive%2Fscott%2Fscott%2F1729.ts%3Bname%3DBAMF+TV&amp;mode=906&amp;regexs=&amp;setCookie=&amp;sf_options=winID%3D10025%26_options_sf&quot;)</favourite>
</favourites>