<favourites>
	<favourite name="Bein Sports 1 TVOne" thumb="special://home/addons/plugin.video.SportsDevil-2016.30.30/resources/images/folder.png">PlayMedia(&quot;plugin://plugin.video.SportsDevil/?item=catcher%3dstreams%26title%3dBein%2bSports%2b1%26url%3dmpd%253A%252F%252F093bace1b3ab30f0f81062517cbd041b.m3u8%26cfg%3dtvone1.tv.cfg%2540Streams%2540Sports%26videoTitle%3dBein%2bSports%2b1%26director%3dtvone1.tv%26genre%3dLive%2bTV%26referer%3dmpd%253A%252F%252F093bace1b3ab30f0f81062517cbd041b.m3u8%26definedIn%3dtvone1.tv.cfg%26type%3drss&amp;mode=1&amp;sf_options=fanart%3Dspecial%3A%2F%2Fhome%2Faddons%2Fplugin.video.SportsDevil-2016.30.30%2Ffanart.jpg%26meta%3Dgenre%253DLive%252BTV%2526director%253Dtvone1.tv%2526label%253DBein%252BSports%252B1%2526title%253DBein%252BSports%252B1%26winID%3D10025%26_options_sf&quot;)</favourite>
	<favourite name="[COLOR purple]Bein Sports 1[/COLOR] Evolve" thumb="http://matsbuilds.uk/pics/evolvecatview/Sports.png">PlayMedia(&quot;plugin://plugin.video.Evolve/?url=http%3A%2F%2Fmatsbuilds.uk%2FGoliathLists%2FBeinSports.xml&amp;mode=3&amp;name=%5BCOLOR+purple%5DBein+Sports+1%5B%2FCOLOR%5D&amp;description=&amp;iconimage=http%3A%2F%2Fmatsbuilds.uk%2Fpics%2Fevolvecatview%2FSports.png&amp;sf_options=fanart%3Dfanart%26winID%3D10025%26_options_sf&quot;)</favourite>
	<favourite name="Bein Sports 1 Sanctuary" thumb="https://1.bp.blogspot.com/-MldJki10Ub4/Vv1vev51ipI/AAAAAAAAAJo/5czltdj52T4MmXtfxPMiwN9rC-qiwEYNQ/s1600/image%2Blogo%2BBeIN%2BSport%2B1%2BEutelsat%2B5%2Bchannel%2Btv.png">PlayMedia(&quot;plugin://plugin.video.sanctuary/?url=plugin%3A%2F%2Fplugin.video.SportsDevil%2F%3Fmode%3D1%26amp%3Bitem%3Dcatcher%253dstreams%2526url%3Dhttp%3A%2F%2Fwww.shadow-net.org%2Fchannels%2FBein-Sports-1.html%2526referer%3Dhttp%3A%2F%2Fwww.shadow-net.org%2Fchannels%2FBein-Sports-1.html&amp;mode=1112&amp;sf_options=fanart%3Dhttp%3A%2F%2Fwww.stephen-builds.co.uk%2Fwizard%2Ffanart12.jpg%26meta%3Dlabel%253DBein-Sports-1%2526title%253DBein-Sports-1%26winID%3D10025%26_options_sf&quot;)</favourite>
	<favourite name="BEIN SPORTS 1 Bamf" thumb="http://genietvcunts.co.uk/bamffff/iptv1.jpg">PlayMedia(&quot;plugin://plugin.video.sanctuary/?url=plugin%3A%2F%2Fplugin.video.f4mTester%2F%3Fstreamtype%3DTSDOWNLOADER%26amp%3Burl%3Dhttp%3A%2F%2F51.255.70.112%3A8000%2Flive%2FLewis%2FLewis%2F2061.ts%3Bname%3DBAMF+TV&amp;mode=1112&amp;sf_options=winID%3D10025%26_options_sf&quot;)</favourite>
</favourites>