<favourites>
	<favourite name="Arena Sport 2 zem S2" thumb="DefaultFolder.png">PlayMedia(&quot;plugin://plugin.video.ZemTV-shani/?url=aXBib3g6aHR0cDovL2lwdHYubW9ua2V5Y2xpbmUuY29tOjI1NDYxL2xpdmUvamFzbmUvamFzbmUvNjE2My50c3xVc2VyLUFnZW50PVZMQy8yLjMuMSBMaWJWTEMvMi4yLjE3JkljeS1NZXRhRGF0YT0x&amp;mode=11&amp;name=%5BCOLOR+FF11b500%5D%7Cal%7C+arena+sport+2+hd+hr%0D+ipbox%5B%2FCOLOR%5D&amp;sf_options=winID%3D10001%26_options_sf&quot;)</favourite>
	<favourite name="ARENA SPORT 2 bamf Sports" thumb="http://genietvcunts.co.uk/bamffff/14996309_10209473377528524_434205708_n.jpg">PlayMedia(&quot;plugin://plugin.video.sanctuary/?url=plugin%3A%2F%2Fplugin.video.f4mTester%2F%3Fstreamtype%3DTSDOWNLOADER%26amp%3Burl%3Dhttp%3A%2F%2F163.172.77.155%3A8000%2Flive%2Fiptv825%2F63145%2F91.ts&amp;mode=906&amp;regexs=&amp;setCookie=&amp;sf_options=winID%3D10001%26_options_sf&quot;)</favourite>
	<favourite name="[COLOR FF11b500]Arena Sport 2 ipbox[/COLOR]" thumb="DefaultFolder.png">PlayMedia(&quot;plugin://plugin.video.ZemTV-shani/?url=aXBib3g6aHR0cDovL2lwdHYubW9ua2V5Y2xpbmUuY29tOjI1NDYxL2xpdmUvamFzbmUvamFzbmUvODg0Mi50c3xVc2VyLUFnZW50PVZMQy8yLjMuMSBMaWJWTEMvMi4yLjE3JkljeS1NZXRhRGF0YT0x&amp;mode=11&amp;name=%5BCOLOR+FF11b500%5DArena+sport+2%0D+ipbox%5B%2FCOLOR%5D&amp;sf_options=meta%3Dlabel%253D%25255BCOLOR%252BFF11b500%25255DArena%252Bsport%252B2%25250D%252Bipbox%25255B%25252FCOLOR%25255D%2526title%253D%25255BCOLOR%252BFF11b500%25255DArena%252Bsport%252B2%25250D%252Bipbox%25255B%25252FCOLOR%25255D%26winID%3D10001%26_options_sf&quot;)</favourite>
	<favourite name="Arena Sport 2 TVone" thumb="special://home/addons/plugin.video.SportsDevil-2016.30.30/resources/images/folder.png">PlayMedia(&quot;plugin://plugin.video.SportsDevil/?item=catcher%3dstreams%26title%3dArena%2b2%26url%3dmpd%253A%252F%252F9fc113e3cb65d67185903645c5a7d77b.m3u8%26cfg%3dtvone1.tv.cfg%2540Streams%2540Sports%26videoTitle%3dArena%2b2%26director%3dtvone1.tv%26genre%3dLive%2bTV%26referer%3dmpd%253A%252F%252F9fc113e3cb65d67185903645c5a7d77b.m3u8%26definedIn%3dtvone1.tv.cfg%26type%3drss&amp;mode=1&amp;sf_options=fanart%3Dspecial%3A%2F%2Fhome%2Faddons%2Fplugin.video.SportsDevil-2016.30.30%2Ffanart.jpg%26meta%3Dgenre%253DLive%252BTV%2526director%253Dtvone1.tv%2526label%253DArena%252B2%2526title%253DArena%252B2%26_options_sf&quot;)</favourite>
</favourites>