<favourites>
	<favourite name="ITVBe - Vidtime- 12/08/2016" thumb="http://rapidiptv.com/images/picons/itv.png">PlayMedia(&quot;plugin://plugin.video.f4mTester/?url=http://cdn04.selling-team.net:8000/live/dblack/dblack/10364.ts&amp;streamtype=TSDOWNLOADER&amp;name=ITV BE&amp;sf_options=fanart%3Dhttp%3A%2F%2Fs20.postimg.org%2Fdoltr1fu5%2FVTTVBackground.png%26meta%3Dlabel%253D%25255BCOLOR%252Borange%25255DITV%252BBE%252B%25255B%25252FCOLOR%25255D%26winID%3D10025%26_options_sf&quot;)</favourite>
	<favourite name="ITVBe - FilmOn" thumb="special://home/addons/plugin.video.freeview/resources/logos/itvbe.png">PlayMedia(&quot;plugin://plugin.video.freeview/?url=http%3A%2F%2Fwww.filmon.com%2Ftv%2Fitvbe&amp;mode=1&amp;name=ITVBe+%7C+FilmOn&amp;sf_options=fanart%3Dspecial%3A%2F%2Fhome%2Faddons%2Fplugin.video.freeview%2Ffanart.jpg%26winID%3D10025%26_options_sf&quot;)</favourite>
	<favourite name="ITVBe - ITV Hub" thumb="special://home/addons/plugin.video.freeview/resources/logos/itvbe.png">PlayMedia(&quot;plugin://plugin.video.freeview/?url=http%3A%2F%2Fitvbeliveios-i.akamaihd.net%2Fhls%2Flive%2F219078%2Fitvlive%2FITVBE%2Fmaster_Main1800.m3u8&amp;mode=1&amp;name=ITVBe+%7C+ITV+Hub&amp;sf_options=fanart%3Dspecial%3A%2F%2Fhome%2Faddons%2Fplugin.video.freeview%2Ffanart.jpg%26winID%3D10025%26_options_sf&quot;)</favourite>
	<favourite name="ITVBe" thumb="http://www.satandpcguy.com/wp-content/uploads/2014/09/ckfFu0IF-6VAcMoDejSTafBi1-sJgBXyZA1tY4iQmws.bmp">PlayMedia(&quot;plugin://plugin.video.sanctuary/?url=plugin%3A%2F%2Fplugin.video.f4mTester%2F%3Fstreamtype%3DTSDOWNLOADER%26url%3Dhttp%3A%2F%2Fiptvfree1.com%3A6969%2Flive%2F13%2Fwww.iptvrestream.net%2F1627.ts%26streamtype%3D.TSDOWNLOADER%3Bname%3DITVBe&amp;mode=1112&amp;sf_options=fanart%3Dspecial%3A%2F%2Fhome%2Faddons%2Fplugin.video.sanctuary%2Ffanart.jpg%26winID%3D10025%26_options_sf&quot;)</favourite>
</favourites>