<favourites>
	<favourite name="CBS Reality" thumb="special://home/addons/plugin.video.freeview/resources/logos/cbsreality.png">PlayMedia(&quot;plugin://plugin.video.freeview/?url=https%3A%2F%2Fwww.filmon.com%2Ftv%2Fcbs-reality&amp;mode=1&amp;name=CBS+Reality&amp;sf_options=fanart%3Dspecial%3A%2F%2Fhome%2Faddons%2Fplugin.video.freeview%2Ffanart.jpg%26winID%3D10025%26_options_sf&quot;)</favourite>
	<favourite name="[COLOR orange]CBS Reality UK [/COLOR] mic 23/11/2016" thumb="https://upload.wikimedia.org/wikipedia/en/2/2b/UKTV_logo.png">PlayMedia(&quot;plugin://plugin.video.mic/?url=plugin%3A%2F%2Fplugin.video.f4mTester%2F%3Fstreamtype%3DTSDOWNLOADER%3Bname%3DCBS+REALITY+UK%26url%3Dhttp%3A%2F%2F37.187.139.155%3A8000%2Flive%2Flightwrath%40live.com%2FWatchNow%21%2F464.ts&amp;mode=12&amp;sf_options=fanart%3Dhttp%3A%2F%2Fwallpapercave.com%2Fwp%2FPaxa7aH.jpg%26winID%3D10025%26_options_sf&quot;)</favourite>
	<favourite name="[COLORgreen]ONLINE:[/COLOR]CBS REALITY Lily Sports" thumb="http://kodeekrazy.net/PROLOGIC/livetv%20thumb.jpg">PlayMedia(&quot;plugin://plugin.video.Tigensworld/?url=plugin%3A%2F%2Fplugin.video.SportsDevil%2F%3Fmode%3D1%26amp%3Bitem%3Dcatcher%253dstreams%2526url%3Dhttp%3A%2F%2Fwww.shadow-net.org%2Fchannels%2FCBS-Reality.html%2526referer%3Dhttp%3A%2F%2Fwww.shadow-net.org%2Fchannels%2FCBS-Reality.html&amp;mode=12&amp;sf_options=fanart%3Dhttp%3A%2F%2Fkodeeresurrection.com%2FLILYSPORTStxts%2Flivetv2.jpg%26winID%3D10025%26_options_sf&quot;)</favourite>
	<favourite name="CBS Reality Fido" thumb="https://upload.wikimedia.org/wikipedia/de/a/ae/CBS_Reality_Logo.png">PlayMedia(&quot;plugin://plugin.video.sanctuary/?url=plugin%3A%2F%2Fplugin.video.f4mTester%2F%3Fstreamtype%3DTSDOWNLOADER%3Bname%3DFIDO%26url%3Dhttp%3A%2F%2F37.187.139.155%3A8000%2Flive%2Flightwrath%40live.com%2FWatchNow%21%2F464.ts&amp;mode=1112&amp;sf_options=fanart%3Dhttp%3A%2F%2Ffantazyrepo.uk%2Faddonimages%2Flivetv%2FLiveTV.jpg%26winID%3D10025%26_options_sf&quot;)</favourite>
	<favourite name="[COLOR red]CBS Reality[/COLOR] Evolve" thumb="https://www.thelogodb.com/images/media/logo/tywuvw1434287895.png/medium">PlayMedia(&quot;plugin://plugin.video.Evolve/?url=plugin%3A%2F%2Fplugin.video.SportsDevil%2F%3Fmode%3D1%26amp%3Bitem%3Dcatcher%253dstreams%2526url%3Dhttp%3A%2F%2Fwww.shadow-net.org%2Fchannels%2FCBS-Reality.html%2526referer%3Dno&amp;mode=16&amp;name=%5BCOLOR+red%5DCBS+Reality%5B%2FCOLOR%5D&amp;description=&amp;iconimage=https%3A%2F%2Fwww.thelogodb.com%2Fimages%2Fmedia%2Flogo%2Ftywuvw1434287895.png%2Fmedium&amp;sf_options=fanart%3Dhttp%3A%2F%2Fhub.tv-ark.org.uk%2Fimages%2Fotherchannels%2Fcbs_images%2Fcbs_reality_promo1_2011a.jpg%26winID%3D10025%26_options_sf&quot;)</favourite>
	<favourite name="En: cbs reality (uk) Zem" thumb="http://tv.solidiptv.com:25461/images/loogo/cbsreality.png">PlayMedia(&quot;plugin://plugin.video.ZemTV-shani/?url=bmV0d29ya3R2Mjo4MTE%3D&amp;mode=11&amp;name=En%3A+cbs+reality+%28uk%29+-&amp;sf_options=winID%3D10025%26_options_sf&quot;)</favourite>
</favourites>