<favourites>
	<favourite name="Renegades 10 1080p" thumb="DefaultFolder.png">PlayMedia(&quot;plugin://plugin.video.ZemTV-shani/?url=aXBib3g6aHR0cDovL2p1MDMxLmp1cGl0ZXIuZmFzdHdlYnNlcnZlci5kZTo4MDAwL2xpdmUva3Jpcy9rcmlzLzg0MzQudHN8VXNlci1BZ2VudD1WTEMvMi4yLjEgTGliVkxDLzIuMi4xNyZJY3ktTWV0YURhdGE9MQ%3D%3D&amp;mode=11&amp;name=%5BCOLOR+FF11b500%5DUk%3A+sky+sports+3hd%0D+ipbox%5B%2FCOLOR%5D&amp;sf_options=winID%3D10025%26_options_sf&quot;)</favourite>
	<favourite name="Renegades 10 720p" thumb="DefaultFolder.png">PlayMedia(&quot;plugin://plugin.video.ZemTV-shani/?url=aXBib3g6aHR0cDovL2p1MDMxLmp1cGl0ZXIuZmFzdHdlYnNlcnZlci5kZTo4MDAwL2xpdmUva3Jpcy9rcmlzLzg0MzMudHN8VXNlci1BZ2VudD1WTEMvMi4yLjEgTGliVkxDLzIuMi4xNyZJY3ktTWV0YURhdGE9MQ%3D%3D&amp;mode=11&amp;name=%5BCOLOR+FF11b500%5DUk%3A+sky+sports+3%0D+ipbox%5B%2FCOLOR%5D&amp;sf_options=winID%3D10025%26_options_sf&quot;)</favourite>
	<favourite name="Renegades 10 720p" thumb="DefaultFolder.png">PlayMedia(&quot;plugin://plugin.video.ZemTV-shani/?url=aXBib3g6aHR0cDovL2lwLmttc2F0LmluZm86ODAwMC9saXZlL3NhbGFoL3NhbGFoLzEwMTAudHN8VXNlci1BZ2VudD1WTEMvMi4yLjEgTGliVkxDLzIuMi4xNyZJY3ktTWV0YURhdGE9MQ%3D%3D&amp;mode=11&amp;name=%5BCOLOR+FF11b500%5DUk%3A+sky+sports+3%0D+ipbox%5B%2FCOLOR%5D&amp;sf_options=winID%3D10025%26_options_sf&quot;)</favourite>
	<favourite name="Renegades 10 720p" thumb="DefaultFolder.png">PlayMedia(&quot;plugin://plugin.video.ZemTV-shani/?url=aXBib3g6aHR0cDovLzUuMzkuNzAuMjE2L2xpdmUvbG91aXMvbG91aXMvMjMyLm0zdTh8VXNlci1BZ2VudD1WTEMvMi4yLjEgTGliVkxDLzIuMi4xNyZJY3ktTWV0YURhdGE9MQ%3D%3D&amp;mode=11&amp;name=%5BCOLOR+FF11b500%5DSkysports+3+hd%2B%0D+ipbox%5B%2FCOLOR%5D&amp;sf_options=winID%3D10025%26_options_sf&quot;)</favourite>
	<favourite name="Renegades 10 720p" thumb="http://thevoice-fuerteventura.com/directory/wp-content/uploads/2014/07/keep-calm-live-football-shown-here-2.png">PlayMedia(&quot;plugin://plugin.video.NJMSoccer/?url=plugin%3A%2F%2Fplugin.video.SportsDevil%2F%3Fmode%3D1%26amp%3Bitem%3Dcatcher%253dstreams%2526url%3Dhttp%3A%2F%2Fwww.liveonlinetv247.info%2Fskysports3.php%2526referer%3Dhttp%3A%2F%2Fwww.liveonlinetv247.info&amp;mode=12&amp;sf_options=fanart%3Dhttp%3A%2F%2Fthevoice-fuerteventura.com%2Fdirectory%2Fwp-content%2Fuploads%2F2014%2F07%2Fkeep-calm-live-football-shown-here-2.png%26winID%3D10025%26_options_sf&quot;)</favourite>
</favourites>