<favourites>
	<favourite name="Renegades 10 UFC Fight Night Early Prelims ZEM" thumb="/images/icons/ufc.png">PlayMedia(&quot;plugin://plugin.video.ZemTV-shani/?url=c3RyZWFtaGQ6aHR0cDovL3d3dy5zdHJlYW1oZC5ldS91ZmMvdWZjLWZpZ2h0LW5pZ2h0LWVhcmx5LXByZWxpbXMtbGl2ZS1zdHJlYW0tNjk3LnBocA%3D%3D&amp;mode=11&amp;name=%5BCOLOR+green%5D+00%3A00+GMT%5B%2FCOLOR%5D%3A+%5BCOLOR+red%5D+UFC%5B%2FCOLOR%5D++%0A+UFC+Fight+Night+Early+Prelims+&amp;sf_options=winID%3D10001%26_options_sf&quot;)</favourite>
	<favourite name="Renegades 10 UFC Fight Night Preliminaries ZEM" thumb="/images/icons/ufc.png">PlayMedia(&quot;plugin://plugin.video.ZemTV-shani/?url=c3RyZWFtaGQ6aHR0cDovL3d3dy5zdHJlYW1oZC5ldS91ZmMvdWZjLWZpZ2h0LW5pZ2h0LXByZWxpbWluYXJpZXMtbGl2ZS1zdHJlYW0tNjk3LnBocA%3D%3D&amp;mode=11&amp;name=%5BCOLOR+green%5D+01%3A00+GMT%5B%2FCOLOR%5D%3A+%5BCOLOR+red%5D+UFC%5B%2FCOLOR%5D++%0A+UFC+Fight+Night+Preliminaries+&amp;sf_options=winID%3D10001%26_options_sf&quot;)</favourite>
	<favourite name="Renegades 10 UFC Fight Night Belfort vs Gastelum ZEM" thumb="/images/icons/ufc.png">PlayMedia(&quot;plugin://plugin.video.ZemTV-shani/?url=c3RyZWFtaGQ6aHR0cDovL3d3dy5zdHJlYW1oZC5ldS91ZmMvdWZjLWZpZ2h0LW5pZ2h0LWJlbGZvcnQtdnMtZ2FzdGVsdW0tbGl2ZS1zdHJlYW0tNjk3LnBocA%3D%3D&amp;mode=11&amp;name=%5BCOLOR+green%5D+03%3A00+GMT%5B%2FCOLOR%5D%3A+%5BCOLOR+red%5D+UFC%5B%2FCOLOR%5D++%0A+UFC+Fight+Night+Belfort+vs+Gastelum+&amp;sf_options=winID%3D10001%26_options_sf&quot;)</favourite>
	<favourite name="Renegades 10 UFC BT2 Cypher" thumb="DefaultVideo.png">PlayMedia(&quot;plugin://plugin.video.ProjectCypher/?url=http%3A%2F%2F199.21.149.125%3A8888%2FUK_UK_BT_SPORT_2_HD%2Findex.m3u8&amp;mode=12&amp;sf_options=winID%3D10001%26_options_sf&quot;)</favourite>
	<favourite name="Renegades 10 UFC FS1 Cypher" thumb="DefaultVideo.png">PlayMedia(&quot;plugin://plugin.video.ProjectCypher/?url=http%3A%2F%2F199.21.149.125%3A8888%2FUS_FOX_SPORT_1%2Findex.m3u8&amp;mode=12&amp;sf_options=winID%3D10001%26_options_sf&quot;)</favourite>
	<favourite name="Renegades 10 UFC BT2 ZEM" thumb="http://tv.solidiptv.com:25461/images/loogo/btsports2hd.png">PlayMedia(&quot;plugin://plugin.video.ZemTV-shani/?url=bmV0d29ya3R2MjoyMTM%3D&amp;mode=11&amp;name=Sp%3A+bt+sports+2+hd+%28uk%29&amp;sf_options=winID%3D10001%26_options_sf&quot;)</favourite>
	<favourite name="Renegades 10 UFC FS1 ZEM" thumb="http://tv.solidiptv.com:25461/images/loogo/foxsp1us.png">PlayMedia(&quot;plugin://plugin.video.ZemTV-shani/?url=bmV0d29ya3R2MjoyOTc0&amp;mode=11&amp;name=Sp%3A+fox+sports+1+%28usa%29&amp;sf_options=winID%3D10001%26_options_sf&quot;)</favourite>
	<favourite name="Renegades 10 UFC BT2 ZEM" thumb="http://network.livenettv.xyz:9090/data/img/files/bt_sports_2.png">PlayMedia(&quot;plugin://plugin.video.ZemTV-shani/?url=bmV0d29ya3R2OjEwNDk%3D&amp;mode=11&amp;name=Bt+sport+2&amp;sf_options=winID%3D10001%26_options_sf&quot;)</favourite>
	<favourite name="Renegades 10 UFC FS1 ZEM" thumb="http://network.livenettv.xyz:9090/data/img/files/fox_sports_1.png">PlayMedia(&quot;plugin://plugin.video.ZemTV-shani/?url=bmV0d29ya3R2OjEwOTc%3D&amp;mode=11&amp;name=Fox+sports+1&amp;sf_options=winID%3D10001%26_options_sf&quot;)</favourite>
	<favourite name="Renegades 10 UFC FS1 ZEM" thumb="DefaultFolder.png">PlayMedia(&quot;plugin://plugin.video.ZemTV-shani/?url=aXBib3g6aHR0cDovLzE2My4xNzIuODEuMzM6MTIzNC9saXZlL3d3dy5pcHR2cmVzdHJlYW0ubmV0L2VlR1kwVExsVTYvMzI5LnRzfFVzZXItQWdlbnQ9ZnVjazQx&amp;mode=11&amp;name=Usa+%7C+fox+sports+1+hd+%3D%3E+http%3A%2F%2Fiptvrestream.net%2F%0D+ipbox&amp;sf_options=winID%3D10001%26_options_sf&quot;)</favourite>
	<favourite name="Renegades 10 UFC BT2 ZEM" thumb="DefaultFolder.png">PlayMedia(&quot;plugin://plugin.video.ZemTV-shani/?url=aXBib3g6aHR0cDovLzE2My4xNzIuODEuMzM6MTIzNC9saXZlL3d3dy5pcHR2cmVzdHJlYW0ubmV0L2VlR1kwVExsVTYvMjY2LnRzfFVzZXItQWdlbnQ9ZnVjazQx&amp;mode=11&amp;name=Uk+%7C+bt+sport+2+hd+%3D%3E+http%3A%2F%2Fiptvrestream.net%2F%0D+ipbox&amp;sf_options=winID%3D10001%26_options_sf&quot;)</favourite>
</favourites>