<favourites>
	<favourite name="Renegades 10 UFC Fight Pass TEST ZEM" thumb="DefaultFolder.png">PlayMedia(&quot;plugin://plugin.video.ZemTV-shani/?url=aXBib3g6aHR0cDovL2lwdHYubW9ua2V5Y2xpbmUuY29tOjI1NDYxL2xpdmUvamFzbmUvamFzbmUvNTcxNy50c3xVc2VyLUFnZW50PVZMQy8yLjMuMSBMaWJWTEMvMi4yLjE3JkljeS1NZXRhRGF0YT0x&amp;mode=11&amp;name=%5BCOLOR+FF11b500%5DUfc+fight+pass%0D+ipbox%5B%2FCOLOR%5D&amp;sf_options=winID%3D10025%26_options_sf&quot;)</favourite>
	<favourite name="Renegades 10 UFC BT2 EVOLVE" thumb="http://matsbuilds.uk/pics/newevolveicons/sports.PNG">PlayMedia(&quot;plugin://plugin.video.Evolve/?url=http%3A%2F%2Fiptvch.selfip.info%2Flive%2Fsayed%2Fsayed%2F1469.ts%0D&amp;mode=2&amp;name=BT+SPORT+2+HD%0D&amp;description=&amp;iconimage=http%3A%2F%2Fmatsbuilds.uk%2Fpics%2Fnewevolveicons%2Fsports.PNG&amp;sf_options=fanart%3Dhttps%3A%2F%2Fsuperrepo.org%2Fstatic%2Fimages%2Ffanart%2Foriginal%2Fplugin.video.LiveTV.jpg%26winID%3D10025%26_options_sf&quot;)</favourite>
	<favourite name="Renegades 10 UFC BT2 Sanctuary" thumb="DefaultVideo.png">PlayMedia(&quot;plugin://plugin.video.sanctuary/?url=plugin%3A%2F%2Fplugin.video.f4mTester%2F%3Fstreamtype%3DTSDOWNLOADER%3Bname%3DFIDO%26url%3Dhttp%3A%2F%2F37.187.139.155%3A8000%2Flive%2Flightwrath%40live.com%2FWatchNow%21%2F457.ts&amp;mode=906&amp;regexs=&amp;setCookie=&amp;sf_options=fanart%3Dspecial%3A%2F%2Fhome%2Faddons%2Fplugin.video.sanctuary%2Ffanart.jpg%26winID%3D10025%26_options_sf&quot;)</favourite>
	<favourite name="Renegades 10 UFC FS1 Sanctuary" thumb="DefaultVideo.png">PlayMedia(&quot;plugin://plugin.video.sanctuary/?url=plugin%3A%2F%2Fplugin.video.f4mTester%2F%3Fstreamtype%3DTSDOWNLOADER%3Bname%3DFIDO%26url%3Dhttp%3A%2F%2F37.187.139.155%3A8000%2Flive%2Flightwrath%40live.com%2FWatchNow%21%2F514.ts&amp;mode=906&amp;regexs=&amp;setCookie=&amp;sf_options=fanart%3Dspecial%3A%2F%2Fhome%2Faddons%2Fplugin.video.sanctuary%2Ffanart.jpg%26winID%3D10025%26_options_sf&quot;)</favourite>
	<favourite name="Renegades 10 UFC BT2 Evolve" thumb="http://matsbuilds.uk/pics/newevolveicons/sports.PNG">PlayMedia(&quot;plugin://plugin.video.Evolve/?url=http%3A%2F%2Fiptvch.selfip.info%2Flive%2Fsayed%2Fsayed%2F1765.ts%0D&amp;mode=2&amp;name=BT+SPORT+2+BACKUP%0D&amp;description=&amp;iconimage=http%3A%2F%2Fmatsbuilds.uk%2Fpics%2Fnewevolveicons%2Fsports.PNG&amp;sf_options=fanart%3Dhttps%3A%2F%2Fsuperrepo.org%2Fstatic%2Fimages%2Ffanart%2Foriginal%2Fplugin.video.LiveTV.jpg%26winID%3D10025%26_options_sf&quot;)</favourite>
	<favourite name="Renegades 10 UFC FS1 ZEM" thumb="DefaultFolder.png">PlayMedia(&quot;plugin://plugin.video.ZemTV-shani/?url=aXBib3g6aHR0cDovL2lwdHYubW9ua2V5Y2xpbmUuY29tOjI1NDYxL2xpdmUvamFzbmUvamFzbmUvNTc0Ni50c3xVc2VyLUFnZW50PVZMQy8yLjMuMSBMaWJWTEMvMi4yLjE3JkljeS1NZXRhRGF0YT0x&amp;mode=11&amp;name=%5BCOLOR+FF11b500%5DUsa+%3A+fox+sports+1+hd%0D+ipbox%5B%2FCOLOR%5D&amp;sf_options=winID%3D10025%26_options_sf&quot;)</favourite>
	<favourite name="Renegades 10 UFC Fight Pass TEST !! BAMF" thumb="http://genietvcunts.co.uk/bamffff/14996309_10209473377528524_434205708_n.jpg">PlayMedia(&quot;plugin://plugin.video.sanctuary/?url=plugin%3A%2F%2Fplugin.video.f4mTester%2F%3Fstreamtype%3DTSDOWNLOADER%26amp%3Burl%3Dhttp%3A%2F%2F51.254.197.40%3A25461%2Flive%2Fscott%2Fscott%2F5717.ts%3Bname%3DBAMF+TV&amp;mode=906&amp;regexs=&amp;setCookie=&amp;sf_options=winID%3D10025%26_options_sf&quot;)</favourite>
	<favourite name="Renegades 10 [COLOR orange] UFC Live Event Fail Safe[/COLOR] MIC" thumb="http://www.thegarden.com/content/dam/msg/eventImg3/UFC205_2016_328x253_v2.jpg/_jcr_content/renditions/UFC205_2016_328x253_v2.328.254.jpg">PlayMedia(&quot;plugin://plugin.video.mic/?url=plugin%3A%2F%2Fplugin.video.SportsDevil%2F%3Fmode%3D1%26amp%3Bitem%3Dcatcher%253dstreams%2526url%3Dhttp%3A%2F%2Fwww.time4tv.com%2F2016%2F04%2Fbt-sport-2.php%2526referer%3Dreferer%3Dhttp%3A%2F%2Fwww.time4tv.com%2F&amp;mode=12&amp;sf_options=fanart%3Dhttp%3A%2F%2Fwww.caliberyachtcharters.com%2Fimages%2Fspecial%2520events%2520fireworks.jpg%26winID%3D10025%26_options_sf&quot;)</favourite>
	<favourite name="Renegades 10 UFC BT2 Specialist" thumb="https://www.bennetts.co.uk/-/media/import/7450_images/BTSport2Logo">PlayMedia(&quot;plugin://plugin.video.specialiststreams/?action=play&amp;url=%3Csublink%3Eplugin%3A%2F%2Fplugin.video.f4mTester%2F%3Fstreamtype%3DTSDOWNLOADER%26amp%3Burl%3Dhttp%3A%2F%2Fmediaiptv.xyz%3A8000%2Flive%2Fspecialiststreams%2Fjames%2F1981.ts%3C%2Fsublink%3E%3Csublink%3Eplugin%3A%2F%2Fplugin.video.f4mTester%2F%3Fstreamtype%3DTSDOWNLOADER%26amp%3Burl%3Dhttp%3A%2F%2Fmediaiptv.xyz%3A8000%2Flive%2Fspecialiststreams%2Fjames%2F732.ts%3C%2Fsublink%3E&amp;sf_options=fanart%3Dspecial%3A%2F%2Fhome%2Faddons%2Fplugin.video.specialiststreams%2Ffanart.jpg%26winID%3D10025%26_options_sf&quot;)</favourite>
	<favourite name="Renegades 10 UFC BT2 Oblivion" thumb="http://oblivionbuilds.com/Oblivionlogo.png">PlayMedia(&quot;plugin://plugin.video.sanctuary/?url=plugin%3A%2F%2Fplugin.video.f4mTester%2F%3Fstreamtype%3DTSDOWNLOADER%26amp%3Burl%3Dhttp%3A%2F%2F51.254.197.40%3A25461%2Flive%2Fpeter%2Fpeter%2F1758.ts%3Bname%3DOblivion+TV&amp;mode=906&amp;regexs=&amp;setCookie=&amp;sf_options=winID%3D10025%26_options_sf&quot;)</favourite>
	<favourite name="Renegades 10 UFC BT2 Oblivion" thumb="http://oblivionbuilds.com/Oblivionlogo.png">PlayMedia(&quot;plugin://plugin.video.sanctuary/?url=plugin%3A%2F%2Fplugin.video.f4mTester%2F%3Fstreamtype%3DTSDOWNLOADER%26amp%3Burl%3Dhttp%3A%2F%2F51.254.197.40%3A25461%2Flive%2Fgordon%2Fgordon%2F1757.ts%3Bname%3DOblivion+TV&amp;mode=906&amp;regexs=&amp;setCookie=&amp;sf_options=winID%3D10025%26_options_sf&quot;)</favourite>
	<favourite name="Renegades 10 UFC BT2 Oblivion" thumb="http://oblivionbuilds.com/Oblivionlogo.png">PlayMedia(&quot;plugin://plugin.video.sanctuary/?url=plugin%3A%2F%2Fplugin.video.f4mTester%2F%3Fstreamtype%3DTSDOWNLOADER%26amp%3Burl%3Dhttp%3A%2F%2F51.254.197.40%3A25461%2Flive%2Fscott%2Fscott%2F1757.ts%3Bname%3DOblivion+TV&amp;mode=906&amp;regexs=&amp;setCookie=&amp;sf_options=winID%3D10025%26_options_sf&quot;)</favourite>
	<favourite name="Renegades 10 UFC BT2 Oblivion" thumb="http://oblivionbuilds.com/Oblivionlogo.png">PlayMedia(&quot;plugin://plugin.video.sanctuary/?url=plugin%3A%2F%2Fplugin.video.f4mTester%2F%3Fstreamtype%3DTSDOWNLOADER%26amp%3Burl%3Dhttp%3A%2F%2Fiptv.monkeycline.com%3A25461%2Flive%2Fwilson%2Fwilson%2F9821.ts%3Bname%3DOblivion+TV&amp;mode=906&amp;regexs=&amp;setCookie=&amp;sf_options=winID%3D10025%26_options_sf&quot;)</favourite>
	<favourite name="Renegades 10 UFC Oblivion FS1" thumb="http://oblivionbuilds.com/Oblivionlogo.png">PlayMedia(&quot;plugin://plugin.video.sanctuary/?url=plugin%3A%2F%2Fplugin.video.f4mTester%2F%3Fstreamtype%3DTSDOWNLOADER%26amp%3Burl%3Dhttp%3A%2F%2Fiptv.monkeycline.com%3A25461%2Flive%2Fpak%2Fpak%2F5746.ts%3Bname%3DOblivion+TV&amp;mode=906&amp;regexs=&amp;setCookie=&amp;sf_options=winID%3D10025%26_options_sf&quot;)</favourite>
	<favourite name="Renegades 10 UFC Bamf FS1" thumb="http://genietvcunts.co.uk/bamffff/14996309_10209473377528524_434205708_n.jpg">PlayMedia(&quot;plugin://plugin.video.sanctuary/?url=plugin%3A%2F%2Fplugin.video.f4mTester%2F%3Fstreamtype%3DTSDOWNLOADER%26amp%3Burl%3Dhttp%3A%2F%2Fiptv.monkeycline.com%3A25461%2Flive%2Fwilson%2Fwilson%2F5746.ts%3Bname%3DBAMF+TV&amp;mode=906&amp;regexs=&amp;setCookie=&amp;sf_options=winID%3D10025%26_options_sf&quot;)</favourite>
	<favourite name="Renegades 10 UFC206 FS1 Prelims MIC" thumb="https://s-media-cache-ak0.pinimg.com/236x/92/4b/4e/924b4e761bed927868adf018a1bb5ed2.jpg">PlayMedia(&quot;plugin://plugin.video.mic/?url=plugin%3A%2F%2Fplugin.video.SportsDevil%2F%3Fitem%3Dcatcher%253dstreams%2526title%253dFox%252bSports%2526url%253dmpd%25253A%25252F%25252Fc1ba19187bba4d273cdc877dc413564a.m3u8%2526cfg%253dtvone1.tv.cfg%252540Streams%252540Sports%2526videoTitle%253dFox%252bSports%2526director%253dtvone1.tv%2526genre%253dLive%252bTV%2526referer%253dmpd%25253A%25252F%25252Fc1ba19187bba4d273cdc877dc413564a.m3u8%2526definedIn%253dtvone1.tv.cfg%2526type%253drss%26mode%3D1&amp;mode=12&amp;sf_options=fanart%3Dhttp%3A%2F%2Fvideo.skysports.com%2FptYTlrNzE6pdbTruFHL9RTNC7PiX7odf%2Fpromo303311320%26winID%3D10025%26_options_sf&quot;)</favourite>
	<favourite name="Renegades 10 UFC206 BT Sport 2 Full Event MIC" thumb="https://s-media-cache-ak0.pinimg.com/236x/92/4b/4e/924b4e761bed927868adf018a1bb5ed2.jpg">PlayMedia(&quot;plugin://plugin.video.mic/?url=plugin%3A%2F%2Fplugin.video.SportsDevil%2F%3Fitem%3Dcatcher%253dstreams%2526title%253dBT%252bSPORT%252b2%2526url%253dmpd%25253A%25252F%25252Fa0baff4a9870ad57efd54f32cf8be880.m3u8%2526cfg%253dtvone1.tv.cfg%252540Streams%252540Sports%2526videoTitle%253dBT%252bSPORT%252b2%2526director%253dtvone1.tv%2526genre%253dLive%252bTV%2526referer%253dmpd%25253A%25252F%25252Fa0baff4a9870ad57efd54f32cf8be880.m3u8%2526definedIn%253dtvone1.tv.cfg%2526type%253drss%26mode%3D1&amp;mode=12&amp;sf_options=fanart%3Dhttp%3A%2F%2Fvideo.skysports.com%2FptYTlrNzE6pdbTruFHL9RTNC7PiX7odf%2Fpromo303311320%26winID%3D10025%26_options_sf&quot;)</favourite>
	<favourite name="Renegades 10 UFC FS1 Prelims MIC" thumb="https://s-media-cache-ak0.pinimg.com/236x/92/4b/4e/924b4e761bed927868adf018a1bb5ed2.jpg">PlayMedia(&quot;plugin://plugin.video.mic/?url=plugin%3A%2F%2Fplugin.video.f4mTester%2F%3Fstreamtype%3DTSDOWNLOADER%26url%3Dhttp%3A%2F%2F158.69.226.108%3A8000%2Flive%2Fxbox%2Fxbox%2F775.ts%3Bname%3DUFC+FS1&amp;mode=12&amp;sf_options=fanart%3Dhttp%3A%2F%2Fvideo.skysports.com%2FptYTlrNzE6pdbTruFHL9RTNC7PiX7odf%2Fpromo303311320%26winID%3D10025%26_options_sf&quot;)</favourite>
	<favourite name="Renegades 10 UFC206 BT Sport 2 Full Event MIC" thumb="https://s-media-cache-ak0.pinimg.com/236x/92/4b/4e/924b4e761bed927868adf018a1bb5ed2.jpg">PlayMedia(&quot;plugin://plugin.video.mic/?url=plugin%3A%2F%2Fplugin.video.f4mTester%2F%3Fstreamtype%3DTSDOWNLOADER%26url%3Dhttp%3A%2F%2F51.254.197.40%3A25461%2Flive%2Fiptv1%2Fiptv1%2F1757.ts%3Bname%3DUFC206+BT+Sport+2+Full+Event&amp;mode=12&amp;sf_options=fanart%3Dhttp%3A%2F%2Fvideo.skysports.com%2FptYTlrNzE6pdbTruFHL9RTNC7PiX7odf%2Fpromo303311320%26winID%3D10025%26_options_sf&quot;)</favourite>
	<favourite name="Renegades 10 UFC206 BT Sport 2 Full Event MIC" thumb="https://s-media-cache-ak0.pinimg.com/236x/92/4b/4e/924b4e761bed927868adf018a1bb5ed2.jpg">PlayMedia(&quot;plugin://plugin.video.mic/?url=plugin%3A%2F%2Fplugin.video.f4mTester%2F%3Fstreamtype%3DTSDOWNLOADER%26url%3Dhttp%3A%2F%2Fpremium-ott.com%3A8000%2Flive%2Fbast%2Fbast%2F7328.ts%3Bname%3DUFC206+BT+Sport+2+Full+Event&amp;mode=12&amp;sf_options=fanart%3Dhttp%3A%2F%2Fvideo.skysports.com%2FptYTlrNzE6pdbTruFHL9RTNC7PiX7odf%2Fpromo303311320%26winID%3D10025%26_options_sf&quot;)</favourite>
	<favourite name="Renegades 10 UFC206 BT Sport 2 Full Event MIC" thumb="https://s-media-cache-ak0.pinimg.com/236x/92/4b/4e/924b4e761bed927868adf018a1bb5ed2.jpg">PlayMedia(&quot;plugin://plugin.video.mic/?url=plugin%3A%2F%2Fplugin.video.f4mTester%2F%3Fstreamtype%3DTSDOWNLOADER%26url%3Dhttp%3A%2F%2Fpremium-ott.com%3A8000%2Flive%2Fbast%2Fbast%2F3203.ts%3Bname%3DUFC206+BT+Sport+2+Full+Event&amp;mode=12&amp;sf_options=fanart%3Dhttp%3A%2F%2Fvideo.skysports.com%2FptYTlrNzE6pdbTruFHL9RTNC7PiX7odf%2Fpromo303311320%26winID%3D10025%26_options_sf&quot;)</favourite>
</favourites>