<favourites>
	<favourite name="LFC TV" thumb="https://app.uktvnow.net/images/channel_imgs/200116013110lfc.jpg|User-Agent=Dalvik/2.1.0 (Linux; U; Android 6.0.1; SM-G935F Build/MMB29K)">PlayMedia(&quot;playmedia(&quot;plugin://plugin.video.uktvnow/?url=url&amp;mode=2&amp;name=LFC+TV&amp;channelid=145&amp;iconimage=https%3A%2F%2Fapp.uktvnow.net%2Fimages%2Fchannel_imgs%2F200116013110lfc.jpg%7CUser-Agent%3DDalvik%2F2.1.0+%28Linux%3B+U%3B+Android+6.0.1%3B+SM-G935F+Build%2FMMB29K%29&quot;)&amp;sf_options=meta%3Dcastandrole%253D%25255B%25255D%2526label%253DLFC%252BTV%26winID%3D10001%26_options_sf&quot;)</favourite>
	<favourite name="LFC TV - UKTV - 25/08/2016" thumb="https://app.uktvnow.net/images/channel_imgs/200116013110lfc.jpg|User-Agent=Dalvik/2.1.0 (Linux; U; Android 6.0.1; SM-G935F Build/MMB29K)">PlayMedia(&quot;plugin://plugin.video.uktvnow/?url=url&amp;mode=2&amp;name=LFC+TV&amp;channelid=145&amp;iconimage=https%3A%2F%2Fapp.uktvnow.net%2Fimages%2Fchannel_imgs%2F200116013110lfc.jpg%7CUser-Agent%3DDalvik%2F2.1.0+%28Linux%3B+U%3B+Android+6.0.1%3B+SM-G935F+Build%2FMMB29K%29&amp;sf_options=fanart%3Dspecial%3A%2F%2Fhome%2Faddons%5Cplugin.video.uktvnow%5Cfanart.jpg%26meta%3Dplot%253D145%2526label%253DLFC%252BTV%2526title%253DLFC%252BTV%26winID%3D10001%26desc%3D145%26_options_sf&quot;)</favourite>
	<favourite name="LFCTV - Vidtime - 12/08/2016" thumb="http://rapidiptv.com/images/picons/liverpool.png">PlayMedia(&quot;plugin://plugin.video.f4mTester/?url=http://globiptv.com:8000/live/cardsharing/yg4tdh/452.ts&amp;streamtype=TSDOWNLOADER&amp;name=Liverpool TV&amp;sf_options=fanart%3Dhttp%3A%2F%2Fs20.postimg.org%2Fdoltr1fu5%2FVTTVBackground.png%26meta%3Dlabel%253D%25255BCOLOR%252Blimegreen%25255DLiverpool%252BTV%25255B%25252FCOLOR%25255D%26winID%3D10001%26_options_sf&quot;)</favourite>
	<favourite name="LFCTV - NJM Soccer - 12/08/2016" thumb="http://zunox.hk/zunox1.html">PlayMedia(&quot;plugin://plugin.video.NJMSoccer/?url=plugin%3A%2F%2Fplugin.video.SportsDevil%2F%3Fmode%3D1%26amp%3Bitem%3Dcatcher%253dstreams%2526url%3Dhttp%3A%2F%2Fwww.liveonlinetv247.info%2Flfctv.php%2526referer%3Dhttp%3A%2F%2Fwww.liveonlinetv247.info&amp;mode=12&amp;sf_options=fanart%3Dhttp%3A%2F%2Fi57.tinypic.com%2F21l07rc.png%26meta%3Dlabel%253DLFCTV%252BHD%252B%2526title%253DLFCTV%252BHD%252B%26winID%3D10001%26_options_sf&quot;)</favourite>
	<favourite name="[COLORgreen][B]ON LINE [/COLOR][/B]UK:LFC TV" thumb="https://www.dropbox.com/s/5l2alhsl2dpdd33/14996309_10209473377528524_434205708_n.jpg?dl=0">PlayMedia(&quot;plugin://plugin.video.sanctuary/?url=plugin%3A%2F%2Fplugin.video.f4mTester%2F%3Fstreamtype%3DTSDOWNLOADER%26amp%3Burl%3Dhttp%3A%2F%2Fcp.dmbshare.net%3A8000%2Flive%2Fdan%2Fdan%2F8384.ts%3Bname%3DBAMF+TV&amp;mode=1112&amp;sf_options=winID%3D10001%26_options_sf&quot;)</favourite>
	<favourite name="LFCTV sanctuary 20/11/2016" thumb="http://www.archive-jmu-journalism.org.uk/communities/2/004/006/961/512/images/4559253608.jpg">PlayMedia(&quot;plugin://plugin.video.sanctuary/?url=plugin%3A%2F%2Fplugin.video.f4mTester%2F%3Fstreamtype%3DTSDOWNLOADER%26url%3Dhttp%3A%2F%2F151.80.29.203%3A9900%2Flive%2F3month%2F3month%2F19611.ts%26streamtype%3D.TSDOWNLOADER%3Bname%3DLFCTV&amp;mode=1112&amp;sf_options=fanart%3Dspecial%3A%2F%2Fhome%2Faddons%2Fplugin.video.sanctuary%2Ffanart.jpg%26winID%3D10001%26_options_sf&quot;)</favourite>
</favourites>