<favourites>
	<favourite name="Challenge oblivion S1" thumb="http://oblivionbuilds.com/Oblivionlogo.png">PlayMedia(&quot;plugin://plugin.video.sanctuary/?url=plugin%3A%2F%2Fplugin.video.f4mTester%2F%3Fstreamtype%3DTSDOWNLOADER%26amp%3Burl%3Dhttp%3A%2F%2F51.254.197.40%3A25461%2Flive%2Fhastings%2Fhastings%2F1857.ts%3Bname%3DOblivion+TV&amp;mode=906&amp;regexs=&amp;setCookie=&amp;sf_options=meta%3Dlabel%253DChallenge%2526title%253DChallenge%26winID%3D10025%26_options_sf&quot;)</favourite>
	<favourite name="Challenge bamf IPTV" thumb="http://genietvcunts.co.uk/bamffff/14996309_10209473377528524_434205708_n.jpg">PlayMedia(&quot;plugin://plugin.video.sanctuary/?url=plugin%3A%2F%2Fplugin.video.f4mTester%2F%3Fstreamtype%3DTSDOWNLOADER%26amp%3Burl%3Dhttp%3A%2F%2F51.254.197.40%3A25461%2Flive%2Fscott%2Fscott%2F1857.ts%3Bname%3DBAMF+TV&amp;mode=906&amp;regexs=&amp;setCookie=&amp;sf_options=meta%3Dlabel%253D%25252CChallenge%2526title%253D%25252CChallenge%26winID%3D10025%26_options_sf&quot;)</favourite>
	<favourite name="Challenge Zem S2" thumb="DefaultFolder.png">PlayMedia(&quot;plugin://plugin.video.ZemTV-shani/?url=aXBib3g6aHR0cDovL2lwdHYubW9ua2V5Y2xpbmUuY29tOjI1NDYxL2xpdmUvamFzbmUvamFzbmUvMTg1Ny50c3xVc2VyLUFnZW50PVZMQy8yLjMuMSBMaWJWTEMvMi4yLjE3JkljeS1NZXRhRGF0YT0x&amp;mode=11&amp;name=%5BCOLOR+FF11b500%5DChallenge%0D+ipbox%5B%2FCOLOR%5D&amp;sf_options=meta%3Dlabel%253D%25255BCOLOR%252BFF11b500%25255DChallenge%25250D%252Bipbox%25255B%25252FCOLOR%25255D%2526title%253D%25255BCOLOR%252BFF11b500%25255DChallenge%25250D%252Bipbox%25255B%25252FCOLOR%25255D%26winID%3D10025%26_options_sf&quot;)</favourite>
	<favourite name="Challenge bamf 2" thumb="http://genietvcunts.co.uk/bamffff/iptv2.jpg">PlayMedia(&quot;plugin://plugin.video.BAMFTV/?url=plugin%3A%2F%2Fplugin.video.f4mTester%2F%3Fstreamtype%3DTSDOWNLOADER%26amp%3Burl%3Dhttp%3A%2F%2F51.255.70.112%3A8000%2Flive%2Fjohn1234%2Fjohn1234%2F2223.ts%3Bname%3DBAMF+TV%0D&amp;mode=12&amp;sf_options=meta%3Dlabel%253DChallenge%2526title%253DChallenge%26winID%3D10025%26_options_sf&quot;)</favourite>
	<favourite name="Challenge Bamf" thumb="http://genietvcunts.co.uk/bamffff/iptv1.jpg">PlayMedia(&quot;plugin://plugin.video.sanctuary/?url=plugin%3A%2F%2Fplugin.video.f4mTester%2F%3Fstreamtype%3DTSDOWNLOADER%26amp%3Burl%3Dhttp%3A%2F%2F51.255.70.112%3A8000%2Flive%2FLewis%2FLewis%2F2223.ts%3Bname%3DBAMF+TV&amp;mode=1112&amp;sf_options=winID%3D10025%26_options_sf&quot;)</favourite>
	<favourite name="CHALLENGE Oblivion" thumb="DefaultVideo.png">PlayMedia(&quot;plugin://plugin.video.sanctuary/?url=plugin%3A%2F%2Fplugin.video.f4mTester%2F%3Fstreamtype%3DTSDOWNLOADER%26amp%3Burl%3Dhttp%3A%2F%2Fiptv9.lazystreams.tk%3A8080%2Flive%2FSuPrEmEsTrEaMs%2FKeepYourHandsOffCUNTS%21%21%401%2F1783.ts%3Bname%3DOblivion+TV&amp;mode=1112&amp;sf_options=winID%3D10025%26_options_sf&quot;)</favourite>
</favourites>