<favourites>
	<favourite name="BT SPORT 3 HD Evolve Sports" thumb="http://matsbuilds.uk/pics/newevolveicons/sports.PNG">PlayMedia(&quot;plugin://plugin.video.Evolve/?url=http%3A%2F%2Fiptvch.selfip.info%2Flive%2Fsayed%2Fsayed%2F2959.ts%0D&amp;mode=2&amp;name=BT+SPORT+3+HD%0D&amp;description=&amp;iconimage=http%3A%2F%2Fmatsbuilds.uk%2Fpics%2Fnewevolveicons%2Fsports.PNG&amp;sf_options=fanart%3Dhttps%3A%2F%2Fsuperrepo.org%2Fstatic%2Fimages%2Ffanart%2Foriginal%2Fplugin.video.LiveTV.jpg%26winID%3D10025%26_options_sf&quot;)</favourite>
	<favourite name="BT SPORT 3 HD B Evolve Sports" thumb="http://matsbuilds.uk/pics/newevolveicons/sports.PNG">PlayMedia(&quot;plugin://plugin.video.Evolve/?url=http%3A%2F%2Fiptvch.selfip.info%2Flive%2Fsayed%2Fsayed%2F3710.ts%0D&amp;mode=2&amp;name=BT+SPORT+3+HD+B%0D&amp;description=&amp;iconimage=http%3A%2F%2Fmatsbuilds.uk%2Fpics%2Fnewevolveicons%2Fsports.PNG&amp;sf_options=fanart%3Dhttps%3A%2F%2Fsuperrepo.org%2Fstatic%2Fimages%2Ffanart%2Foriginal%2Fplugin.video.LiveTV.jpg%26winID%3D10025%26_options_sf&quot;)</favourite>
	<favourite name="BT Sport 3 zem S2 HD" thumb="DefaultFolder.png">PlayMedia(&quot;plugin://plugin.video.ZemTV-shani/?url=aXBib3g6aHR0cDovL2lwdHYubW9ua2V5Y2xpbmUuY29tOjI1NDYxL2xpdmUvamFzbmUvamFzbmUvODIwNC50c3xVc2VyLUFnZW50PVZMQy8yLjMuMSBMaWJWTEMvMi4yLjE3JkljeS1NZXRhRGF0YT0x&amp;mode=11&amp;name=%5BCOLOR+FF11b500%5DBt+sports+3hd%0D+ipbox%5B%2FCOLOR%5D&amp;sf_options=winID%3D10025%26_options_sf&quot;)</favourite>
	<favourite name="BT Sport 3 bamf IPTV" thumb="http://genietvcunts.co.uk/bamffff/14996309_10209473377528524_434205708_n.jpg">PlayMedia(&quot;plugin://plugin.video.sanctuary/?url=plugin%3A%2F%2Fplugin.video.f4mTester%2F%3Fstreamtype%3DTSDOWNLOADER%26amp%3Burl%3Dhttp%3A%2F%2Fiptvch.selfip.info%2Flive%2Fsayed%2Fsayed%2F3710.ts%3Bname%3DBAMF+TV&amp;mode=906&amp;regexs=&amp;setCookie=&amp;sf_options=winID%3D10025%26_options_sf&quot;)</favourite>
	<favourite name="BT Sport 3 oblivion S1" thumb="http://oblivionbuilds.com/Oblivionlogo.png">PlayMedia(&quot;plugin://plugin.video.sanctuary/?url=plugin%3A%2F%2Fplugin.video.f4mTester%2F%3Fstreamtype%3DTSDOWNLOADER%26amp%3Burl%3Dhttp%3A%2F%2F51.254.197.40%3A25461%2Flive%2Fhastings%2Fhastings%2F8204.ts%3Bname%3DOblivion+TV&amp;mode=906&amp;regexs=&amp;setCookie=&amp;sf_options=meta%3Dlabel%253DBT%252BSPORTS%252B3hd%2526title%253DBT%252BSPORTS%252B3hd%26winID%3D10025%26_options_sf&quot;)</favourite>
	<favourite name="BT Sport 3 oblivion S1" thumb="http://oblivionbuilds.com/Oblivionlogo.png">PlayMedia(&quot;plugin://plugin.video.sanctuary/?url=plugin%3A%2F%2Fplugin.video.f4mTester%2F%3Fstreamtype%3DTSDOWNLOADER%26amp%3Burl%3Dhttp%3A%2F%2F51.254.197.40%3A25461%2Flive%2Fhastings%2Fhastings%2F9822.ts%3Bname%3DOblivion+TV&amp;mode=906&amp;regexs=&amp;setCookie=&amp;sf_options=meta%3Dlabel%253DUK%25253A%252BBT%252BSPORTS%252B3%252BHD%2526title%253DUK%25253A%252BBT%252BSPORTS%252B3%252BHD%26winID%3D10025%26_options_sf&quot;)</favourite>
	<favourite name="BT Sport 3 HD sanctuary" thumb="http://sport.bt.com/s/assets/ucl/images/btsport3.png">PlayMedia(&quot;plugin://plugin.video.sanctuary/?url=plugin%3A%2F%2Fplugin.video.f4mTester%2F%3Fstreamtype%3DTSDOWNLOADER%26url%3Dhttp%3A%2F%2Fiptv.monkeycline.com%3A25461%2Flive%2Fpak%2Fpak%2F1703.ts%26streamtype%3D.TSDOWNLOADER%3Bname%3DBT+Sport+3&amp;mode=1112&amp;sf_options=fanart%3Dhttp%3A%2F%2Fwww.stephen-builds.co.uk%2Fwizard%2Ffanart12.jpg%26meta%3Dlabel%253DBT%252BSport%252B3%252BHD%2526title%253DBT%252BSport%252B3%252BHD%26winID%3D10025%26_options_sf&quot;)</favourite>
	<favourite name="BT Sport 3 UHD sanctuary" thumb="http://sport.bt.com/s/assets/ucl/images/btsport3.png">PlayMedia(&quot;plugin://plugin.video.sanctuary/?url=plugin%3A%2F%2Fplugin.video.f4mTester%2F%3Fstreamtype%3DTSDOWNLOADER%26url%3Dhttp%3A%2F%2F151.80.22.45%3A9900%2Flive%2F525%2F525%2F20547.ts%26streamtype%3D.TSDOWNLOADER%3Bname%3DBT+Sport+3&amp;mode=1112&amp;sf_options=fanart%3Dhttp%3A%2F%2Fwww.stephen-builds.co.uk%2Fwizard%2Ffanart12.jpg%26meta%3Dlabel%253DBT%252BSport%252B3%252BUHD%2526title%253DBT%252BSport%252B3%252BUHD%26winID%3D10025%26_options_sf&quot;)</favourite>
</favourites>