<favourites>
	<favourite name="Sky Sports 5 HD bamf 16/11/2016" thumb="https://www.dropbox.com/s/5l2alhsl2dpdd33/14996309_10209473377528524_434205708_n.jpg?dl=0">PlayMedia(&quot;plugin://plugin.video.sanctuary/?url=plugin%3A%2F%2Fplugin.video.f4mTester%2F%3Fstreamtype%3DTSDOWNLOADER%26amp%3Burl%3Dhttp%3A%2F%2Fcp.dmbshare.net%3A8000%2Flive%2Fdan%2Fdan%2F8438.ts%3Bname%3DBAMF+TV&amp;mode=1112&amp;sf_options=winID%3D10001%26_options_sf&quot;)</favourite>
	<favourite name="Sky Sports 5 Oblivion 16/11/2016" thumb="http://oblivionbuilds.com/Oblivionlogo.png">PlayMedia(&quot;plugin://plugin.video.OblivionStreams/?url=plugin%3A%2F%2Fplugin.video.SportsDevil%2F%3Fmode%3D1%26amp%3Bitem%3Dcatcher%253dstreams%2526url%3Dhttp%3A%2F%2Fwww.liveonlinetv247.info%2Fskysports5.php&amp;mode=12&amp;sf_options=fanart%3Dhttp%3A%2F%2Foblivionbuilds.com%2Ffanart.jpg%26winID%3D10001%26_options_sf&quot;)</favourite>
	<favourite name="Sky Sports 5 AK47 16/11/2016" thumb="http://www.liveonlinetv247.info/images/skysports5.png">PlayMedia(&quot;plugin://plugin.video.AK-47/?url=%24doregex%5Bget_sxstream%5D%7CUser-Agent%3DiPhone&amp;mode=17&amp;regexs=%7Bu%27get_sxstream%27%3A%20%7B%27expres%27%3A%20u%27src%3D.%2A%5B%22%2C%5C%27%5D%28.%2Am3u8.%2A%3F%29%5B%22%2C%5C%27%5D%27%2C%20%27referer%27%3A%20u%27http%3A//www.liveonlinetv247.info/%27%2C%20%27name%27%3A%20u%27get_sxstream%27%2C%20%27agent%27%3A%20u%27Mozilla/5.0%20%28Windows%20NT%2010.0%3B%20WOW64%29%20AppleWebKit/537.36%20%28KHTML%2C%20like%20Gecko%29%20Chrome/48.0.2564.116%20Safari/537.36%27%2C%20%27page%27%3A%20u%27http%3A//www.liveonlinetv247.info/embed/skysports5.php%27%7D%7D&amp;sf_options=fanart%3Dhttp%3A%2F%2Fs9.postimg.org%2Fqzvorcwz3%2Ffan.jpg%26winID%3D10001%26_options_sf&quot;)</favourite>
	<favourite name="Sky Sports 5  AceStreams" thumb="special://home/addons/plugin.video.castaway/resources/media/livefootballol.png">PlayMedia(&quot;plugin://plugin.video.castaway/?play=True&amp;img=%2FUsers%2Fdanielmuse%2FLibrary%2FApplication+Support%2FFreeTelly%2Faddons%2Fplugin.video.castaway%2Fresources%2Fmedia%2Flivefootballol.png&amp;title=Sky+Sports+5++%5BEnglish%5D+-+1250+kbps&amp;url=acestream%3A%2F%2F67290791331d2497a60a7cab0c3c25241d227729&amp;site=livefootballol_ch&amp;mode=play_p2p&amp;sf_options=fanart%3Dspecial%3A%2F%2Fhome%2Faddons%2Fplugin.video.castaway%2Ffanart.jpg%26winID%3D10001%26_options_sf&quot;)</favourite>
	<favourite name="[COLOR white]Sky Sports 5[/COLOR] vidtime 18/11/2016" thumb="http://www.lyngsat-logo.com/logo/tv/ss/sky_uk_sports5_ie.png ">PlayMedia(&quot;plugin://plugin.video.VidTime/?url=http%3A%2F%2Fwww.liveonlinetv247.info%2Fskysports5.php&amp;icon=http%3A%2F%2Fwww.lyngsat-logo.com%2Flogo%2Ftv%2Fss%2Fsky_uk_sports5_ie.png+&amp;mode=ONTV&amp;name=%5BCOLOR+white%5DSky+Sports+5%5B%2FCOLOR%5D&amp;sf_options=fanart%3Dhttp%3A%2F%2Fs5.postimg.org%2Faby4q1mvb%2Funited_kingdom_flag_16_cool_background.jpg%26winID%3D10001%26_options_sf&quot;)</favourite>
	<favourite name="[COLOR FF11b500]Sky sports 5 hd zem 18/11/2016[/COLOR]" thumb="DefaultFolder.png">PlayMedia(&quot;plugin://plugin.video.ZemTV-shani/?url=aXBib3g6aHR0cDovL2lwdHYubW9ua2V5Y2xpbmUuY29tOjI1NDYxL2xpdmUvamFzbmUvamFzbmUvMTY4OC50c3xVc2VyLUFnZW50PVZMQy8yLjIuMSBMaWJWTEMvMi4yLjE3JkljeS1NZXRhRGF0YT0x&amp;mode=11&amp;name=%5BCOLOR+FF11b500%5DSky+sports+5+hd%0D+ipbox%5B%2FCOLOR%5D&amp;sf_options=winID%3D10001%26_options_sf&quot;)</favourite>
	<favourite name="Sky Sports 5 special 18/11/2016" thumb="http://www.soccer07.com/wp-content/uploads/2016/07/skyhd5.jpg">PlayMedia(&quot;plugin://plugin.video.specialiststreams/?action=play&amp;url=%3Csublink%3Eplugin%3A%2F%2Fplugin.video.f4mTester%2F%3Fstreamtype%3DTSDOWNLOADER%26amp%3Burl%3Dhttp%3A%2F%2Fmediaiptv.xyz%3A8000%2Flive%2Fjack%2Fjones%2F1693.ts%3C%2Fsublink%3E%3Csublink%3Eplugin%3A%2F%2Fplugin.video.f4mTester%2F%3Fstreamtype%3DTSDOWNLOADER%26amp%3Burl%3Dhttp%3A%2F%2Fmediaiptv.xyz%3A8000%2Flive%2Fjack%2Fjones%2F729.ts%3C%2Fsublink%3E&amp;sf_options=fanart%3Dspecial%3A%2F%2Fhome%2Faddons%2Fplugin.video.specialiststreams%2Ffanart.jpg%26winID%3D10001%26_options_sf&quot;)</favourite>
	<favourite name="[COLOR orange]Sky Sports 5 HD [/COLOR] mic 18/11/2016" thumb="https://upload.wikimedia.org/wikipedia/en/2/2b/UKTV_logo.png">PlayMedia(&quot;plugin://plugin.video.mic/?url=plugin%3A%2F%2Fplugin.video.f4mTester%2F%3Fstreamtype%3DTSDOWNLOADER%3Bname%3DSKY+SPORT+5+HD%26url%3Dhttp%3A%2F%2F37.187.139.155%3A8000%2Flive%2Flightwrath%40live.com%2FWatchNow%21%2F599.ts&amp;mode=12&amp;sf_options=fanart%3Dhttp%3A%2F%2Fwallpapercave.com%2Fwp%2FPaxa7aH.jpg%26winID%3D10001%26_options_sf&quot;)</favourite>
	<favourite name="Sky Sports 5 sanctuary 18/11/2016" thumb="http://wikitv.eu/wp-content/uploads/2015/03/SKY-SPORTS-5.jpeg">PlayMedia(&quot;plugin://plugin.video.sanctuary/?url=plugin%3A%2F%2Fplugin.video.f4mTester%2F%3Fstreamtype%3DTSDOWNLOADER%26url%3Dhttp%3A%2F%2Fgo.teamexpat.ninja%2Flive%2FBanana17%40live.co.uk%2Fmacduff%2F12250.ts%26streamtype%3D.TSDOWNLOADER%3Bname%3DSky+Sport+5+HD&amp;mode=1112&amp;sf_options=fanart%3Dspecial%3A%2F%2Fhome%2Faddons%2Fplugin.video.sanctuary%2Ffanart.jpg%26winID%3D10001%26_options_sf&quot;)</favourite>
	<favourite name="Sky Sports 5 sanctuary UHD" thumb="http://wikitv.eu/wp-content/uploads/2015/03/SKY-SPORTS-5.jpeg">PlayMedia(&quot;plugin://plugin.video.sanctuary/?url=plugin%3A%2F%2Fplugin.video.f4mTester%2F%3Fstreamtype%3DTSDOWNLOADER%26url%3Dhttp%3A%2F%2Fgo.teamexpat.ninja%2Flive%2FBanana17%40live.co.uk%2Fmacduff%2F45024.ts%26streamtype%3D.TSDOWNLOADER%3Bname%3DSky+Sport+5+HD&amp;mode=1112&amp;sf_options=fanart%3Dspecial%3A%2F%2Fhome%2Faddons%2Fplugin.video.sanctuary%2Ffanart.jpg%26winID%3D10001%26_options_sf&quot;)</favourite>
	<favourite name="Sky Sports 5 special 19/11/2016" thumb="http://www.soccer07.com/wp-content/uploads/2016/07/skyhd5.jpg">PlayMedia(&quot;plugin://plugin.video.specialiststreams/?action=play&amp;url=%3Csublink%3Eplugin%3A%2F%2Fplugin.video.f4mTester%2F%3Fstreamtype%3DTSDOWNLOADER%26amp%3Burl%3Dhttp%3A%2F%2Fmediaiptv.xyz%3A8000%2Flive%2Fhagans%2Fjames%2F1693.ts%3C%2Fsublink%3E%3Csublink%3Eplugin%3A%2F%2Fplugin.video.f4mTester%2F%3Fstreamtype%3DTSDOWNLOADER%26amp%3Burl%3Dhttp%3A%2F%2Fmediaiptv.xyz%3A8000%2Flive%2Fhagans%2Fjames%2F729.ts%3C%2Fsublink%3E&amp;sf_options=fanart%3Dspecial%3A%2F%2Fhome%2Faddons%2Fplugin.video.specialiststreams%2Ffanart.jpg%26winID%3D10001%26_options_sf&quot;)</favourite>
</favourites>