<favourites>
	<favourite name="BBC One Fido" thumb="http://www.ugandacf.org/images/clients/ucf-bbc-logo.png">PlayMedia(&quot;plugin://plugin.video.sanctuary/?fanart=http%3a%2f%2ffantazyrepo.uk%2faddonimages%2flivetv%2fLiveTV.jpg&amp;mode=1130&amp;name=BBC%201&amp;url=%0asublink%3ahttp%3a%2f%2fvs-hds-uk-live.akamaized.net%2fpool_32%2flive%2fbbc_one_london%2fbbc_one_london.isml%2fbbc_one_london-pa3%3d96000-video%3d827008.m3u8%23%0asublink%3ahttp%3a%2f%2forigin.catchup.tv%3a1935%2fcatchuptv%2f5739e4c0de%2fplaylist999.m3u8%23%0a&amp;sf_options=fanart%3Dhttp%3A%2F%2Ffantazyrepo.uk%2Faddonimages%2Flivetv%2FLiveTV.jpg%26_options_sf&quot;)</favourite>
	<favourite name="BBC One - FILMON.TV SD" thumb="http://static.filmon.com/couch/channels/14/extra_big_logo.png">PlayMedia(&quot;plugin://plugin.video.F.T.V/?url=14&amp;mode=125&amp;name=BBC+One+%2814%29&amp;iconimage=http%3A%2F%2Fstatic.filmon.com%2Fcouch%2Fchannels%2F14%2Fextra_big_logo.png&amp;start=na&amp;ch_fanart=na&amp;sf_options=fanart%3Dspecial%3A%2F%2Fhome%2Faddons%2Fplugin.video.F.T.V%2Ffanart.jpg%26winID%3D10001%26desc%3Ddescription%26_options_sf&quot;)</favourite>
	<favourite name="BBC One - Freeview 720p" thumb="https://assets.tvplayer.com/common/logos/256/Inverted/89.png">PlayMedia(&quot;plugin://plugin.video.freeview/?url=http%3A%2F%2Fvs-hls-uk-live.edgesuite.net%2Fpool_30%2Flive%2Fbbc_one_hd%2Fbbc_one_hd.isml%2Fbbc_one_hd-pa4%253d128000-video%253d5070000.m3u8&amp;mode=1&amp;name=BBC+One+HD&amp;sf_options=fanart%3Dspecial%3A%2F%2Fhome%2Faddons%2Fplugin.video.freeview%2Ffanart.jpg%26winID%3D10001%26_options_sf&quot;)</favourite>
	<favourite name="BBC One HD - BBC iPlayer" thumb="https://assets.tvplayer.com/common/logos/256/Inverted/89.png">PlayMedia(&quot;plugin://plugin.video.freeview/?url=http%3A%2F%2Fvs-hls-uk-live.edgesuite.net%2Fpool_30%2Flive%2Fbbc_one_hd%2Fbbc_one_hd.isml%2Fbbc_one_hd-pa4%253d128000-video%253d5070000.m3u8&amp;mode=1&amp;name=BBC+One+HD+%7C+BBC+iPlayer&amp;sf_options=fanart%3Dspecial%3A%2F%2Fhome%2Faddons%2Fplugin.video.freeview%2Ffanart.jpg%26winID%3D10001%26_options_sf&quot;)</favourite>
	<favourite name="BBC One - FilmOn" thumb="https://assets.tvplayer.com/common/logos/256/Inverted/89.png">PlayMedia(&quot;plugin://plugin.video.freeview/?url=https%3A%2F%2Fwww.filmon.com%2Ftv%2Fbbc-one&amp;mode=1&amp;name=BBC+One+%7C+FilmOn&amp;sf_options=fanart%3Dspecial%3A%2F%2Fhome%2Faddons%2Fplugin.video.freeview%2Ffanart.jpg%26winID%3D10001%26_options_sf&quot;)</favourite>
	<favourite name="BBC One - TVPlayer" thumb="https://assets.tvplayer.com/common/logos/256/Inverted/89.png">PlayMedia(&quot;plugin://plugin.video.freeview/?url=89&amp;mode=2&amp;name=BBC+One+%7C+TVPlayer&amp;sf_options=fanart%3Dspecial%3A%2F%2Fhome%2Faddons%2Fplugin.video.freeview%2Ffanart.jpg%26winID%3D10001%26_options_sf&quot;)</favourite>
	<favourite name="BBC One London" thumb="special://home/addons/plugin.video.bbciplayer/img/bbc_one_hd.png">PlayMedia(&quot;plugin://plugin.video.bbciplayer/?url=http%3A%2F%2Fa.files.bbci.co.uk%2Fmedia%2Flive%2Fmanifesto%2Faudio_video%2Fsimulcast%2Fhls%2Fuk%2Fhls_tablet%2Fak%2Fbbc_one_hd.m3u8&amp;mode=6&amp;name=BBC+One+London&amp;iconimage=%2FUsers%2Fdanielmuse%2FLibrary%2FApplication+Support%2FFreeTelly%2Faddons%2Fplugin.video.bbciplayer%2Fimg%2Fbbc_one_hd.png&amp;description=&amp;IPID=&amp;sf_options=fanart%3Dspecial%3A%2F%2Fhome%2Faddons%2Fplugin.video.bbciplayer%2Fimg%2Fbbc_one_hd.png%26winID%3D10001%26_options_sf&quot;)</favourite>
	<favourite name="BBC One East" thumb="special://home/addons/plugin.video.bbciplayer/img/bbc_one_hd.png">PlayMedia(&quot;plugin://plugin.video.bbciplayer/?url=http%3A%2F%2Fa.files.bbci.co.uk%2Fmedia%2Flive%2Fmanifesto%2Faudio_video%2Fsimulcast%2Fhls%2Fuk%2Fhls_tablet%2Fak%2Fbbc_one_hd.m3u8&amp;mode=6&amp;name=BBC+One+East&amp;iconimage=%2FUsers%2Fdanielmuse%2FLibrary%2FApplication+Support%2FFreeTelly%2Faddons%2Fplugin.video.bbciplayer%2Fimg%2Fbbc_one_hd.png&amp;description=&amp;IPID=&amp;sf_options=fanart%3Dspecial%3A%2F%2Fhome%2Faddons%2Fplugin.video.bbciplayer%2Fimg%2Fbbc_one_hd.png%26winID%3D10001%26_options_sf&quot;)</favourite>
	<favourite name="BBC One East Midlands" thumb="special://home/addons/plugin.video.bbciplayer/img/bbc_one_hd.png">PlayMedia(&quot;plugin://plugin.video.bbciplayer/?url=http%3A%2F%2Fa.files.bbci.co.uk%2Fmedia%2Flive%2Fmanifesto%2Faudio_video%2Fsimulcast%2Fhls%2Fuk%2Fhls_tablet%2Fak%2Fbbc_one_hd.m3u8&amp;mode=6&amp;name=BBC+One+East+Midlands&amp;iconimage=%2FUsers%2Fdanielmuse%2FLibrary%2FApplication+Support%2FFreeTelly%2Faddons%2Fplugin.video.bbciplayer%2Fimg%2Fbbc_one_hd.png&amp;description=&amp;IPID=&amp;sf_options=fanart%3Dspecial%3A%2F%2Fhome%2Faddons%2Fplugin.video.bbciplayer%2Fimg%2Fbbc_one_hd.png%26winID%3D10001%26_options_sf&quot;)</favourite>
	<favourite name="BBC One East Yorkshire" thumb="special://home/addons/plugin.video.bbciplayer/img/bbc_one_hd.png">PlayMedia(&quot;plugin://plugin.video.bbciplayer/?url=http%3A%2F%2Fa.files.bbci.co.uk%2Fmedia%2Flive%2Fmanifesto%2Faudio_video%2Fsimulcast%2Fhls%2Fuk%2Fhls_tablet%2Fak%2Fbbc_one_hd.m3u8&amp;mode=6&amp;name=BBC+One+East+Yorkshire&amp;iconimage=%2FUsers%2Fdanielmuse%2FLibrary%2FApplication+Support%2FFreeTelly%2Faddons%2Fplugin.video.bbciplayer%2Fimg%2Fbbc_one_hd.png&amp;description=&amp;IPID=&amp;sf_options=fanart%3Dspecial%3A%2F%2Fhome%2Faddons%2Fplugin.video.bbciplayer%2Fimg%2Fbbc_one_hd.png%26winID%3D10001%26_options_sf&quot;)</favourite>
	<favourite name="BBC One North East" thumb="special://home/addons/plugin.video.bbciplayer/img/bbc_one_hd.png">PlayMedia(&quot;plugin://plugin.video.bbciplayer/?url=http%3A%2F%2Fa.files.bbci.co.uk%2Fmedia%2Flive%2Fmanifesto%2Faudio_video%2Fsimulcast%2Fhls%2Fuk%2Fhls_tablet%2Fak%2Fbbc_one_hd.m3u8&amp;mode=6&amp;name=BBC+One+North+East&amp;iconimage=%2FUsers%2Fdanielmuse%2FLibrary%2FApplication+Support%2FFreeTelly%2Faddons%2Fplugin.video.bbciplayer%2Fimg%2Fbbc_one_hd.png&amp;description=&amp;IPID=&amp;sf_options=fanart%3Dspecial%3A%2F%2Fhome%2Faddons%2Fplugin.video.bbciplayer%2Fimg%2Fbbc_one_hd.png%26winID%3D10001%26_options_sf&quot;)</favourite>
	<favourite name="BBC One North West" thumb="special://home/addons/plugin.video.bbciplayer/img/bbc_one_hd.png">PlayMedia(&quot;plugin://plugin.video.bbciplayer/?url=http%3A%2F%2Fa.files.bbci.co.uk%2Fmedia%2Flive%2Fmanifesto%2Faudio_video%2Fsimulcast%2Fhls%2Fuk%2Fhls_tablet%2Fak%2Fbbc_one_hd.m3u8&amp;mode=6&amp;name=BBC+One+North+West&amp;iconimage=%2FUsers%2Fdanielmuse%2FLibrary%2FApplication+Support%2FFreeTelly%2Faddons%2Fplugin.video.bbciplayer%2Fimg%2Fbbc_one_hd.png&amp;description=&amp;IPID=&amp;sf_options=fanart%3Dspecial%3A%2F%2Fhome%2Faddons%2Fplugin.video.bbciplayer%2Fimg%2Fbbc_one_hd.png%26winID%3D10001%26_options_sf&quot;)</favourite>
	<favourite name="BBC One Oxford" thumb="special://home/addons/plugin.video.bbciplayer/img/bbc_one_hd.png">PlayMedia(&quot;plugin://plugin.video.bbciplayer/?url=http%3A%2F%2Fa.files.bbci.co.uk%2Fmedia%2Flive%2Fmanifesto%2Faudio_video%2Fsimulcast%2Fhls%2Fuk%2Fhls_tablet%2Fak%2Fbbc_one_hd.m3u8&amp;mode=6&amp;name=BBC+One+Oxford&amp;iconimage=%2FUsers%2Fdanielmuse%2FLibrary%2FApplication+Support%2FFreeTelly%2Faddons%2Fplugin.video.bbciplayer%2Fimg%2Fbbc_one_hd.png&amp;description=&amp;IPID=&amp;sf_options=fanart%3Dspecial%3A%2F%2Fhome%2Faddons%2Fplugin.video.bbciplayer%2Fimg%2Fbbc_one_hd.png%26winID%3D10001%26_options_sf&quot;)</favourite>
	<favourite name="BBC One South" thumb="special://home/addons/plugin.video.bbciplayer/img/bbc_one_hd.png">PlayMedia(&quot;plugin://plugin.video.bbciplayer/?url=http%3A%2F%2Fa.files.bbci.co.uk%2Fmedia%2Flive%2Fmanifesto%2Faudio_video%2Fsimulcast%2Fhls%2Fuk%2Fhls_tablet%2Fak%2Fbbc_one_hd.m3u8&amp;mode=6&amp;name=BBC+One+South&amp;iconimage=%2FUsers%2Fdanielmuse%2FLibrary%2FApplication+Support%2FFreeTelly%2Faddons%2Fplugin.video.bbciplayer%2Fimg%2Fbbc_one_hd.png&amp;description=&amp;IPID=&amp;sf_options=fanart%3Dspecial%3A%2F%2Fhome%2Faddons%2Fplugin.video.bbciplayer%2Fimg%2Fbbc_one_hd.png%26winID%3D10001%26_options_sf&quot;)</favourite>
	<favourite name="BBC One West" thumb="special://home/addons/plugin.video.bbciplayer/img/bbc_one_hd.png">PlayMedia(&quot;plugin://plugin.video.bbciplayer/?url=http%3A%2F%2Fa.files.bbci.co.uk%2Fmedia%2Flive%2Fmanifesto%2Faudio_video%2Fsimulcast%2Fhls%2Fuk%2Fhls_tablet%2Fak%2Fbbc_one_hd.m3u8&amp;mode=6&amp;name=BBC+One+West&amp;iconimage=%2FUsers%2Fdanielmuse%2FLibrary%2FApplication+Support%2FFreeTelly%2Faddons%2Fplugin.video.bbciplayer%2Fimg%2Fbbc_one_hd.png&amp;description=&amp;IPID=&amp;sf_options=fanart%3Dspecial%3A%2F%2Fhome%2Faddons%2Fplugin.video.bbciplayer%2Fimg%2Fbbc_one_hd.png%26winID%3D10001%26_options_sf&quot;)</favourite>
	<favourite name="BBC One West Midlands" thumb="special://home/addons/plugin.video.bbciplayer/img/bbc_one_hd.png">PlayMedia(&quot;plugin://plugin.video.bbciplayer/?url=http%3A%2F%2Fa.files.bbci.co.uk%2Fmedia%2Flive%2Fmanifesto%2Faudio_video%2Fsimulcast%2Fhls%2Fuk%2Fhls_tablet%2Fak%2Fbbc_one_hd.m3u8&amp;mode=6&amp;name=BBC+One+West+Midlands&amp;iconimage=%2FUsers%2Fdanielmuse%2FLibrary%2FApplication+Support%2FFreeTelly%2Faddons%2Fplugin.video.bbciplayer%2Fimg%2Fbbc_one_hd.png&amp;description=&amp;IPID=&amp;sf_options=fanart%3Dspecial%3A%2F%2Fhome%2Faddons%2Fplugin.video.bbciplayer%2Fimg%2Fbbc_one_hd.png%26winID%3D10001%26_options_sf&quot;)</favourite>
	<favourite name="BBC One Yorks" thumb="special://home/addons/plugin.video.bbciplayer/img/bbc_one_hd.png">PlayMedia(&quot;plugin://plugin.video.bbciplayer/?url=http%3A%2F%2Fa.files.bbci.co.uk%2Fmedia%2Flive%2Fmanifesto%2Faudio_video%2Fsimulcast%2Fhls%2Fuk%2Fhls_tablet%2Fak%2Fbbc_one_hd.m3u8&amp;mode=6&amp;name=BBC+One+Yorks&amp;iconimage=%2FUsers%2Fdanielmuse%2FLibrary%2FApplication+Support%2FFreeTelly%2Faddons%2Fplugin.video.bbciplayer%2Fimg%2Fbbc_one_hd.png&amp;description=&amp;IPID=&amp;sf_options=fanart%3Dspecial%3A%2F%2Fhome%2Faddons%2Fplugin.video.bbciplayer%2Fimg%2Fbbc_one_hd.png%26winID%3D10001%26_options_sf&quot;)</favourite>
</favourites>