<favourites>
	<favourite name="Renegades 5 - Bt sport 1 hd" thumb="DefaultFolder.png">PlayMedia(&quot;plugin://plugin.video.ZemTV-shani/?url=aXBib3g6aHR0cDovLzUxLjI1NS43MC4xMTI6ODAwMC9saXZlL3Rlc3QvdGVzdC83MzMudHN8VXNlci1BZ2VudD1WTEMvMi4yLjEgTGliVkxDLzIuMi4xNyZJY3ktTWV0YURhdGE9MQ%3D%3D&amp;mode=11&amp;name=%5BCOLOR+FF11b500%5DBt+sport+1+hd%0D+ipbox%5B%2FCOLOR%5D&amp;sf_options=winID%3D10025%26_options_sf&quot;)</favourite>
	<favourite name="Renegades 5 - Bt sports 1" thumb="DefaultFolder.png">PlayMedia(&quot;plugin://plugin.video.ZemTV-shani/?url=aXBib3g6aHR0cDovLzUxLjI1NS43MC4xMTI6ODAwMC9saXZlL3Rlc3QvdGVzdC8xOTgwLnRzfFVzZXItQWdlbnQ9VkxDLzIuMi4xIExpYlZMQy8yLjIuMTcmSWN5LU1ldGFEYXRhPTE%3D&amp;mode=11&amp;name=%5BCOLOR+FF11b500%5DBt+sports+1%0D+ipbox%5B%2FCOLOR%5D&amp;sf_options=winID%3D10025%26_options_sf&quot;)</favourite>
	<favourite name="Renegades 5  - Bt sport 1 hd" thumb="DefaultFolder.png">PlayMedia(&quot;plugin://plugin.video.ZemTV-shani/?url=aXBib3g6aHR0cDovLzUxLjI1NS43MC4xMTI6ODAwMC9saXZlL3BnL3BnLzczMy50c3xVc2VyLUFnZW50PVZMQy8yLjIuMSBMaWJWTEMvMi4yLjE3JkljeS1NZXRhRGF0YT0x&amp;mode=11&amp;name=%5BCOLOR+FF11b500%5DBt+sport+1+hd%0D+ipbox%5B%2FCOLOR%5D&amp;sf_options=winID%3D10025%26_options_sf&quot;)</favourite>
	<favourite name="Renegades 5 - Bt sports 1" thumb="DefaultFolder.png">PlayMedia(&quot;plugin://plugin.video.ZemTV-shani/?url=aXBib3g6aHR0cDovLzUxLjI1NS43MC4xMTI6ODAwMC9saXZlL3BnL3BnLzE5ODAudHN8VXNlci1BZ2VudD1WTEMvMi4yLjEgTGliVkxDLzIuMi4xNyZJY3ktTWV0YURhdGE9MQ%3D%3D&amp;mode=11&amp;name=%5BCOLOR+FF11b500%5DBt+sports+1%0D+ipbox%5B%2FCOLOR%5D&amp;sf_options=winID%3D10025%26_options_sf&quot;)</favourite>
	<favourite name="Renegades 5 [BT Sports 1 - 720p]" thumb="http://i60.tinypic.com/2a8f14g.png">PlayMedia(&quot;plugin://plugin.video.NJMSoccer/?url=plugin%3A%2F%2Fplugin.video.f4mTester%2F%3Fstreamtype%3DTSDOWNLOADER%26url%3Dhttp%3A%2F%2Fgrandiptv.myftp.org%3A8000%2Flive%2F5grandiptv915%2F67863345%2F691.ts&amp;mode=12&amp;sf_options=fanart%3Dspecial%3A%2F%2Fhome%2Faddons%2Fplugin.video.NJMSoccer%2Ffanart.jpg%26winID%3D10025%26_options_sf&quot;)</favourite>
	<favourite name="Renegades 5" thumb="http://i64.tinypic.com/29gyoo.png">PlayMedia(&quot;plugin://plugin.video.NJMSoccer/?url=plugin%3A%2F%2Fplugin.video.SportsDevil%2F%3Fmode%3D1%26amp%3Bitem%3Dcatcher%253dstreams%2526url%3Dhttp%3A%2F%2Fshowsport-tv.com%2Fembedplayer.php%3Fch%3Dbt1%26width%3B%3D700%26height%3B%3D450%26server%3B%3D1%2526referer%3Dhttp%3A%2F%2Fshowsport-tv.com%2Fch%2Fbt-sport-1&amp;mode=12&amp;sf_options=fanart%3Dhttp%3A%2F%2Fi64.tinypic.com%2F29gyoo.png%26winID%3D10025%26_options_sf&quot;)</favourite>
	<favourite name="Renegades 5" thumb="http://i64.tinypic.com/29gyoo.png">PlayMedia(&quot;plugin://plugin.video.NJMSoccer/?url=plugin%3A%2F%2Fplugin.video.SportsDevil%2F%3Fmode%3D1%26amp%3Bitem%3Dcatcher%253dstreams%2526url%3Dhttp%3A%2F%2Fshowsport-tv.com%2Fembedplayer.php%3Fch%3Dbt1%26width%3B%3D700%26height%3B%3D450%26server%3B%3D2%2526referer%3Dhttp%3A%2F%2Fshowsport-tv.com%2Fch%2Fbt-sport-1&amp;mode=12&amp;sf_options=fanart%3Dhttp%3A%2F%2Fi64.tinypic.com%2F29gyoo.png%26winID%3D10025%26_options_sf&quot;)</favourite>
	<favourite name="Renegades 5 Celtic v Alloa" thumb="http://i64.tinypic.com/29gyoo.png">PlayMedia(&quot;plugin://plugin.video.NJMSoccer/?url=plugin%3A%2F%2Fplugin.video.SportsDevil%2F%3Fmode%3D1%26amp%3Bitem%3Dcatcher%253dstreams%2526url%3Dhttp%3A%2F%2Fwww.streamsarena.eu%2Fstreams%2Fstream14.php%2526referer%3Dhttp%3A%2F%2Fwww.streamsarena.eu%2Fevents%2F20160921%2Fceltic-vs-alloa-athletic-live-stream.php&amp;mode=12&amp;sf_options=fanart%3Dhttp%3A%2F%2Fi64.tinypic.com%2F29gyoo.png%26winID%3D10025%26_options_sf&quot;)</favourite>
</favourites>