<favourites>
	<favourite name="Renegades 5 [COLOR yellow]20:00 WRESTLING  HELL IN A CELL / WWE PPV[COLOR red]/ACESTREAM[COLOR blue]EST[/COLOR]" thumb=" ">PlayMedia(&quot;plugin://program.plexus/?mode=1&amp;url=acestream://75495b030175229976bf2f619684ce12f61ee959&amp;name=VIDTIME&amp;sf_options=fanart%3Dhttp%3A%2F%2Fs5.postimg.org%2Fk44hcn1c7%2FLivewall.jpg%26winID%3D10025%26_options_sf&quot;)</favourite>
	<favourite name="Renegades 5 [COLOR yellow]20:00 WRESTLING  HELL IN A CELL / WWE PPV[COLOR red]/ACESTREAM[COLOR blue]EST[/COLOR]" thumb=" ">PlayMedia(&quot;plugin://program.plexus/?mode=1&amp;url=acestream://4d0e8adbe3f332d24467873cd4831e6992ea465c&amp;name=VIDTIME&amp;sf_options=fanart%3Dhttp%3A%2F%2Fs5.postimg.org%2Fk44hcn1c7%2FLivewall.jpg%26winID%3D10025%26_options_sf&quot;)</favourite>
	<favourite name="Renegades 5 [COLOR yellow]20:00 WRESTLING  HELL IN A CELL / WWE PPV[COLOR limegreen]/SOPCAST[COLOR blue]EST[/COLOR]" thumb=" ">PlayMedia(&quot;plugin://program.plexus/?mode=2&amp;url=sop://broker./SOPCAST.com:3912/262494&amp;sf_options=fanart%3Dhttp%3A%2F%2Fs5.postimg.org%2Fk44hcn1c7%2FLivewall.jpg%26winID%3D10025%26_options_sf&quot;)</favourite>
	<favourite name="Renegades 5 Acestream" thumb="DefaultVideo.png">PlayMedia(&quot;plugin://plugin.video.prosport/?url=acestream%3A%2F%2F75495b030175229976bf2f619684ce12f61ee959&amp;mode=play&amp;orig=00%3A00+-+05%3A00+-+WWE+Hell+in+a+CELL+PPV+%28Main+Event%29&amp;sf_options=winID%3D10025%26_options_sf&quot;)</favourite>
	<favourite name="Renegades 5 Acestream" thumb="DefaultVideo.png">PlayMedia(&quot;plugin://plugin.video.prosport/?url=acestream%3A%2F%2F4d0e8adbe3f332d24467873cd4831e6992ea465c&amp;mode=play&amp;orig=00%3A00+-+05%3A00+-+WWE+Hell+in+a+CELL+PPV+%28Main+Event%29&amp;sf_options=winID%3D10025%26_options_sf&quot;)</favourite>
	<favourite name="Renegades 5 Sopcast" thumb="DefaultVideo.png">PlayMedia(&quot;plugin://plugin.video.prosport/?url=sop%3A%2F%2Fbroker.sopcast.com%3A3912%2F262494&amp;mode=play&amp;orig=00%3A00+-+05%3A00+-+WWE+Hell+in+a+CELL+PPV+%28Main+Event%29&amp;sf_options=winID%3D10025%26_options_sf&quot;)</favourite>
	<favourite name="Renegades 5 SD" thumb="87423_wwe.jpg">PlayMedia(&quot;plugin://plugin.video.ZemTV-shani/?url=ZmFzdDpodHRwOi8vMTYzLjE3Mi4xNDIuMjQyOjgwODEvc3dpZnRuZXcvd3dlaGQvcGxheWxpc3QubTN1OA%3D%3D&amp;mode=11&amp;name=%5BCOLOR+FF11b500%5DWwe+network%5B%2FCOLOR%5D&amp;sf_options=winID%3D10025%26_options_sf&quot;)</favourite>
</favourites>