<favourites>
	<favourite name="Renegades 5 - Man City" thumb="http://i438.photobucket.com/albums/qq102/krazykraz/SN-ONE.png">PlayMedia(&quot;plugin://plugin.video.mic/?url=plugin%3A%2F%2Fplugin.video.f4mTester%2F%3Fstreamtype%3DTSDOWNLOADER%26name%3DSportsNet+World%26url%3Dhttp%3A%2F%2Flightspeed.sytes.net%3A25461%2Flive%2FexQbn8JqFa%2F2jE8Z1lXvx%2F616.ts&amp;mode=12&amp;iconimage=http%3A%2F%2Fi438.photobucket.com%2Falbums%2Fqq102%2Fkrazykraz%2FSN-ONE.png&amp;sf_options=fanart%3Dhttp%3A%2F%2Fi438.photobucket.com%2Falbums%2Fqq102%2Fkrazykraz%2FSportsNetNow.jpg%26winID%3D10025%26_options_sf&quot;)</favourite>
	<favourite name="Renegades 5 - Man City" thumb="http://i438.photobucket.com/albums/qq102/krazykraz/SN-ONE.png">PlayMedia(&quot;plugin://plugin.video.mic/?url=plugin%3A%2F%2Fplugin.video.SportsDevil%2F%3Fmode%3D1%26amp%3Bitem%3Dcatcher%253dstreams%2526url%3Dhttp%3A%2F%2Fcricfree.sx%2Fupdate%2Fsnone.php%2526referer%3Dhttp%3A%2F%2Fcricfree.sx%2F&amp;mode=12&amp;iconimage=http%3A%2F%2Fi438.photobucket.com%2Falbums%2Fqq102%2Fkrazykraz%2FSN-ONE.png&amp;sf_options=fanart%3Dhttp%3A%2F%2Fgamerlimit.com%2Fwp-content%2Fuploads%2F2016%2F04%2Foriginal.jpg%26winID%3D10025%26_options_sf&quot;)</favourite>
	<favourite name="Renegades 5 - MAN CITY ACE1" thumb="https://i.ytimg.com/vi/Lxv5YiumGdI/maxresdefault.jpg">PlayMedia(&quot;plugin://plugin.video.NJMSoccer/?url=plugin%3A%2F%2Fprogram.plexus%2F%3Fmode%3D1%26url%3Dacestream%3A%2F%2F9b67f6041e3ff9c71484bfd53a102817889b1804%26name%3DMy%2Bacestream%2Bchannel&amp;mode=12&amp;sf_options=fanart%3Dhttps%3A%2F%2Fi.ytimg.com%2Fvi%2FLxv5YiumGdI%2Fmaxresdefault.jpg%26winID%3D10025%26_options_sf&quot;)</favourite>
	<favourite name="Renegades 5 - MAN CITY ACE2" thumb="https://i.ytimg.com/vi/Lxv5YiumGdI/maxresdefault.jpg">PlayMedia(&quot;plugin://plugin.video.NJMSoccer/?url=plugin%3A%2F%2Fprogram.plexus%2F%3Fmode%3D1%26url%3Dacestream%3A%2F%2F2afed8296d3e093bd513df41bb6c47dd29331b55%26name%3DMy%2Bacestream%2Bchannel&amp;mode=12&amp;sf_options=fanart%3Dhttps%3A%2F%2Fi.ytimg.com%2Fvi%2FLxv5YiumGdI%2Fmaxresdefault.jpg%26winID%3D10025%26_options_sf&quot;)</favourite>
	<favourite name="Renegades 5 - MAN CITY ACE3" thumb="https://i.ytimg.com/vi/Lxv5YiumGdI/maxresdefault.jpg">PlayMedia(&quot;plugin://plugin.video.NJMSoccer/?url=plugin%3A%2F%2Fprogram.plexus%2F%3Fmode%3D1%26url%3Dacestream%3A%2F%2F2bb040a6908cfaa274240e61e3fadc52554b98d9%26name%3DMy%2Bacestream%2Bchannel&amp;mode=12&amp;sf_options=fanart%3Dhttps%3A%2F%2Fi.ytimg.com%2Fvi%2FLxv5YiumGdI%2Fmaxresdefault.jpg%26winID%3D10025%26_options_sf&quot;)</favourite>
	<favourite name="Renegades 5 - Man City" thumb="DefaultFolder.png">PlayMedia(&quot;plugin://plugin.video.ZemTV-shani/?url=aXBib3g6aHR0cDovLzE2My4xNzIuODEuMzM6MTIzNC9saXZlL3d3dy5pcHR2cmVzdHJlYW0ubmV0L2VlR1kwVExsVTYvMzk5LnRzfFVzZXItQWdlbnQ9ZnVjazQxMjE%3D&amp;mode=11&amp;name=Ar+%7C+bein+sports+11+hd+%3D%3E+http%3A%2F%2Fiptvrestream.net%2F%0D+ipbox&amp;sf_options=winID%3D10025%26_options_sf&quot;)</favourite>
	<favourite name="Renegades 5 - Man City" thumb="DefaultFolder.png">PlayMedia(&quot;plugin://plugin.video.ZemTV-shani/?url=aXBib3g6aHR0cDovLzE2My4xNzIuODEuMzM6MTIzNC9saXZlL3d3dy5pcHR2cmVzdHJlYW0ubmV0L2VlR1kwVExsVTYvMzkyLnRzfFVzZXItQWdlbnQ9ZnVjazQxMjE%3D&amp;mode=11&amp;name=Ar+%7C+bein+sports+2+hd+%3D%3E+http%3A%2F%2Fiptvrestream.net%2F%0D+ipbox&amp;sf_options=winID%3D10025%26_options_sf&quot;)</favourite>
</favourites>