<favourites>
	<favourite name="Renegades 5 - The Money Fight: Floyd Mayweather Jr.-Conor McGregor 1" thumb="https://i.ebayimg.com/images/g/92kAAOSwEUVZZb6u/s-l300.jpg">PlayMedia(&quot;plugin://plugin.video.mic/?url=plugin%3A%2F%2Fplugin.video.SportsDevil%2F%3Fmode%3D1%26amp%3Bitem%3Dcatcher%253dstreams%2526url%3Dhttp%3A%2F%2Fbuffstream.com%2Fwatch%2Fboxing.php%2526referer%3D0&amp;mode=12&amp;iconimage=https%3A%2F%2Fi.ebayimg.com%2Fimages%2Fg%2F92kAAOSwEUVZZb6u%2Fs-l300.jpg&amp;sf_options=fanart%3Dhttps%3A%2F%2Fi.ytimg.com%2Fvi%2FUH3DoH5Y6gs%2Fmaxresdefault.jpg%26winID%3D10025%26_options_sf&quot;)</favourite>
	<favourite name="Renegades 5 - The Money Fight: Floyd Mayweather Jr.-Conor McGregor 5" thumb="https://i.ebayimg.com/images/g/92kAAOSwEUVZZb6u/s-l300.jpg">PlayMedia(&quot;plugin://plugin.video.mic/?url=plugin%3A%2F%2Fplugin.video.f4mTester%2F%3Furl%3Dhttp%3A%2F%2Fsporti.tv%3A6500%2Flive%2FVLcrjqw2ud%2Fn76SRhylDe%2F7979.ts%26streamtype%3DTSDOWNLOADER%26name%3DThe+Money+Fight%26maxbitrate%3D0%26Buffer%3D20971520&amp;mode=12&amp;iconimage=https%3A%2F%2Fi.ebayimg.com%2Fimages%2Fg%2F92kAAOSwEUVZZb6u%2Fs-l300.jpg&amp;sf_options=fanart%3Dhttps%3A%2F%2Fi.ytimg.com%2Fvi%2FUH3DoH5Y6gs%2Fmaxresdefault.jpg%26winID%3D10025%26_options_sf&quot;)</favourite>
	<favourite name="Renegades 5 The Money Fight: Floyd Mayweather Jr.-Conor McGregor 8" thumb="https://i.ebayimg.com/images/g/92kAAOSwEUVZZb6u/s-l300.jpg">PlayMedia(&quot;plugin://plugin.video.mic/?url=plugin%3A%2F%2Fplugin.video.f4mTester%2F%3Furl%3Dhttp%3A%2F%2Fwatch.necroiptv.com%2Flive%2FAK8CopgNFt%2FaVrhFYYubn%2F4190.ts+%26streamtype%3DTSDOWNLOADER%26name%3DThe+Money+Fight%26maxbitrate%3D0%26Buffer%3D20971520&amp;mode=12&amp;iconimage=https%3A%2F%2Fi.ebayimg.com%2Fimages%2Fg%2F92kAAOSwEUVZZb6u%2Fs-l300.jpg&amp;sf_options=fanart%3Dhttps%3A%2F%2Fi.ytimg.com%2Fvi%2FUH3DoH5Y6gs%2Fmaxresdefault.jpg%26winID%3D10025%26_options_sf&quot;)</favourite>
	<favourite name="Renegades 5 - The Money Fight: Floyd Mayweather Jr.-Conor McGregor 13" thumb="https://i.ebayimg.com/images/g/92kAAOSwEUVZZb6u/s-l300.jpg">PlayMedia(&quot;plugin://plugin.video.mic/?url=https%3A%2F%2Flive59.vkuserlive.com%2F639902%2Flive%2FRVITdPFDfO0%2Fplaylist.m3u8&amp;mode=12&amp;iconimage=https%3A%2F%2Fi.ebayimg.com%2Fimages%2Fg%2F92kAAOSwEUVZZb6u%2Fs-l300.jpg&amp;sf_options=fanart%3Dhttps%3A%2F%2Fi.ytimg.com%2Fvi%2FUH3DoH5Y6gs%2Fmaxresdefault.jpg%26winID%3D10025%26_options_sf&quot;)</favourite>
	<favourite name="Renegades 5 - Live Events 2 | Mayweather vs McGregor FHD *" thumb="https://i.ytimg.com/vi/1yhj0jPN9uY/mqdefault.jpg">PlayMedia(&quot;plugin://plugin.video.ProjectCypher/?url=plugin%3A%2F%2Fplugin.video.f4mTester%2F%3Fstreamtype%3DTSDOWNLOADER%26url%3Dhttp%3A%2F%2Froot-iptv.is-found.org%3A25461%2Flive%2FWilson11%2FWilson11%2F26070.ts&amp;mode=12&amp;sf_options=winID%3D10025%26_options_sf&quot;)</favourite>
	<favourite name="Renegades 5 - Mayweather vs Mcgregor 4" thumb="DefaultVideo.png">PlayMedia(&quot;plugin://plugin.video.ProjectCypher/?url=plugin%3A%2F%2Fplugin.video.f4mTester%2F%3Fstreamtype%3DTSDOWNLOADER%26url%3Dhttp%3A%2F%2Feclipse-iptv.ddns.net%3A25461%2Flive%2Frg1%2Frg1%2F874.ts&amp;mode=12&amp;sf_options=winID%3D10025%26_options_sf&quot;)</favourite>
	<favourite name="Renegades 5 - Rising Tides [COLOR white][B]FLOYD MAYWEATHER JR. vs. CONOR McGREGOR[/B][COLOR] [COLOR red][B]SD+HD[/B][/COLOR]" thumb="http://i.imgur.com/wiahA1N.jpg">ActivateWindow(10025,&quot;plugin://plugin.video.Rising.Tides/?fanart=https%3a%2f%2fcleeng.com%2fblog%2fwp-content%2fuploads%2f2017%2f02%2fLive-PPV-piracy-e1487848574731.jpg&amp;iconimage=http%3a%2f%2fi.imgur.com%2fwiahA1N.jpg&amp;mode=30&amp;name=%5bCOLOR%20white%5d%5bB%5dFLOYD%20MAYWEATHER%20JR.%20vs.%20CONOR%20McGREGOR%5b%2fB%5d%5b%2fCOLOR%5d%20%5bCOLOR%20red%5d%5bB%5dSD%2bHD%5b%2fB%5d%5b%2fCOLOR%5d&amp;url=%0d%0asublink%3aLISTSOURCE%3ahttp%3a%2f%2flive1.livetvindia.co.in%3a8000%2flive%2fsportstv204%2ffreeapp%2f96.m3u8%7cUser-Agent%3dsammaadsdsss%20%3a%3aLISTNAME%3a%5bCOLOR%20gold%5d%5bB%5dSHOWTIME%20PPV%5b%2fB%5d%5b%2fCOLOR%5d%3a%3a%23%20%0d%0asublink%3aLISTSOURCE%3ahttps%3a%2f%2fhls.goodgame.ru%2fhls%2f126656.m3u8%20%3a%3aLISTNAME%3a%5bCOLOR%20gold%5d%5bB%5dSHOWTIME%20PPV%202%5b%2fB%5d%5b%2fCOLOR%5d%3a%3a%23%20%0d%0asublink%3aLISTSOURCE%3ahttp%3a%2f%2flive1.livetvindia.co.in%3a8000%2flive%2fsportstv204%2ffreeapp%2f98.m3u8%7cUser-Agent%3dsammaadsdsss%20%3a%3aLISTNAME%3a%5bCOLOR%20gold%5d%5bB%5dUFC%20PPV%5b%2fB%5d%5b%2fCOLOR%5d%3a%3a%23%20%0d%0asublink%3aLISTSOURCE%3ahttp%3a%2f%2flive1.livetvindia.co.in%3a8000%2flive%2fsportstv204%2ffreeapp%2f102.m3u8%7cUser-Agent%3dsammaadsdsss%20%3a%3aLISTNAME%3a%5bCOLOR%20gold%5d%5bB%5dSHOWTIME%20PPV%5b%2fB%5d%5b%2fCOLOR%5d%3a%3a%23%20%0d%0a%0d%0asublink%3aLISTSOURCE%3aplugin%3a%2f%2fplugin.video.f4mTester%2f%3fstreamtype%3dTSDOWNLOADER%26url%3dhttp%3a%2f%2fsporti.tv%3a6500%2flive%2fUmThMMGT7E%2f7iCJNU3ojN%2f7979.ts%26name%3d%5bCOLOR%20white%5d%5bB%5dFLOYD%20MAYWEATHER%20JR.%20vs.%20CONOR%20McGREGOR%5b%2fB%5d%5b%2fCOLOR%5d%20%3a%3aLISTNAME%3a%5bCOLOR%20gold%5d%5bB%5dSKY%20SPORTS%20BOX%20OFFICE%5b%2fB%5d%5b%2fCOLOR%5d%3a%3a%23%0d%0asublink%3aLISTSOURCE%3aplugin%3a%2f%2fplugin.video.f4mTester%2f%3fstreamtype%3dTSDOWNLOADER%26url%3dhttp%3a%2f%2fportal.geniptv.com%3a8080%2flive%2fmessef%2fao539EpinD%2f1806.ts%26name%3d%5bCOLOR%20white%5d%5bB%5dFLOYD%20MAYWEATHER%20JR.%20vs.%20CONOR%20McGREGOR%5b%2fB%5d%5b%2fCOLOR%5d%20%3a%3aLISTNAME%3a%5bCOLOR%20gold%5d%5bB%5dSKY%20SPORTS%20BOX%20OFFICE%5b%2fB%5d%5b%2fCOLOR%5d%3a%3a%23%0d%0asublink%3aLISTSOURCE%3aplugin%3a%2f%2fplugin.video.f4mTester%2f%3fstreamtype%3dTSDOWNLOADER%26url%3dhttp%3a%2f%2fportal.geniptv.com%3a8080%2flive%2fmessef%2fao539EpinD%2f1820.ts%26name%3d%5bCOLOR%20white%5d%5bB%5dFLOYD%20MAYWEATHER%20JR.%20vs.%20CONOR%20McGREGOR%5b%2fB%5d%5b%2fCOLOR%5d%20%3a%3aLISTNAME%3a%5bCOLOR%20gold%5d%5bB%5dSKY%20SPORTS%20BOX%20OFFICE%5b%2fB%5d%5b%2fCOLOR%5d%3a%3a%23%0d%0asublink%3aLISTSOURCE%3aplugin%3a%2f%2fplugin.video.f4mTester%2f%3fstreamtype%3dTSDOWNLOADER%26url%3dhttp%3a%2f%2f442time.ddns.net%3a25461%2flive%2fDNKlivCFam%2f6ZTBefBeoV%2f806.ts%26name%3d%5bCOLOR%20white%5d%5bB%5dFLOYD%20MAYWEATHER%20JR.%20vs.%20CONOR%20McGREGOR%5b%2fB%5d%5b%2fCOLOR%5d%20%3a%3aLISTNAME%3a%5bCOLOR%20gold%5d%5bB%5dSKY%20SPORTS%20BOX%20OFFICE%5b%2fB%5d%5b%2fCOLOR%5d%3a%3a%23%0d%0asublink%3aLISTSOURCE%3ahttps%3a%2f%2flive70.vkuserlive.com%2f620009%2flive%2fFhhZJ_dDfOs%2fplaylist.m3u8%20%3a%3aLISTNAME%3a%5bCOLOR%20gold%5d%5bB%5dEXTRA%201%5b%2fB%5d%5b%2fCOLOR%5d%3a%3a%23%0d%0a&amp;sf_options=fanart%3Dhttps%3A%2F%2Fcleeng.com%2Fblog%2Fwp-content%2Fuploads%2F2017%2F02%2FLive-PPV-piracy-e1487848574731.jpg%26_options_sf&quot;,return)</favourite>
</favourites>