<favourites>
	<favourite name="Renegades 5 Browns vs Pats 720p" thumb="http://1.bp.blogspot.com/-fCr2mhnFycg/ULNf-_Z7JdI/AAAAAAAAA98/IiN9pZb-CZc/s1600/NFL+wallpaper+01.jpg">PlayMedia(&quot;plugin://plugin.video.NJMSoccer/?url=plugin%3A%2F%2Fplugin.video.SportsDevil%2F%3Fmode%3D1%26amp%3Bitem%3Dcatcher%253dstreams%2526url%3Dhttp%3A%2F%2Fapkfifa.com%2Fnflstream%2Fpatriots-vs-browns-live-stream.html%2526referer%3Dhttp%3A%2F%2Fapkfifa.com%2Fnflstream%2Fpatriots-vs-browns-live-stream.html&amp;mode=12&amp;sf_options=fanart%3Dhttp%3A%2F%2Fprod.static.bears.clubs.nfl.com%2Fassets%2Fimages%2Ffan-zone%2Fwallpapers%2F2012-wallpaper%2FBennett_1920x1080.jpg%26winID%3D10025%26_options_sf&quot;)</favourite>
	<favourite name="Renegades 5 Texans @ Vikings" thumb="http://www.shermanreport.com/wp-content/uploads/2012/06/NFL-Logo1.gif">ActivateWindow(10025,&quot;plugin://plugin.video.prosport/?away=Minnesota%20Vikings&amp;home=Houston%20Texans&amp;mode=prostreams&amp;url=nfl&quot;,return)</favourite>
	<favourite name="Renegades 5 Eagles @ Lions" thumb="http://www.shermanreport.com/wp-content/uploads/2012/06/NFL-Logo1.gif">ActivateWindow(10025,&quot;plugin://plugin.video.prosport/?away=Detroit%20Lions&amp;home=Philadelphia%20Eagles&amp;mode=prostreams&amp;url=nfl&quot;,return)</favourite>
	<favourite name="Renegades 5 Titans @ Dolphins" thumb="http://www.shermanreport.com/wp-content/uploads/2012/06/NFL-Logo1.gif">ActivateWindow(10025,&quot;plugin://plugin.video.prosport/?away=Miami%20Dolphins&amp;home=Tennessee%20Titans&amp;mode=prostreams&amp;url=nfl&quot;,return)</favourite>
	<favourite name="Renegades 5 Redskins @ Ravens" thumb="http://www.shermanreport.com/wp-content/uploads/2012/06/NFL-Logo1.gif">ActivateWindow(10025,&quot;plugin://plugin.video.prosport/?away=Baltimore%20Ravens&amp;home=Washington%20Redskins&amp;mode=prostreams&amp;url=nfl&quot;,return)</favourite>
	<favourite name="Renegades 5 Bears @ Colts" thumb="http://www.shermanreport.com/wp-content/uploads/2012/06/NFL-Logo1.gif">ActivateWindow(10025,&quot;plugin://plugin.video.prosport/?away=Indianapolis%20Colts&amp;home=Chicago%20Bears&amp;mode=prostreams&amp;url=nfl&quot;,return)</favourite>
	<favourite name="Renegades 5 Jets @ Steelers" thumb="http://www.shermanreport.com/wp-content/uploads/2012/06/NFL-Logo1.gif">ActivateWindow(10025,&quot;plugin://plugin.video.prosport/?away=Pittsburgh%20Steelers&amp;home=New%20York%20Jets&amp;mode=prostreams&amp;url=nfl&quot;,return)</favourite>
	<favourite name="Renegades 5 Patriots @ Browns" thumb="http://www.shermanreport.com/wp-content/uploads/2012/06/NFL-Logo1.gif">ActivateWindow(10025,&quot;plugin://plugin.video.prosport/?away=Cleveland%20Browns&amp;home=New%20England%20Patriots&amp;mode=prostreams&amp;url=nfl&quot;,return)</favourite>
	<favourite name="Renegades 5 Falcons @ Broncos" thumb="http://www.shermanreport.com/wp-content/uploads/2012/06/NFL-Logo1.gif">ActivateWindow(10025,&quot;plugin://plugin.video.prosport/?away=Denver%20Broncos&amp;home=Atlanta%20Falcons&amp;mode=prostreams&amp;url=nfl&quot;,return)</favourite>
	<favourite name="Renegades 5 Bills @ Rams" thumb="http://www.shermanreport.com/wp-content/uploads/2012/06/NFL-Logo1.gif">ActivateWindow(10025,&quot;plugin://plugin.video.prosport/?away=Los%20Angeles%20Rams&amp;home=Buffalo%20Bills&amp;mode=prostreams&amp;url=nfl&quot;,return)</favourite>
	<favourite name="Renegades 5 Chargers @ Raiders" thumb="http://www.shermanreport.com/wp-content/uploads/2012/06/NFL-Logo1.gif">ActivateWindow(10025,&quot;plugin://plugin.video.prosport/?away=Oakland%20Raiders&amp;home=San%20Diego%20Chargers&amp;mode=prostreams&amp;url=nfl&quot;,return)</favourite>
	<favourite name="Renegades 5 Bengals @ Cowboys" thumb="http://www.shermanreport.com/wp-content/uploads/2012/06/NFL-Logo1.gif">ActivateWindow(10025,&quot;plugin://plugin.video.prosport/?away=Dallas%20Cowboys&amp;home=Cincinnati%20Bengals&amp;mode=prostreams&amp;url=nfl&quot;,return)</favourite>
	<favourite name="Renegades 5 Giants @ Packers" thumb="http://www.shermanreport.com/wp-content/uploads/2012/06/NFL-Logo1.gif">ActivateWindow(10025,&quot;plugin://plugin.video.prosport/?away=Green%20Bay%20Packers&amp;home=New%20York%20Giants&amp;mode=prostreams&amp;url=nfl&quot;,return)</favourite>
	<favourite name="Renegades 5 DENVER BRONCOS-ATLANTA FALCONS" thumb=" ">PlayMedia(&quot;plugin://program.plexus/?mode=1&amp;url=acestream://0153441a49e1ae7634fd47df1f21e6cc2c06d193&amp;name=VIDTIME&amp;sf_options=fanart%3Dhttp%3A%2F%2Fs5.postimg.org%2Fk44hcn1c7%2FLivewall.jpg%26winID%3D10025%26_options_sf&quot;)</favourite>
	<favourite name="Renegades 5 [COLOR yellow]LOS ANGELES RAMS-BUFFALO BILLS[COLOR red]/ACESTREAM[COLOR blue]4:25pm EST[/COLOR]" thumb=" ">PlayMedia(&quot;plugin://program.plexus/?mode=1&amp;url=acestream://217121b9d46047d437b3202312b9d068a52dba6a&amp;name=VIDTIME&amp;sf_options=fanart%3Dhttp%3A%2F%2Fs5.postimg.org%2Fk44hcn1c7%2FLivewall.jpg%26winID%3D10025%26_options_sf&quot;)</favourite>
	<favourite name="Renegades 5 [COLOR yellow]DALLAS COWBOYS-CINCINNATI BENGALS[COLOR red]/ACESTREAM[COLOR blue]4:25pm EST[/COLOR]" thumb=" ">PlayMedia(&quot;plugin://program.plexus/?mode=1&amp;url=acestream://84e1429c31c0144c81d2190ab3970267fcc1444f&amp;name=VIDTIME&amp;sf_options=fanart%3Dhttp%3A%2F%2Fs5.postimg.org%2Fk44hcn1c7%2FLivewall.jpg%26winID%3D10025%26_options_sf&quot;)</favourite>
	<favourite name="Renegades 5 SD" thumb="DefaultFolder.png">PlayMedia(&quot;plugin://plugin.video.ZemTV-shani/?url=aXBib3g6aHR0cDovL2p1MDMxLmp1cGl0ZXIuZmFzdHdlYnNlcnZlci5kZTo4MDAwL2xpdmUva3Jpcy9rcmlzLzg0MzEudHN8VXNlci1BZ2VudD1WTEMvMi4yLjEgTGliVkxDLzIuMi4xNyZJY3ktTWV0YURhdGE9MQ%3D%3D&amp;mode=11&amp;name=%5BCOLOR+FF11b500%5DUk%3A+sky+sports+2%0D+ipbox%5B%2FCOLOR%5D&amp;sf_options=winID%3D10025%26_options_sf&quot;)</favourite>
	<favourite name="Renegades 5 1080p*" thumb="DefaultFolder.png">PlayMedia(&quot;plugin://plugin.video.ZemTV-shani/?url=aXBib3g6aHR0cDovL2p1MDMxLmp1cGl0ZXIuZmFzdHdlYnNlcnZlci5kZTo4MDAwL2xpdmUva3Jpcy9rcmlzLzg0MzIudHN8VXNlci1BZ2VudD1WTEMvMi4yLjEgTGliVkxDLzIuMi4xNyZJY3ktTWV0YURhdGE9MQ%3D%3D&amp;mode=11&amp;name=%5BCOLOR+FF11b500%5DUk%3A+sky+sports+2hd%0D+ipbox%5B%2FCOLOR%5D&amp;sf_options=winID%3D10025%26_options_sf&quot;)</favourite>
	<favourite name="Renegades 5 SS2 HD" thumb="http://thevoice-fuerteventura.com/directory/wp-content/uploads/2014/07/keep-calm-live-football-shown-here-2.png">PlayMedia(&quot;plugin://plugin.video.NJMSoccer/?url=plugin%3A%2F%2Fplugin.video.SportsDevil%2F%3Fmode%3D1%26amp%3Bitem%3Dcatcher%253dstreams%2526url%3Dhttp%3A%2F%2Fwww.liveonlinetv247.info%2Fskysports2.php%2526referer%3Dhttp%3A%2F%2Fwww.liveonlinetv247.info&amp;mode=12&amp;sf_options=fanart%3Dhttp%3A%2F%2Fthevoice-fuerteventura.com%2Fdirectory%2Fwp-content%2Fuploads%2F2014%2F07%2Fkeep-calm-live-football-shown-here-2.png%26winID%3D10025%26_options_sf&quot;)</favourite>
	<favourite name="Renegades 5" thumb="http://www.lyngsat-logo.com/logo/tv/ss/sky_uk_sports2_in_pubs.png ">PlayMedia(&quot;plugin://plugin.video.VidTime/?url=http%3A%2F%2Fwww.liveonlinetv247.info%2Fskysports2.php&amp;icon=http%3A%2F%2Fwww.lyngsat-logo.com%2Flogo%2Ftv%2Fss%2Fsky_uk_sports2_in_pubs.png+&amp;mode=ONTV&amp;name=%5BCOLOR+white%5DSky+Sports+2%5B%2FCOLOR%5D&amp;sf_options=fanart%3Dhttp%3A%2F%2Fs5.postimg.org%2Faby4q1mvb%2Funited_kingdom_flag_16_cool_background.jpg%26winID%3D10025%26_options_sf&quot;)</favourite>
</favourites>