<favourites>
	<favourite name="Renegades 5 [COLOR blue]CRYSTAL PALACE [/COLOR][COLOR lime]v[/COLOR][COLOR blue] MANCHESTER UNITED[/COLOR][COLOR lime] 20:00 PM [/COLOR] Live Premiership" thumb="http://i.imgur.com/9MCxK6C.png">PlayMedia(&quot;plugin://plugin.video.livepremiership/?url=http%3A%2F%2Fpastebin.com%2Fraw%2F5C8FR51q&amp;mode=8&amp;name=%5BCOLOR+blue%5DCRYSTAL+PALACE+%5B%2FCOLOR%5D%5BCOLOR+lime%5Dv%5B%2FCOLOR%5D%5BCOLOR+blue%5D+MANCHESTER+UNITED%5B%2FCOLOR%5D%5BCOLOR+lime%5D+20%3A00+PM+%5B%2FCOLOR%5D&amp;fanart=http%3A%2F%2Fi.imgur.com%2FzaL52nG.png&amp;sf_options=fanart%3Dhttp%3A%2F%2Fi.imgur.com%2FzaL52nG.png%26meta%3Dlabel%253D%25255BCOLOR%252Bblue%25255DCRYSTAL%252BPALACE%252B%25255B%25252FCOLOR%25255D%25255BCOLOR%252Blime%25255Dv%25255B%25252FCOLOR%25255D%25255BCOLOR%252Bblue%25255D%252BMANCHESTER%252BUNITED%25255B%25252FCOLOR%25255D%25255BCOLOR%252Blime%25255D%252B20%25253A00%252BPM%252B%25255B%25252FCOLOR%25255D%2526title%253D%25255BCOLOR%252Bblue%25255DCRYSTAL%252BPALACE%252B%25255B%25252FCOLOR%25255D%25255BCOLOR%252Blime%25255Dv%25255B%25252FCOLOR%25255D%25255BCOLOR%252Bblue%25255D%252BMANCHESTER%252BUNITED%25255B%25252FCOLOR%25255D%25255BCOLOR%252Blime%25255D%252B20%25253A00%252BPM%252B%25255B%25252FCOLOR%25255D%26winID%3D10001%26_options_sf&quot;)</favourite>
	<favourite name="Renegades 5 Crystal Palace vs Manchester United ZEM" thumb="http://mamahd.com/images/leagues/123.png">PlayMedia(&quot;plugin://plugin.video.ZemTV-shani/?url=bWFtYWhkOmh0dHA6Ly9tYW1haGQuY29tL21hbi11dGQtbGl2ZS1zdHJlYW0yLTEuaHRtbA%3D%3D&amp;mode=11&amp;name=Crystal+Palace+vs+Manchester+United%5BCOLOR+red%5D%0ALIVE+in+28+Hrs%5B%2FCOLOR%5D&amp;sf_options=meta%3Dlabel%253DCrystal%252BPalace%252Bvs%252BManchester%252BUnited%25255BCOLOR%252Bred%25255D%25255CnLIVE%252Bin%252B28%252BHrs%25255B%25252FCOLOR%25255D%2526title%253DCrystal%252BPalace%252Bvs%252BManchester%252BUnited%25255BCOLOR%252Bred%25255D%25255CnLIVE%252Bin%252B28%252BHrs%25255B%25252FCOLOR%25255D%26winID%3D10001%26_options_sf&quot;)</favourite>
	<favourite name="Renegades 5 Crystal Palace vs Manchester United" thumb="/images/icons/football.png">PlayMedia(&quot;plugin://plugin.video.ZemTV-shani/?url=c3RyZWFtaGQ6aHR0cDovL3d3dy5zdHJlYW1oZC5ldS9mb290YmFsbC9jcnlzdGFsLXBhbGFjZS12cy1tYW5jaGVzdGVyLXVuaXRlZC1saXZlLXN0cmVhbS03NTMucGhw&amp;mode=11&amp;name=%5BCOLOR+green%5D+20%3A00+GMT%5B%2FCOLOR%5D%3A+%5BCOLOR+red%5D+Football%5B%2FCOLOR%5D++%0A+Crystal+Palace+vs+Manchester+United+&amp;sf_options=meta%3Dlabel%253D%25255BCOLOR%252Bgreen%25255D%252B20%25253A00%252BGMT%25255B%25252FCOLOR%25255D%25253A%252B%25255BCOLOR%252Bred%25255D%252BFootball%25255B%25252FCOLOR%25255D%252B%252B%25255Cn%252BCrystal%252BPalace%252Bvs%252BManchester%252BUnited%252B%2526title%253D%25255BCOLOR%252Bgreen%25255D%252B20%25253A00%252BGMT%25255B%25252FCOLOR%25255D%25253A%252B%25255BCOLOR%252Bred%25255D%252BFootball%25255B%25252FCOLOR%25255D%252B%252B%25255Cn%252BCrystal%252BPalace%252Bvs%252BManchester%252BUnited%252B%26winID%3D10001%26_options_sf&quot;)</favourite>
	<favourite name="Renegades 5 [COLOR cyan] CRYSTAL PALACE VS MAN UTD [/COLOR] Adrian Sports" thumb="https://s31.postimg.org/xaap1y7ff/premier_league.jpg">ActivateWindow(10025,&quot;plugin://plugin.video.adriansports/?fanart=https%3a%2f%2fgoo.gl%2fkw8Rmg&amp;mode=30&amp;name=%5bCOLOR%20cyan%5d%20CRYSTAL%20PALACE%20VS%20MAN%20UTD%20%5b%2fCOLOR%5d&amp;url=%0asublink%3ahttp%3a%2f%2ftinyurl.com%2fzfokqsg%7cUser-Agent%3dMozilla%2f5.0%20(Linux%3b%20Android%205.1.1%3b%20en-GB%3b%20NEO-U1%20Build%2fLMY47V.20160415%20release-keys)%20MXPlayer%2f1.7.40%23%0asublink%3aplugin%3a%2f%2fplugin.video.f4mTester%2f%3furl%3dhttp%3a%2f%2fbulkyiptv.com%3a5750%2flive%2fpaulb%2fpaulb%2f19927.ts%26streamtype%3dTSDOWNLOADER%26name%3dBT1%7cUser-Agent%3dMozilla%2f5.0%20(Windows%20NT%2010.0%3b%20WOW64%3b%20rv%3a47.0)%20Gecko%2f20100101%20Firefox%2f47.0%20FirePHP%2f0.7.4%23%0asublink%3aplugin%3a%2f%2fplugin.video.f4mTester%2f%3furl%3dhttp%3a%2f%2fbulkyiptv.com%3a5750%2flive%2fpaulb%2fpaulb%2f21520.ts%26streamtype%3dTSDOWNLOADER%26name%3dSKYNETHD%7cUser-Agent%3dMozilla%2f5.0%20(Windows%20NT%2010.0%3b%20WOW64%3b%20rv%3a47.0)%20Gecko%2f20100101%20Firefox%2f47.0%20FirePHP%2f0.7.4%23%0a&amp;sf_options=fanart%3Dhttps%3A%2F%2Fgoo.gl%2Fkw8Rmg%26meta%3Dlabel%253D%25255BCOLOR%252Bcyan%25255D%252BCRYSTAL%252BPALACE%252BVS%252BMAN%252BUTD%252B%25255B%25252FCOLOR%25255D%2526title%253D%25255BCOLOR%252Bcyan%25255D%252BCRYSTAL%252BPALACE%252BVS%252BMAN%252BUTD%252B%25255B%25252FCOLOR%25255D%26_options_sf&quot;,return)</favourite>
</favourites>