<favourites>
	<favourite name="Renegades 5 Lions @ Bears" thumb="http://www.shermanreport.com/wp-content/uploads/2012/06/NFL-Logo1.gif">ActivateWindow(10025,&quot;plugin://plugin.video.prosport/?away=Chicago%20Bears&amp;home=Detroit%20Lions&amp;mode=prostreams&amp;url=nfl&quot;,return)</favourite>
	<favourite name="Renegades 5 Titans @ Texans" thumb="http://www.shermanreport.com/wp-content/uploads/2012/06/NFL-Logo1.gif">ActivateWindow(10025,&quot;plugin://plugin.video.prosport/?away=Houston%20Texans&amp;home=Tennessee%20Titans&amp;mode=prostreams&amp;url=nfl&quot;,return)</favourite>
	<favourite name="Renegades 5 Bills @ Patriots" thumb="http://www.shermanreport.com/wp-content/uploads/2012/06/NFL-Logo1.gif">ActivateWindow(10025,&quot;plugin://plugin.video.prosport/?away=New%20England%20Patriots&amp;home=Buffalo%20Bills&amp;mode=prostreams&amp;url=nfl&quot;,return)</favourite>
	<favourite name="Renegades 5 Panthers @ Falcons" thumb="http://www.shermanreport.com/wp-content/uploads/2012/06/NFL-Logo1.gif">ActivateWindow(10025,&quot;plugin://plugin.video.prosport/?away=Atlanta%20Falcons&amp;home=Carolina%20Panthers&amp;mode=prostreams&amp;url=nfl&quot;,return)</favourite>
	<favourite name="Renegades 5 Raiders @ Ravens" thumb="http://www.shermanreport.com/wp-content/uploads/2012/06/NFL-Logo1.gif">ActivateWindow(10025,&quot;plugin://plugin.video.prosport/?away=Baltimore%20Ravens&amp;home=Oakland%20Raiders&amp;mode=prostreams&amp;url=nfl&quot;,return)</favourite>
	<favourite name="Renegades 5 Seahawks @ Jets" thumb="http://www.shermanreport.com/wp-content/uploads/2012/06/NFL-Logo1.gif">ActivateWindow(10025,&quot;plugin://plugin.video.prosport/?away=New%20York%20Jets&amp;home=Seattle%20Seahawks&amp;mode=prostreams&amp;url=nfl&quot;,return)</favourite>
	<favourite name="Renegades 5 Browns @ Redskins" thumb="http://www.shermanreport.com/wp-content/uploads/2012/06/NFL-Logo1.gif">ActivateWindow(10025,&quot;plugin://plugin.video.prosport/?away=Washington%20Redskins&amp;home=Cleveland%20Browns&amp;mode=prostreams&amp;url=nfl&quot;,return)</favourite>
</favourites>