<favourites>
	<favourite name="Renegades 5 HD5 njm" thumb="http://thevoice-fuerteventura.com/directory/wp-content/uploads/2014/07/keep-calm-live-football-shown-here-2.png">PlayMedia(&quot;plugin://plugin.video.NJMSoccer/?url=rtmp%3A%2F%2F138.201.155.39%3A62468%2Fchannel5%2F%3Fchannel1%2FmyStream&amp;mode=12&amp;sf_options=fanart%3Dhttp%3A%2F%2Fthevoice-fuerteventura.com%2Fdirectory%2Fwp-content%2Fuploads%2F2014%2F07%2Fkeep-calm-live-football-shown-here-2.png%26winID%3D10025%26_options_sf&quot;)</favourite>
	<favourite name="Renegades 5 West Brom Vs Watford" thumb="http://mamahd.com/images/leagues/123.png">PlayMedia(&quot;plugin://plugin.video.ZemTV-shani/?url=bWFtYWhkOmh0dHA6Ly9tYW1haGQuY29tL2Zvb3RiYWxsLWxpdmUtc3RyZWFtaW5nLW9ubGluZS1mb3ItZnJlZV9wcmVtaWVyLWxlYWd1ZS1saXZlLXN0cmVhbWlnXzc1MzZfd2F0Y2gtbGl2ZS13ZXN0LWJyb20tdnMtd2F0Zm9yZC0xLmh0bWw%3D&amp;mode=11&amp;name=West+Brom+vs+Watford%5BCOLOR+red%5D%0ALIVE+in+14+Hrs%5B%2FCOLOR%5D&amp;sf_options=winID%3D10025%26_options_sf&quot;)</favourite>
	<favourite name="Renegades 5 NJM  WBA v Watford" thumb="http://i64.tinypic.com/29gyoo.png">PlayMedia(&quot;plugin://plugin.video.NJMSoccer/?url=plugin%3A%2F%2Fplugin.video.SportsDevil%2F%3Fmode%3D1%26amp%3Bitem%3Dcatcher%253dstreams%2526url%3Dhttp%3A%2F%2Fwizhdsports.be%2Flive%2Fstream33.php%2526referer%3Dhttp%3A%2F%2Fwizhdsports.be%2Flive%2Fstream33.php&amp;mode=12&amp;sf_options=fanart%3Dhttp%3A%2F%2Fi64.tinypic.com%2F29gyoo.png%26winID%3D10025%26_options_sf&quot;)</favourite>
	<favourite name="Renegades 5 Adrian [COLOR yellow] WEST BROM VS WATFORD FC [/COLOR]" thumb="https://s31.postimg.org/xaap1y7ff/premier_league.jpg">ActivateWindow(10025,&quot;plugin://plugin.video.adriansports/?fanart=https%3a%2f%2fgoo.gl%2fkw8Rmg&amp;mode=30&amp;name=%5bCOLOR%20yellow%5d%20WEST%20BROM%20VS%20WATFORD%20FC%20%5b%2fCOLOR%5d&amp;url=%0asublink%3aplugin%3a%2f%2fplugin.video.f4mTester%2f%3furl%3dhttp%3a%2f%2flsi.ddns.me%3a8000%2flive%2fPlexsports%2f67gJvDJ70b%2f3263.ts%26streamtype%3dTSDOWNLOADER%26name%3dTSN5%7cUser-Agent%3dMozilla%2f5.0%20(Windows%20NT%2010.0%3b%20WOW64%3b%20rv%3a47.0)%20Gecko%2f20100101%20Firefox%2f47.0%20FirePHP%2f0.7.4%23%0asublink%3aplugin%3a%2f%2fplugin.video.f4mTester%2f%3furl%3dhttp%3a%2f%2flsi.ddns.me%3a8000%2flive%2fPlexsports%2f67gJvDJ70b%2f672.ts%26streamtype%3dTSDOWNLOADER%26name%3dBEIN9%7cUser-Agent%3dMozilla%2f5.0%20(Windows%20NT%2010.0%3b%20WOW64%3b%20rv%3a47.0)%20Gecko%2f20100101%20Firefox%2f47.0%20FirePHP%2f0.7.4%23%0asublink%3aplugin%3a%2f%2fplugin.video.f4mTester%2f%3furl%3dhttp%3a%2f%2flsi.ddns.me%3a8000%2flive%2fPlexsports%2f67gJvDJ70b%2f610.ts%26streamtype%3dTSDOWNLOADER%26name%3dMFUTBOL%7cUser-Agent%3dMozilla%2f5.0%20(Windows%20NT%2010.0%3b%20WOW64%3b%20rv%3a47.0)%20Gecko%2f20100101%20Firefox%2f47.0%20FirePHP%2f0.7.4%23%0a&amp;sf_options=fanart%3Dhttps%3A%2F%2Fgoo.gl%2Fkw8Rmg%26_options_sf&quot;,return)</favourite>
</favourites>