<favourites>
	<favourite name="E! Entertainment sanctuary" thumb="https://static1.squarespace.com/static/52992ad7e4b00e96518e3a37/52a52961e4b00aedfa1e1ff8/52a5296ae4b00aedfa1e2007/1386555755056/e-entertainment-television-logo.jpg?format=1500w">PlayMedia(&quot;plugin://plugin.video.sanctuary/?url=plugin%3A%2F%2Fplugin.video.SportsDevil%2F%3Fmode%3D1%26amp%3Bitem%3Dcatcher%253dstreams%2526url%3Dhttp%3A%2F%2Fwww.shadow-net.org%2Fchannels%2FE%2521-Entertainment.html%2526referer%3Dhttp%3A%2F%2Fwww.shadow-net.org%2Fchannels%2FE%2521-Entertainment.html&amp;mode=906&amp;regexs=&amp;setCookie=&amp;sf_options=fanart%3Dspecial%3A%2F%2Fhome%2Faddons%2Fplugin.video.sanctuary%2Ffanart.jpg%26winID%3D10025%26_options_sf&quot;)</favourite>
	<favourite name="E! Entertainment TVone" thumb="special://home/addons/plugin.video.SportsDevil-2016.30.30/resources/images/folder.png">PlayMedia(&quot;plugin://plugin.video.SportsDevil/?item=catcher%3dstreams%26title%3dE%2521%2bEntertainment%26url%3dmpd%253A%252F%252Fc73381d6543700790e949ee08157120f.m3u8%26cfg%3dtvone1.tv.cfg%2540Streams%2540Channels%26videoTitle%3dE%2521%2bEntertainment%26director%3dtvone1.tv%26genre%3dLive%2bTV%26referer%3dmpd%253A%252F%252Fc73381d6543700790e949ee08157120f.m3u8%26definedIn%3dtvone1.tv.cfg%26type%3drss&amp;mode=1&amp;sf_options=fanart%3Dspecial%3A%2F%2Fhome%2Faddons%2Fplugin.video.SportsDevil-2016.30.30%2Ffanart.jpg%26meta%3Dgenre%253DLive%252BTV%2526director%253Dtvone1.tv%2526label%253DE%252521%252BEntertainment%2526title%253DE%252521%252BEntertainment%26winID%3D10025%26_options_sf&quot;)</favourite>
	<favourite name="E! Oblivion" thumb="DefaultVideo.png">PlayMedia(&quot;plugin://plugin.video.sanctuary/?url=plugin%3A%2F%2Fplugin.video.f4mTester%2F%3Fstreamtype%3DTSDOWNLOADER%26amp%3Burl%3Dhttp%3A%2F%2Fiptv9.lazystreams.tk%3A8080%2Flive%2FSuPrEmEsTrEaMs%2FKeepYourHandsOffCUNTS%21%21%401%2F1764.ts%3Bname%3DOblivion+TV&amp;mode=1112&amp;sf_options=winID%3D10025%26_options_sf&quot;)</favourite>
	<favourite name="E! Fido" thumb="https://upload.wikimedia.org/wikipedia/commons/thumb/1/1a/E!_Logo.svg/100px-E!_Logo.svg.png">PlayMedia(&quot;plugin://plugin.video.sanctuary/?url=plugin%3A%2F%2Fplugin.video.f4mTester%2F%3Fstreamtype%3DTSDOWNLOADER%3Bname%3DFIDO%26url%3Dhttp%3A%2F%2Fiptvserver.noip.me%3A8000%2Flive%2Fzorro%2Fzorro%2F175.ts&amp;mode=1112&amp;sf_options=fanart%3Dhttp%3A%2F%2Ffantazyrepo.uk%2Faddonimages%2Flivetv%2FLiveTV.jpg%26winID%3D10025%26_options_sf&quot;)</favourite>
	<favourite name="EI (US) Fido" thumb="https://upload.wikimedia.org/wikipedia/en/6/6f/PBS_e-i_bug2.png">PlayMedia(&quot;plugin://plugin.video.sanctuary/?url=http%3A%2F%2F208.86.19.13%3A8080%2Flive%2F108.stream%2Findex.m3u8&amp;mode=1112&amp;sf_options=fanart%3Dhttp%3A%2F%2Ffantazyrepo.uk%2Faddonimages%2Flivetv%2FLiveTV.jpg%26winID%3D10025%26_options_sf&quot;)</favourite>
	<favourite name="[COLOR red]E![/COLOR] Evolve" thumb="https://www.thelogodb.com/images/media/logo/ysxrxt1433524933.png/medium">PlayMedia(&quot;plugin://plugin.video.Evolve/?url=plugin%3A%2F%2Fplugin.video.SportsDevil%2F%3Fmode%3D1%26amp%3Bitem%3Dcatcher%253dstreams%2526url%3Dhttp%3A%2F%2Fwww.shadow-net.org%2Fchannels%2FE%2521-Entertainment.html%2526referer%3Dno&amp;mode=16&amp;name=%5BCOLOR+red%5DE%21%5B%2FCOLOR%5D&amp;description=&amp;iconimage=https%3A%2F%2Fwww.thelogodb.com%2Fimages%2Fmedia%2Flogo%2Fysxrxt1433524933.png%2Fmedium&amp;sf_options=fanart%3Dhttp%3A%2F%2Fgreece.greekreporter.com%2Ffiles%2FE_515_355.jpg%26winID%3D10025%26_options_sf&quot;)</favourite>
</favourites>