<favourites>
	<favourite name="Home - Vidtime - 12/08/2016" thumb="http://rapidiptv.com/images/picons/home.png">PlayMedia(&quot;plugin://plugin.video.f4mTester/?url=http://orbit-iptv.com:2500/live/yyaayy666/G62RrpvyXf/3090.ts&amp;streamtype=TSDOWNLOADER&amp;name=Home&amp;sf_options=fanart%3Dhttp%3A%2F%2Fs20.postimg.org%2Fdoltr1fu5%2FVTTVBackground.png%26meta%3Dlabel%253D%25255BCOLOR%252Borange%25255DHome%25255B%25252FCOLOR%25255D%26winID%3D10025%26_options_sf&quot;)</favourite>
	<favourite name="Home - TVPlayer" thumb="https://assets.tvplayer.com/common/logos/256/Inverted/512.png">PlayMedia(&quot;plugin://plugin.video.freeview/?url=512&amp;mode=2&amp;name=Home+%7C+TVPlayer&amp;sf_options=fanart%3Dspecial%3A%2F%2Fhome%2Faddons%2Fplugin.video.freeview%2Ffanart.jpg%26winID%3D10025%26_options_sf&quot;)</favourite>
	<favourite name="Home oblivion Server 1" thumb="http://oblivionbuilds.com/Oblivionlogo.png">PlayMedia(&quot;plugin://plugin.video.sanctuary/?url=plugin%3A%2F%2Fplugin.video.f4mTester%2F%3Fstreamtype%3DTSDOWNLOADER%26amp%3Burl%3Dhttp%3A%2F%2Fcableking-iptv.com%3A8000%2Flive%2Fsaif%2Fsaif%2F1012.ts%3Bname%3DOblivion+TV&amp;mode=906&amp;regexs=&amp;setCookie=&amp;sf_options=winID%3D10025%26_options_sf&quot;)</favourite>
	<favourite name="Home oblivion S1" thumb="http://oblivionbuilds.com/Oblivionlogo.png">PlayMedia(&quot;plugin://plugin.video.sanctuary/?url=plugin%3A%2F%2Fplugin.video.f4mTester%2F%3Fstreamtype%3DTSDOWNLOADER%26amp%3Burl%3Dhttp%3A%2F%2F51.254.197.40%3A25461%2Flive%2Fhastings%2Fhastings%2F1837.ts%3Bname%3DOblivion+TV&amp;mode=906&amp;regexs=&amp;setCookie=&amp;sf_options=meta%3Dlabel%253DHome%2526title%253DHome%26winID%3D10025%26_options_sf&quot;)</favourite>
</favourites>