<favourites>
	<favourite name="Sportsnet World ANDROID ONLY Fido" thumb="http://i438.photobucket.com/albums/qq102/krazykraz/SN-Clean.png">PlayMedia(&quot;plugin://plugin.video.sanctuary/?url=http%3A%2F%2Fnlds182.cdnak.neulion.com%2Fnlds%2Fsportsnetnow%2Fsn_world%2Fas%2Flive%2Fsn_world_hd_ipad.m3u8&amp;mode=1112&amp;sf_options=fanart%3Dhttp%3A%2F%2Ffantazyrepo.uk%2Faddonimages%2Flivetv%2FLiveTV.jpg%26winID%3D10025%26_options_sf&quot;)</favourite>
	<favourite name="[COLOR aqua] Sportsnet World[/COLOR] MIC" thumb="http://www.thelogodb.com/images/media/logo/rxwxvv1433429786.png">PlayMedia(&quot;plugin://plugin.video.mic/?url=plugin%3A%2F%2Fplugin.video.SportsDevil%2F%3Fmode%3D1%26amp%3Bitem%3Dcatcher%253dstreams%2526url%3Dhttp%3A%2F%2Fwww.shadow-net.org%2Fchannels%2FSportsnet-World.html%2526referer%3Dhttp%3A%2F%2Fwww.shadow-net.org%2F&amp;mode=12&amp;iconimage=http%3A%2F%2Fwww.thelogodb.com%2Fimages%2Fmedia%2Flogo%2Frxwxvv1433429786.png&amp;sf_options=fanart%3Dhttp%3A%2F%2Fgamerlimit.com%2Fwp-content%2Fuploads%2F2016%2F04%2Foriginal.jpg%26winID%3D10025%26_options_sf&quot;)</favourite>
	<favourite name="[COLOR aqua] Sportsnet World [/COLOR] MIC" thumb="http://www.thelogodb.com/images/media/logo/rxwxvv1433429786.png">PlayMedia(&quot;plugin://plugin.video.mic/?url=http%3A%2F%2Ffree-premium-iptv.ddns.net%3A9090%2Fload%2Ffreestreams%2F65.mpegts&amp;mode=12&amp;iconimage=http%3A%2F%2Fwww.thelogodb.com%2Fimages%2Fmedia%2Flogo%2Frxwxvv1433429786.png&amp;sf_options=fanart%3Dhttp%3A%2F%2Fgamerlimit.com%2Fwp-content%2Fuploads%2F2016%2F04%2Foriginal.jpg%26winID%3D10025%26_options_sf&quot;)</favourite>
	<favourite name="[COLOR aqua] Sportsnet World[/COLOR] MIC" thumb="http://www.thelogodb.com/images/media/logo/rxwxvv1433429786.png">PlayMedia(&quot;plugin://plugin.video.mic/?url=plugin%3A%2F%2Fplugin.video.SportsDevil%2F%3Fitem%3Dcatcher%253Dstreams%2526title%253DSportsNet%252BWorld%2526url%253Dmpd%25253A%25252F%25252Fac090b774d01536fce7dc4e4a08abf25.m3u8%2526cfg%253Dtvone1.tv.cfg%252540Streams%252540Sports%2526videoTitle%253DSportsNet%252BWorld%2526director%253Dtvone1.tv%2526genre%253DLive%252BTV%2526referer%253Dmpd%25253A%25252F%25252Fac090b774d01536fce7dc4e4a08abf25.m3u8%2526definedIn%253Dtvone1.tv.cfg%2526type%253Drss%26mode%3D1&amp;mode=12&amp;iconimage=http%3A%2F%2Fwww.thelogodb.com%2Fimages%2Fmedia%2Flogo%2Frxwxvv1433429786.png&amp;sf_options=fanart%3Dhttp%3A%2F%2Fgamerlimit.com%2Fwp-content%2Fuploads%2F2016%2F04%2Foriginal.jpg%26winID%3D10025%26_options_sf&quot;)</favourite>
	<favourite name="Sp: sportsnet wolrd (ca) Zem" thumb="http://tv.solidiptv.com:25461/images/loogo/sportsnetwd.png">PlayMedia(&quot;plugin://plugin.video.ZemTV-shani/?url=bmV0d29ya3R2MjoyOTcy&amp;mode=11&amp;name=Sp%3A+sportsnet+wolrd+%28ca%29&amp;sf_options=winID%3D10025%26_options_sf&quot;)</favourite>
</favourites>