<favourites>
	<favourite name="[COLOR aqua] Sportsnet World - Android Kodi 16/17[/COLOR] MIC Sports Central" thumb="http://www.thelogodb.com/images/media/logo/rxwxvv1433429786.png">PlayMedia(&quot;plugin://plugin.video.mic/?url=http%3A%2F%2Fnlds182.cdnak.neulion.com%2Fnlds%2Fsportsnetnow%2Fsn_world%2Fas%2Flive%2Fsn_world_hd_1200_ipad.m3u8&amp;mode=12&amp;sf_options=fanart%3Dhttp%3A%2F%2Fgamerlimit.com%2Fwp-content%2Fuploads%2F2016%2F04%2Foriginal.jpg%26winID%3D10025%26_options_sf&quot;)</favourite>
	<favourite name="[COLOR orange] Sportsnet World - Android Kodi 16[/COLOR] MIC Sports Central" thumb="http://www.thelogodb.com/images/media/logo/rxwxvv1433429786.png">PlayMedia(&quot;plugin://plugin.video.mic/?url=http%3A%2F%2Fnlds182.cdnak.neulion.com%2Fnlds%2Fsportsnetnow%2Fsn_world%2Fas%2Flive%2Fsn_world_hd_ipad.m3u8&amp;mode=12&amp;sf_options=fanart%3Dhttp%3A%2F%2Fgamerlimit.com%2Fwp-content%2Fuploads%2F2016%2F04%2Foriginal.jpg%26winID%3D10025%26_options_sf&quot;)</favourite>
	<favourite name="Sportsnet World zem S2" thumb="DefaultFolder.png">PlayMedia(&quot;plugin://plugin.video.ZemTV-shani/?url=aXBib3g6aHR0cDovL2lwdHYubW9ua2V5Y2xpbmUuY29tOjI1NDYxL2xpdmUvamFzbmUvamFzbmUvOTQwMS50c3xVc2VyLUFnZW50PVZMQy8yLjMuMSBMaWJWTEMvMi4yLjE3JkljeS1NZXRhRGF0YT0x&amp;mode=11&amp;name=%5BCOLOR+FF11b500%5D%2Acan%3Asportsnet+world+hd%0D+ipbox%5B%2FCOLOR%5D&amp;sf_options=winID%3D10025%26_options_sf&quot;)</favourite>
	<favourite name="[COLOR limegreen]Sportsnet World[/COLOR] Vidtime" thumb=" ">PlayMedia(&quot;http://nlds182.cdnak.neulion.com/nlds/sportsnetnow/sn_world/as/live/sn_world_hd.m3u8|User-Agent=Mozilla/5.0 (Linux; Android 4.0.4; Galaxy Nexus Build/IMM76B) AppleWebKit/535.19 (KHTML, like Gecko) Chrome/18.0.1025.133 Mobile Safari/535.19&quot; ?sf_options=fanart%3Dhttp%3A%2F%2Fs20.postimg.org%2Fdoltr1fu5%2FVTTVBackground.png%26winID%3D10025%26_options_sf&quot;)</favourite>
</favourites>