<favourites>
	<favourite name="[COLOR orange]MUTV [/COLOR] mic Sports Central" thumb="https://www.thelogodb.com/images/media/logo/rpxxqy1433779967.png">PlayMedia(&quot;plugin://plugin.video.mic/?url=plugin%3A%2F%2Fplugin.video.f4mTester%2F%3Fstreamtype%3DTSDOWNLOADER%3Bname%3DMUTV%26url%3Dhttp%3A%2F%2F37.187.139.155%3A8000%2Flive%2Flightwrath%40live.com%2FWatchNow%21%2F543.ts&amp;mode=12&amp;sf_options=fanart%3Dhttp%3A%2F%2Fwallpapercave.com%2Fwp%2FPaxa7aH.jpg%26winID%3D10025%26_options_sf&quot;)</favourite>
	<favourite name="MUTV TVone" thumb="special://home/addons/plugin.video.SportsDevil-2016.30.30/resources/images/folder.png">ActivateWindow(10025,&quot;plugin://plugin.video.SportsDevil/?item=catcher%3dstreams%26title%3dMUTV%26url%3dmpd%253A%252F%252F50e67d468d54cd43a2bd100b5ef8a53e.m3u8%26cfg%3dtvone1.tv.cfg%2540Streams%2540Sports%26videoTitle%3dMUTV%26director%3dtvone1.tv%26genre%3dLive%2bTV%26referer%3dmpd%253A%252F%252F50e67d468d54cd43a2bd100b5ef8a53e.m3u8%26definedIn%3dtvone1.tv.cfg%26type%3drss&amp;mode=1&amp;sf_options=fanart%3Dspecial%3A%2F%2Fhome%2Faddons%2Fplugin.video.SportsDevil-2016.30.30%2Ffanart.jpg%26meta%3Dgenre%253DLive%252BTV%2526director%253Dtvone1.tv%2526label%253DMUTV%2526title%253DMUTV%26_options_sf&quot;,return)</favourite>
	<favourite name="MUTV Fido" thumb="DefaultVideo.png">PlayMedia(&quot;plugin://plugin.video.sanctuary/?url=plugin%3A%2F%2Fplugin.video.f4mTester%2F%3Fstreamtype%3DTSDOWNLOADER%3Bname%3DFIDO%26url%3Dhttp%3A%2F%2F37.187.139.155%3A8000%2Flive%2Flightwrath%40live.com%2FWatchNow%21%2F543.ts&amp;mode=1112&amp;sf_options=fanart%3Dhttp%3A%2F%2Ffantazyrepo.uk%2Faddonimages%2Flivetv%2FLiveTV.jpg%26winID%3D10025%26_options_sf&quot;)</favourite>
	<favourite name="[COLOR blue] MUTV[/COLOR] Live Premiership" thumb="http://i.imgur.com/x6Ct8KO.png">PlayMedia(&quot;plugin://plugin.video.livepremiership/?url=http%3A%2F%2Fpastebin.com%2Fraw%2FJRJXqrY4&amp;mode=8&amp;name=%5BCOLOR+blue%5D+MUTV%5B%2FCOLOR%5D&amp;fanart=http%3A%2F%2Fi.imgur.com%2F85zTaZ8.png&amp;sf_options=fanart%3Dhttp%3A%2F%2Fi.imgur.com%2F85zTaZ8.png%26winID%3D10025%26_options_sf&quot;)</favourite>
	<favourite name="MUTV Zem" thumb="http://tv.solidiptv.com:25461/images/loogo/mutv.png">PlayMedia(&quot;plugin://plugin.video.ZemTV-shani/?url=bmV0d29ya3R2Mjo3NDM%3D&amp;mode=11&amp;name=Sp%3A+manchester+united+%28uk%29&amp;sf_options=winID%3D10025%26_options_sf&quot;)</favourite>
	<favourite name="Sp: mutv hd (uk) - Zem" thumb="http://tv.solidiptv.com:25461/images/loogo/mutvhd.png">PlayMedia(&quot;plugin://plugin.video.ZemTV-shani/?url=bmV0d29ya3R2Mjo0NzIy&amp;mode=11&amp;name=Sp%3A+mutv+hd+%28uk%29+-&amp;sf_options=winID%3D10025%26_options_sf&quot;)</favourite>
	<favourite name="MUTV Live Premiership" thumb="http://i.imgur.com/OBaiwGy.png">PlayMedia(&quot;plugin://plugin.video.livepremiership/?url=%24doregex%5Bget_sxstream%5D%7CUser-Agent%3DMozilla%2F5.0+%28iPad%3B+CPU+OS+6_0+like+Mac+OS+X%29+AppleWebKit%2F536.26+%28KHTML%2C+like+Gecko%29+Version%2F6.0+Mobile%2F10A5376e+Safari%2F8536.25%7Cregex%3D%253Cregex%253E%253Cname%253Eget_sxstream%253C%252Fname%253E%253Cexpres%253Esrc%253D.%252A%255B%2522%252C%2527%255D%2528.%252Am3u8.%252A%253F%2529%255B%2522%252C%2527%255D%253C%252Fexpres%253E%253Cpage%253Ehttp%253A%252F%252Fwww.liveonlinetv247.info%252Fembed%252Fmutv.php%253Fwidth%253D650%2526height%253D480%253C%252Fpage%253E%253Creferer%253Ehttp%253A%252F%252Fwww.liveonlinetv247.info%252F%253C%252Freferer%253E%253C%252Fregex%253E&amp;mode=10&amp;name=MUTV&amp;description=&amp;fanart=http%3A%2F%2Fi.imgur.com%2FJXpmMo5.png&amp;sf_options=fanart%3Dhttp%3A%2F%2Fi.imgur.com%2FJXpmMo5.png%26winID%3D10025%26_options_sf&quot;)</favourite>
</favourites>