<favourites>
	<favourite name="TLC UK" thumb="https://app.uktvnow.net/images/channel_imgs/290616022325tlc.jpg|User-Agent=Dalvik/2.1.0 (Linux; U; Android 6.0.1; SM-G935F Build/MMB29K)">PlayMedia(&quot;playmedia(&quot;plugin://plugin.video.uktvnow/?url=url&amp;mode=2&amp;name=TLC+UK&amp;channelid=288&amp;iconimage=https%3A%2F%2Fapp.uktvnow.net%2Fimages%2Fchannel_imgs%2F290616022325tlc.jpg%7CUser-Agent%3DDalvik%2F2.1.0+%28Linux%3B+U%3B+Android+6.0.1%3B+SM-G935F+Build%2FMMB29K%29&quot;)&amp;sf_options=meta%3Dcastandrole%253D%25255B%25255D%2526label%253DTLC%252BUK%26winID%3D10025%26_options_sf&quot;)</favourite>
	<favourite name="TLC UK - UKTV - 25/08/2016" thumb="https://app.uktvnow.net/images/channel_imgs/290616022325tlc.jpg|User-Agent=Dalvik/2.1.0 (Linux; U; Android 6.0.1; SM-G935F Build/MMB29K)">PlayMedia(&quot;plugin://plugin.video.uktvnow/?url=url&amp;mode=2&amp;name=TLC+UK&amp;channelid=288&amp;iconimage=https%3A%2F%2Fapp.uktvnow.net%2Fimages%2Fchannel_imgs%2F290616022325tlc.jpg%7CUser-Agent%3DDalvik%2F2.1.0+%28Linux%3B+U%3B+Android+6.0.1%3B+SM-G935F+Build%2FMMB29K%29&amp;sf_options=fanart%3Dspecial%3A%2F%2Fhome%2Faddons%5Cplugin.video.uktvnow%5Cfanart.jpg%26meta%3Dplot%253D288%2526label%253DTLC%252BUK%2526title%253DTLC%252BUK%26winID%3D10025%26desc%3D288%26_options_sf&quot;)</favourite>
	<favourite name="TLC - Vidtime - 12/08/2016" thumb="http://rapidiptv.com/images/picons/tlc.png">PlayMedia(&quot;plugin://plugin.video.f4mTester/?url=http://37.187.175.177:8000/live/thomas/thomas/2085.ts&amp;streamtype=TSDOWNLOADER&amp;name=TLC&amp;sf_options=fanart%3Dhttp%3A%2F%2Fs20.postimg.org%2Fdoltr1fu5%2FVTTVBackground.png%26meta%3Dlabel%253D%25255BCOLOR%252Borange%25255DTLC%25255B%25252FCOLOR%25255D%26winID%3D10025%26_options_sf&quot;)</favourite>
	<favourite name="TLC - US" thumb="http://vps.oblivionbuilds.com/Oblivionlogo.png">PlayMedia(&quot;plugin://plugin.video.OblivionStreams/?url=http%3A%2F%2F46.166.162.35%3A9090%2Fload%2Fb0922f3fa8aa%2F18.m3u8&amp;mode=12&amp;sf_options=winID%3D10025%26_options_sf&quot;)</favourite>
</favourites>