<favourites>
	<favourite name="MLB Network" thumb="https://app.uktvnow.net/images/channel_imgs/200116013246mlb.png|User-Agent=Dalvik/2.1.0 (Linux; U; Android 6.0.1; SM-G935F Build/MMB29K)">PlayMedia(&quot;playmedia(&quot;plugin://plugin.video.uktvnow/?url=url&amp;mode=2&amp;name=MLB+Network&amp;channelid=148&amp;iconimage=https%3A%2F%2Fapp.uktvnow.net%2Fimages%2Fchannel_imgs%2F200116013246mlb.png%7CUser-Agent%3DDalvik%2F2.1.0+%28Linux%3B+U%3B+Android+6.0.1%3B+SM-G935F+Build%2FMMB29K%29&quot;)&amp;sf_options=meta%3Dcastandrole%253D%25255B%25255D%2526label%253DMLB%252BNetwork%26winID%3D10025%26_options_sf&quot;)</favourite>
	<favourite name="MLB Network - Vidtime - 12/08/2016" thumb=" ">PlayMedia(&quot;plugin://plugin.video.f4mTester/?url=http://cp.dmbshare.net:8000/live/riccardo/riccardo/4621.ts&amp;streamtype=TSDOWNLOADER&amp;name=MLB Network&amp;sf_options=fanart%3Dhttp%3A%2F%2Fs20.postimg.org%2Fdoltr1fu5%2FVTTVBackground.png%26meta%3Dlabel%253D%25255BCOLOR%252Blimegreen%25255DMLB%252BNetwork%25255B%25252FCOLOR%25255D%26winID%3D10025%26_options_sf&quot;)</favourite>
	<favourite name="MLB Network - NJM Soccer - 12/08/2016" thumb="DefaultVideo.png">PlayMedia(&quot;plugin://plugin.video.NJMSoccer/?url=rtmp%3A%2F%2F185.63.255.18%3A80%2Flive+playpath%3D%24doregex%5Bget_Path%5D+token%3D%24doregex%5Bget_Token%5D+swfUrl%3Dhttp%3A%2F%2Fssl.p.jwpcdn.com%2Fplayer%2Fv%2F7.3.6%2Fjwplayer.flash.swf+swfVfy%3D1+live%3D1+timeout%3D13++pageUrl%3Dhttp%3A%2F%2Fyotv.co%2Fembedo.php%3Flive%3Dmlbxx%26vw%3D620%26vh%3D490&amp;mode=17&amp;regexs=%7Bu%27get_Token%27%3A%20%7B%27refer%27%3A%20u%27http%3A//cricfree.sc/update/mlb.php%27%2C%20%27page%27%3A%20u%27http%3A//yotv.co/embedo.php%3Flive%3Dmlbxx%26vw%3D620%26vh%3D490%27%2C%20%27agent%27%3A%20u%27Mozilla/5.0%27%2C%20%27expre%27%3A%20u%27securetoken%3A%20%5B%22%2C%5C%27%5D%28%5B%5E%22%5D%2B%29%5B%22%2C%5C%27%5D%27%7D%2C%20u%27get_Path%27%3A%20%7B%27refer%27%3A%20u%27http%3A//cricfree.sc/update/mlb.php%27%2C%20%27page%27%3A%20u%27http%3A//yotv.co/embedo.php%3Flive%3Dmlbxx%26vw%3D620%26vh%3D490%27%2C%20%27agent%27%3A%20u%27Mozilla/5.0%27%2C%20%27expre%27%3A%20u%27file%3A%20%5B%22%2C%5C%27%5D.%2A%5C%5C/%28%5B%5E%22%5D%2B%29%5B%22%2C%5C%27%5D%27%7D%7D&amp;sf_options=fanart%3Dspecial%3A%2F%2Fhome%2Faddons%5Cplugin.video.NJMSoccer%5Cfanart.jpg%26meta%3Dlabel%253DMLB%252BNetwork%2526title%253DMLB%252BNetwork%26winID%3D10025%26_options_sf&quot;)</favourite>
	<favourite name="MLB Network - UKTV - 25/08/2016" thumb="https://app.uktvnow.net/images/channel_imgs/200116013246mlb.png|User-Agent=Dalvik/2.1.0 (Linux; U; Android 6.0.1; SM-G935F Build/MMB29K)">PlayMedia(&quot;plugin://plugin.video.uktvnow/?url=url&amp;mode=2&amp;name=MLB+Network&amp;channelid=148&amp;iconimage=https%3A%2F%2Fapp.uktvnow.net%2Fimages%2Fchannel_imgs%2F200116013246mlb.png%7CUser-Agent%3DDalvik%2F2.1.0+%28Linux%3B+U%3B+Android+6.0.1%3B+SM-G935F+Build%2FMMB29K%29&amp;sf_options=fanart%3Dspecial%3A%2F%2Fhome%2Faddons%5Cplugin.video.uktvnow%5Cfanart.jpg%26meta%3Dplot%253D148%2526label%253DMLB%252BNetwork%2526title%253DMLB%252BNetwork%26winID%3D10025%26desc%3D148%26_options_sf&quot;)</favourite>
	<favourite name="MLB NETWORK" thumb="http://vps.oblivionbuilds.com/Oblivionlogo.png">PlayMedia(&quot;plugin://plugin.video.OblivionStreams/?url=http%3A%2F%2F46.166.162.35%3A9090%2Fload%2Fb0922f3fa8aa%2F48.m3u8&amp;mode=12&amp;sf_options=winID%3D10025%26_options_sf&quot;)</favourite>
	<favourite name="MLB NETWORK HD bamf 29/11/2016" thumb="DefaultVideo.png">PlayMedia(&quot;plugin://plugin.video.sanctuary/?url=plugin%3A%2F%2Fplugin.video.f4mTester%2F%3Fstreamtype%3DTSDOWNLOADER%26amp%3Burl%3Dhttp%3A%2F%2Fkodi-fireiptv.ddns.net%3A8000%2Flive%2FWIL%2FBIS%2F921.ts%0D&amp;mode=1112&amp;sf_options=winID%3D10025%26_options_sf&quot;)</favourite>
</favourites>