{
 "name"         : "Direct [COLOR red]Boom - Sports [/COLOR] [COLOR FF0084FF]-[/COLOR]  ([COLOR FF0084FF]A[/COLOR])",
 "repository"   : "",
 "plugin"       : "plugin.video.boom",
 "priority"     : 900,
 "id"           : "direct.live.boom.a",
 "filters"      : {},
 "postprocess"  : "",
 "movies"       : [],
 "tvshows"      : [],
 "live"         : [
  [
   {
    "link"      : "plugin://plugin.video.boom/?fanart=http%3a%2f%2fi.imgur.com%2fhxu0p7e.jpg&amp;mode=1&amp;name=Sports%20Channels&amp;url=https%3a%2f%2fitsssl.com%2fSportsChannels",
	"steps"     : [
	".*$$({name}|{name|replace(main,1)}|{name|replace(cricket,2)}|{name|replace(action,3)}|{name|replace(arena,3)}|{name|replace(golf,4)}|{name|replace(premier,5)}, {name|replace(main,1)|ws|()}|{name|replace(cricket,2)|ws|()}|{name|replace(action,3)|ws|()}|{name|replace(arena,3)|ws|()}|{name|replace(golf,4)|ws|()}|{name|replace(premier,5)||ws|()})$$.*"
	],
    "action"    : "ACTIVATE"
   },
   {
    "link"      : "plugin://plugin.video.boom/?fanart=http%3a%2f%2fi.imgur.com%2fhxu0p7e.jpg&amp;mode=1&amp;name=Sports%20Channels&amp;url=https%3a%2f%2fitsssl.com%2fSportsChannels",
	"steps"     : [
	".*$${name}$$.*"
	],
    "action"    : "ACTIVATE"
   }
  ]
 ]
}