{
 "name"         : "Navigate [COLOR FF0084FF]-[/COLOR] ProSport MLB ([COLOR FF0084FF]A[/COLOR])",
 "repository"   : "repository.unofficialsportsdevil-",
 "plugin"       : "plugin.video.prosport",
 "priority"     : 800,
 "id"           : "navigate.prosportmlb.a",
 "filters"      : {},
 "postprocess"  : "",
 "movies"       : [],
 "tvshows"      : [],
 "musicvideos"  : [],
 "music"        : [],
 "live"         : [
  [
   {
    "link"      : "plugin://plugin.video.prosport/",
    "steps"     : [
     ".*MLB.*",
     "{name}"
     ],
    "action"    : "ACTIVATE"
   },
   {
    "link"      : "plugin://plugin.video.prosport/",
    "steps"     : [
     ".*MLB.*",
     ".*{name}.*"
     ],
    "action"    : "ACTIVATE"
   }
  ]
 ]
}