{
 "name"         :"Navigate [COLOR red]SportsDevil[/COLOR] [COLOR yellow]-[/COLOR] [COLOR turquoise]CricHD[/COLOR] [COLOR FF0084FF]-[/COLOR]  ([COLOR FF0084FF]A[/COLOR])",
 "repository"	: "repository.unofficialsportsdevil-",
 "plugin"       : "plugin.video.SportsDevil",
 "priority"     : 900,
 "id"           : "navigate.sportsdevil.a",
 "filters"      : {},
 "postprocess"  : "",
 "movies"       : [],
 "tvshows"      : [],
 "live"         : [
  [
   {
    "link": "plugin://plugin.video.SportsDevil",
    "steps": [
     ".*Sports TV.*",
	 ".*CricHD.tv.*",
     ".*{basename}.*({extension}|{extension|text_to_number()}).*"
      ],
      "action": "ACTIVATE"
    }
  ]
 ]
}