{
 "name"         : "Navigate [COLOR FF0084FF]-[/COLOR] Adryanlist Sports ([COLOR FF0084FF]A[/COLOR])",
 "repository"   : "",
 "plugin"       : "plugin.video.adryanlist",
 "priority"     : 800,
 "id"           : "navigate.adryanlist.a",
 "filters"      : {},
 "postprocess"  : "",
 "movies"       : [],
 "tvshows"      : [],
 "musicvideos"  : [],
 "music"        : [],
 "live"         : [
  [
   {
    "link": "plugin://plugin.video.adryanlist/",
    "steps": [
 	 ".*sports.*",
	 "{name}"
     ],
    "action"    : "PLAY"
   },
   {
    "link": "plugin://plugin.video.adryanlist/",
    "steps": [
  	 ".*sports.*",
	 ".*{name}.*"
     ],
    "action"    : "PLAY"
   },
   {
    "link": "plugin://plugin.video.adryanlist/",
    "steps": [
 	 ".*sports.*",
     "{basename}.({extension}|{extension|number_to_text()}|{extension|text_to_number()})"
     ],
    "action"    : "PLAY"
   },
   {
    "link": "plugin://plugin.video.adryanlist/",
    "steps": [
 	 ".*sports.*",
     ".*{basename}.({extension}|{extension|number_to_text()}|{extension|text_to_number()}).*"
     ],
    "action"    : "PLAY"
   }
  ]
 ]
}