{
 "name"         : "Navigate [COLOR FF0084FF]-[/COLOR] Rising Tides Live All Sports ([COLOR FF0084FF]A[/COLOR])",
 "repository"   : "",
 "plugin"       : "plugin.video.Rising.Tides",
 "priority"     : 800,
 "id"           : "navigate.rising.tides.liveallsports.a",
 "filters"      : {},
 "postprocess"  : "",
 "movies"       : [],
 "tvshows"      : [],
 "musicvideos"  : [],
 "music"        : [],
 "live"         : [
  [
   {
    "link"      : "plugin://plugin.video.Rising.Tides/?fanart=http%3a%2f%2ftest2.seo.ua%2fbackend%2fweb%2fuploads%2f2017-03-30-12-03-53.jpg&amp;iconimage=https%3a%2f%2fi.ytimg.com%2fvi%2fJrmcivmjkCw%2fhqdefault.jpg&amp;mode=31&amp;name=%5bCOLOR%20pink%5d%5bB%5dL%5b%2fB%5d%5b%2fCOLOR%5d%5bCOLOR%20white%5d%5bB%5dive%5b%2fB%5d%5b%2fCOLOR%5d%20%5bCOLOR%20red%5d%5bB%5dA%5b%2fB%5d%5b%2fCOLOR%5d%5bCOLOR%20white%5d%5bB%5dll%5b%2fB%5d%5b%2fCOLOR%5d%20%5bCOLOR%20pink%5d%5bB%5dS%5b%2fB%5d%5b%2fCOLOR%5d%5bCOLOR%20white%5d%5bB%5dports%5b%2fB%5d%5b%2fCOLOR%5d%5bCOLOR%20red%5d%5bB%5d(Online)%5b%2fB%5d%5b%2fCOLOR%5d&amp;url=http%3a%2f%2fbit.ly%2f2xuYT0B",
    "steps"     : [
	"@anynotcontaining: =|Latest",
	".*{name}.*"
	],
    "action"    : "Activate"
   }
   ]
 ]
}