{
 "name"         : "Navigate [COLOR FF0084FF]-[/COLOR] Falcon Sports  ([COLOR FF0084FF]A[/COLOR])",
 "repository"   : "repository.falconsports",
 "plugin"       : "plugin.video.falconsports",
 "priority"     : 800,
 "id"           : "navigate.falconsports.a",
 "filters"      : {},
 "postprocess"  : "",
 "movies"       : [],
 "tvshows"      : [],
 "musicvideos"  : [],
 "music"        : [],
 "live"         : [
  [
   {
    "link"      : "plugin://plugin.video.falconsports/",
    "steps"     : [
    "liveonline247",
	".*({basename}|{basename|ws()|replace(sports,sport)}).*({extension}|{extension|number_to_text()}|{extension|text_to_number()}).*"
     ],
    "action"    : "PLAY"
   },
   {
    "link"      : "plugin://plugin.video.falconsports/",
    "steps"     : [
    "liveonline247",
	"{name|ws()}"
     ],
    "action"    : "PLAY"
   }
  ]
 ]
}