{
 "name"         : "Navigate [COLOR FF0084FF]-[/COLOR] DC SPORTS ([COLOR FF0084FF]A[/COLOR])",
 "repository"   : "repository.shaneyrepos",
 "plugin"       : "plugin.video.DCSports",
 "priority"     : 800,
 "id"           : "navigate.DCsports.a",
 "filters"      : {},
 "postprocess"  : "",
 "movies"       : [],
 "tvshows"      : [],
 "musicvideos"  : [],
 "music"        : [],
 "live"         : [
  [
   {
    "link"      : "plugin://plugin.video.DCSports/",
    "steps"     : [
     ".*live.*",
     ".*Channels.*",
     ".*{basename}.*({extension}|{extension|text_to_number()}).*"
     ],
    "action"    : "PLAY"
   },
   {
    "link"      : "plugin://plugin.video.DCSports/",
    "steps"     : [
     ".*live.*",
	 ".*channels.*",
     "{basename}.({extension}|{extension|number_to_text()}|{extension|text_to_number()})"
    ],
    "action"    : "PLAY"
   },
   {
    "link"      : "plugin://plugin.video.DCSports/",
    "steps"     : [
     ".*live.*",
	 ".*channels.*",     ".*{basename}.({extension}|{extension|number_to_text()}|{extension|text_to_number()}).*"
    ],
    "action"    : "PLAY"
   },
   {
    "link"      : "plugin://plugin.video.DCSports/",
    "steps"     : [
     ".*live.*",
	 ".*channels.*",
     "{name}"
    ],
    "action"    : "PLAY"
   },
   {
    "link"      : "plugin://plugin.video.DCSports/",
    "steps"     : [
     ".*live.*",
	 ".*channels.*",
     ".*{name}.*"
    ],
    "action"    : "PLAY"
   }
  ]
 ]
}