<favourites>
	<favourite name="Sky News - YouTube" thumb="special://home/addons/plugin.video.freeview/resources/logos/skynews.png">PlayMedia(&quot;plugin://plugin.video.freeview/?url=https%3A%2F%2Fwww.youtube.com%2Fwatch%3Fv%3Dy60wDzZt8yg&amp;mode=1&amp;name=Sky+News+%7C+YouTube&amp;sf_options=fanart%3Dspecial%3A%2F%2Fhome%2Faddons%2Fplugin.video.freeview%2Ffanart.jpg%26winID%3D10001%26_options_sf&quot;)</favourite>
	<favourite name="Sky News Freeview" thumb="special://home/addons/plugin.video.freeview/resources/logos/skynews.png">PlayMedia(&quot;plugin://plugin.video.freeview/?url=https%3A%2F%2Fwww.youtube.com%2Fwatch%3Fv%3Dy60wDzZt8yg&amp;mode=1&amp;name=Sky+News&amp;sf_options=fanart%3Dspecial%3A%2F%2Fhome%2Faddons%2Fplugin.video.freeview%2Ffanart.jpg%26winID%3D10001%26_options_sf&quot;)</favourite>
	<favourite name="Sky News bamf Sports" thumb="http://genietvcunts.co.uk/bamffff/14996309_10209473377528524_434205708_n.jpg">PlayMedia(&quot;plugin://plugin.video.sanctuary/?url=plugin%3A%2F%2Fplugin.video.f4mTester%2F%3Fstreamtype%3DTSDOWNLOADER%26amp%3Burl%3Dhttp%3A%2F%2F51.254.197.40%3A25461%2Flive%2Fscott%2Fscott%2F1772.ts%3Bname%3DBAMF+TV&amp;mode=906&amp;regexs=&amp;setCookie=&amp;sf_options=winID%3D10001%26_options_sf&quot;)</favourite>
	<favourite name="Sky News HD oblivion S1" thumb="http://oblivionbuilds.com/Oblivionlogo.png">PlayMedia(&quot;plugin://plugin.video.sanctuary/?url=plugin%3A%2F%2Fplugin.video.f4mTester%2F%3Fstreamtype%3DTSDOWNLOADER%26amp%3Burl%3Dhttp%3A%2F%2F51.254.197.40%3A25461%2Flive%2Fhastings%2Fhastings%2F1772.ts%3Bname%3DOblivion+TV&amp;mode=906&amp;regexs=&amp;setCookie=&amp;sf_options=meta%3Dlabel%253DSky%252BNews%252BHD%2526title%253DSky%252BNews%252BHD%26winID%3D10001%26_options_sf&quot;)</favourite>
	<favourite name="SKY NEWS Oblivion" thumb="DefaultVideo.png">PlayMedia(&quot;plugin://plugin.video.sanctuary/?url=plugin%3A%2F%2Fplugin.video.f4mTester%2F%3Fstreamtype%3DTSDOWNLOADER%26amp%3Burl%3Dhttp%3A%2F%2Fiptv9.lazystreams.tk%3A8080%2Flive%2FSuPrEmEsTrEaMs%2FKeepYourHandsOffCUNTS%21%21%401%2F1694.ts%3Bname%3DOblivion+TV&amp;mode=1112&amp;sf_options=winID%3D10001%26_options_sf&quot;)</favourite>
	<favourite name="Sky News Fido" thumb="https://grouptweet.com/images/logos/skynews_logo%20(1).png">PlayMedia(&quot;plugin://plugin.video.sanctuary/?url=plugin%3A%2F%2Fplugin.video.youtube%2Fplay%2F%3Fvideo_id%3Dy60wDzZt8yg&amp;mode=1112&amp;sf_options=fanart%3Dhttp%3A%2F%2Ffantazyrepo.uk%2Faddonimages%2Flivetv%2FLiveTV.jpg%26winID%3D10001%26_options_sf&quot;)</favourite>
</favourites>