<favourites>
	<favourite name="ESPN mic Sports Central" thumb="https://www.thelogodb.com/images/media/logo/xuprrx1472105225.png">PlayMedia(&quot;plugin://plugin.video.mic/?url=plugin%3A%2F%2Fplugin.video.SportsDevil%2F%3Fitem%3Dcatcher%253dstreams%2526title%253dESPN%2526url%253dmpd%25253A%25252F%25252Faca0a31d14c85e19f7023c9a3889f37b.m3u8%2526cfg%253dtvone1.tv.cfg%252540Streams%252540Sports%2526videoTitle%253dESPN%2526director%253dtvone1.tv%2526genre%253dLive%252bTV%2526referer%253dmpd%25253A%25252F%25252Faca0a31d14c85e19f7023c9a3889f37b.m3u8%2526definedIn%253dtvone1.tv.cfg%2526type%253drss%26mode%3D1&amp;mode=12&amp;sf_options=fanart%3Dhttp%3A%2F%2Fwww.pngall.com%2Fwp-content%2Fuploads%2F2016%2F05%2FAmerica-Flag-PNG-Picture.png%26winID%3D10001%26_options_sf&quot;)</favourite>
	<favourite name="ESPN NoName" thumb="http://www.liveonlinetv247.info/images/espn.png">PlayMedia(&quot;plugin://plugin.video.no-name/?action=play&amp;url=%3Csublink%3Ehttp%3A%2F%2Fiptvfree1.com%3A6969%2Flive%2F%3D%3D%3E_www.iptvrestream.net_%3C%3D%3D%2F%3D%3D%3E_www.iptvrestream.net_%3C%3D%3D%2F189.ts%7CUser-Agent%3Diptvreatream.net%3C%2Fsublink%3E%3Csublink%3Ehttp%3A%2F%2Fwww.liveonlinetv247.info%2Fembed%2Fespn.php%3Fwidth%3D650%26height%3D480%3C%2Fsublink%3E&amp;sf_options=fanart%3Dhttps%3A%2F%2Fs20.postimg.org%2F5eos453ql%2Fhd_fantasy_wallpaper_1280x800_0912021.jpg%26winID%3D10001%26_options_sf&quot;)</favourite>
	<favourite name="[COLOR blue] ESPN[/COLOR] Live PremierShip" thumb="http://i.imgur.com/6D5YMUH.png">PlayMedia(&quot;plugin://plugin.video.livepremiership/?url=plugin%3A%2F%2Fplugin.video.SportsDevil%2F%3Fmode%3D1%26amp%3Bitem%3Dcatcher%253dstreams%2526url%3Dhttp%3A%2F%2Fwww.mamahd.com%2Fwatch-espn-uk-live-stream-1.html%2526referer%3Dhttp%3A%2F%2Fmamahd.com%2F&amp;mode=4&amp;name=%5BCOLOR+blue%5D+ESPN%5B%2FCOLOR%5D&amp;description=&amp;fanart=%2FUsers%2Fdanielmuse%2FLibrary%2FApplication+Support%2FFreeTelly%2Faddons%2Fplugin.video.livepremiership%2Ffanart.jpg&amp;sf_options=fanart%3Dspecial%3A%2F%2Fhome%2Faddons%2Fplugin.video.livepremiership%2Ffanart.jpg%26winID%3D10001%26_options_sf&quot;)</favourite>
	<favourite name="ESPN Oblivion" thumb="DefaultVideo.png">PlayMedia(&quot;plugin://plugin.video.sanctuary/?url=plugin%3A%2F%2Fplugin.video.f4mTester%2F%3Fstreamtype%3DTSDOWNLOADER%26amp%3Burl%3Dhttp%3A%2F%2Fiptv9.lazystreams.tk%3A8080%2Flive%2FSuPrEmEsTrEaMs%2FKeepYourHandsOffCUNTS%21%21%401%2F1630.ts%3Bname%3DOblivion+TV&amp;mode=1112&amp;sf_options=winID%3D10001%26_options_sf&quot;)</favourite>
</favourites>