<favourites>
	<favourite name="[COLOR red][B]BT[/COLOR][COLOR blue] SPORT 2[/COLOR][/B][COLOR white] [720p][/COLOR]" thumb="http://i.imgur.com/BuuhD16.png">HOME:PlayMedia(&quot;plugin://plugin.video.Evolve/?url=http%3A%2F%2Fwww.matsbuilds.co.uk%2Fabe%2Fevolve_pack.xml&amp;mode=3&amp;name=%5BCOLOR+red%5D%5BB%5DBT%5B%2FCOLOR%5D%5BCOLOR+blue%5D+SPORT+2%5B%2FCOLOR%5D%5B%2FB%5D%5BCOLOR+white%5D+%5B720p%5D%5B%2FCOLOR%5D&amp;description=&amp;fanart=http%3A%2F%2Fi.imgur.com%2FBuuhD16.png&amp;sf_options=fanart%3Dhttp%3A%2F%2Fi.imgur.com%2FBuuhD16.png%26meta%3Dcastandrole%253D%25255B%25255D%2526label%253D%25255BCOLOR%252Bred%25255D%25255BB%25255DBT%25255B%25252FCOLOR%25255D%25255BCOLOR%252Bblue%25255D%252BSPORT%252B2%25255B%25252FCOLOR%25255D%25255B%25252FB%25255D%25255BCOLOR%252Bwhite%25255D%252B%25255B720p%25255D%25255B%25252FCOLOR%25255D%26winID%3D10000%26_options_sf&quot;)</favourite>
	<favourite name="Bt sports 2" thumb="https://app.uktvnow.net/images/channel_imgs/160116115549bt2.jpg|User-Agent=Dalvik/2.1.0 (Linux; U; Android 6.0.1; SM-G935F Build/MMB29K)">PlayMedia(&quot;playmedia(&quot;plugin://plugin.video.uktvnow/?url=url&amp;mode=2&amp;name=Bt+sports+2&amp;channelid=60&amp;iconimage=https%3A%2F%2Fapp.uktvnow.net%2Fimages%2Fchannel_imgs%2F160116115549bt2.jpg%7CUser-Agent%3DDalvik%2F2.1.0+%28Linux%3B+U%3B+Android+6.0.1%3B+SM-G935F+Build%2FMMB29K%29&quot;)&amp;sf_options=meta%3Dcastandrole%253D%25255B%25255D%2526label%253DBt%252Bsports%252B2%26winID%3D10025%26_options_sf&quot;)</favourite>
	<favourite name="Bt sports 2 - UKTV - 25/08/2016" thumb="https://app.uktvnow.net/images/channel_imgs/160116115549bt2.jpg|User-Agent=Dalvik/2.1.0 (Linux; U; Android 6.0.1; SM-G935F Build/MMB29K)">PlayMedia(&quot;plugin://plugin.video.uktvnow/?url=url&amp;mode=2&amp;name=Bt+sports+2&amp;channelid=60&amp;iconimage=https%3A%2F%2Fapp.uktvnow.net%2Fimages%2Fchannel_imgs%2F160116115549bt2.jpg%7CUser-Agent%3DDalvik%2F2.1.0+%28Linux%3B+U%3B+Android+6.0.1%3B+SM-G935F+Build%2FMMB29K%29&amp;sf_options=fanart%3Dspecial%3A%2F%2Fhome%2Faddons%5Cplugin.video.uktvnow%5Cfanart.jpg%26meta%3Dplot%253D60%2526label%253DBt%252Bsports%252B2%2526title%253DBt%252Bsports%252B2%26winID%3D10025%26desc%3D60%26_options_sf&quot;)</favourite>
	<favourite name="BT Sport 2 HD - Vidtime - 12/08/2016" thumb="http://www.lyngsat-logo.com/hires/bb/bt_sport_2.png">PlayMedia(&quot;plugin://plugin.video.f4mTester/?url=http://149.202.201.221:8000/live/fr443500/75019pa/281.ts&amp;streamtype=TSDOWNLOADER&amp;name=BT Sport 2&amp;sf_options=fanart%3Dhttp%3A%2F%2Fs20.postimg.org%2Fdoltr1fu5%2FVTTVBackground.png%26meta%3Dlabel%253D%25255BCOLOR%252Blimegreen%25255DBT%252BSport%252B2%252BHD%25255B%25252FCOLOR%25255D%26winID%3D10025%26_options_sf&quot;)</favourite>
	<favourite name="BT Sport 2 - NJM Soccer - 12/08/2016" thumb="http://www.lyngsat-logo.com/hires/bb/bt_sport_2.png">PlayMedia(&quot;plugin://plugin.video.NJMSoccer/?url=plugin%3A%2F%2Fplugin.video.SportsDevil%2F%3Fmode%3D1%26amp%3Bitem%3Dcatcher%253dstreams%2526url%3Dhttp%3A%2F%2Fhdfree.tv%2Fwatch%2F9%2Fbt-sport-2-live-stream-online.html%2526referer%3Dhttp%3A%2F%2Fhdfree.tv&amp;mode=12&amp;sf_options=fanart%3Dhttp%3A%2F%2Fi65.tinypic.com%2F2vsrsrl.png%26meta%3Dlabel%253D%25255BB%25255D%25255BCOLOR%252Bnavy%25255DBT%25255B%25252FCOLOR%25255D%25255BCOLOR%252Bred%25255D%252BSPORT%252B2%252B%25255B%25252FCOLOR%25255D%252B%25255BCOLOR%252Byellow%25255D%25255B480p%25255D%25255B%25252FCOLOR%25255D%252B%25255B27%25252F07%25255D%25255B%25252FB%25255D%2526title%253D%25255BB%25255D%25255BCOLOR%252Bnavy%25255DBT%25255B%25252FCOLOR%25255D%25255BCOLOR%252Bred%25255D%252BSPORT%252B2%252B%25255B%25252FCOLOR%25255D%252B%25255BCOLOR%252Byellow%25255D%25255B480p%25255D%25255B%25252FCOLOR%25255D%252B%25255B27%25252F07%25255D%25255B%25252FB%25255D%26winID%3D10025%26_options_sf&quot;)</favourite>
	<favourite name="BT Sport 2 HD - NJM Soccer - 12/08/2016" thumb="http://zunox.hk/zunox1.html">PlayMedia(&quot;plugin://plugin.video.NJMSoccer/?url=plugin%3A%2F%2Fplugin.video.SportsDevil%2F%3Fmode%3D1%26amp%3Bitem%3Dcatcher%253dstreams%2526url%3Dhttp%3A%2F%2Fwww.liveonlinetv247.info%2Fbtsport2.php%2526referer%3Dhttp%3A%2F%2Fwww.liveonlinetv247.info&amp;mode=12&amp;sf_options=fanart%3Dhttp%3A%2F%2Fi57.tinypic.com%2F21l07rc.png%26meta%3Dlabel%253DBT%252B2%252BHD%252B%2526title%253DBT%252B2%252BHD%252B%26winID%3D10025%26_options_sf&quot;)</favourite>
	<favourite name="BT Sports 2 - DC Sports - 25/08/2016" thumb="http://www.thelogodb.com/images/media/logo/vwxvty1433360911.png">PlayMedia(&quot;plugin://plugin.video.DCSports/?url=plugin%3A%2F%2Fplugin.video.f4mTester%2F%3Furl%3Dhttp%3A%2F%2Fswebstreamer.hopto.me%3A2709%2Flive%2FSeil001apo%2F8mc9Z6c9yB%2F58.ts%26streamtype%3DTSDOWNLOADER%3Bname%3DBTSports2+%23DCSPORTSADDON%7CUser-Agent%3DMozilla%2F5.0+%28iPad%3B+CPU+OS+6_0+like+Mac+OS+X%29+AppleWebKit%2F536.26+%28KHTML%2C+like+Gecko%29+Version%2F6.0+Mobile%2F10A5376e+Safari%2F8536.25%26swf%3B%3DNone%26auth%3B%26simpledownloader%3B%3Dfals%24use_proxy_for_chunks%3Dtrue%26streamtype%3B%3DTSDOWNLOADER%26maxbitrate%3B%3D0%26proxy%3B%3DNone%26url%3B&amp;mode=12&amp;sf_options=fanart%3Dhttp%3A%2F%2Fgoo.gl%2FrbwAMf%26meta%3Dlabel%253DBT%252BSports%252B2%2526title%253DBT%252BSports%252B2%26winID%3D10025%26_options_sf&quot;)</favourite>
	<favourite name="[COLOR red][B]BT[/COLOR][COLOR blue] SPORT 2[/COLOR][/B][COLOR white] [720p][/COLOR] - Evolve - 25/08/2016" thumb="http://i.imgur.com/BuuhD16.png">PlayMedia(&quot;plugin://plugin.video.Evolve/?url=http%3A%2F%2Fwww.matsbuilds.uk%2Fabe%2Fevolve_pack.xml&amp;mode=3&amp;name=%5BCOLOR+red%5D%5BB%5DBT%5B%2FCOLOR%5D%5BCOLOR+blue%5D+SPORT+2%5B%2FCOLOR%5D%5B%2FB%5D%5BCOLOR+white%5D+%5B720p%5D%5B%2FCOLOR%5D&amp;description=&amp;fanart=http%3A%2F%2Fi.imgur.com%2FBuuhD16.png&amp;sf_options=fanart%3Dhttp%3A%2F%2Fi.imgur.com%2FBuuhD16.png%26meta%3Dlabel%253D%25255BCOLOR%252Bred%25255D%25255BB%25255DBT%25255B%25252FCOLOR%25255D%25255BCOLOR%252Bblue%25255D%252BSPORT%252B2%25255B%25252FCOLOR%25255D%25255B%25252FB%25255D%25255BCOLOR%252Bwhite%25255D%252B%25255B720p%25255D%25255B%25252FCOLOR%25255D%26winID%3D10025%26_options_sf&quot;)</favourite>
</favourites>