<favourites>
	<favourite name="BT Sport 2 vidtime 26/11/2016" thumb="http://www.lyngsat-logo.com/hires/bb/bt_sport_2.png">PlayMedia(&quot;plugin://plugin.video.VidTime/?url=http%3A%2F%2Fwww.liveonlinetv247.info%2Fbtsport2.php&amp;icon=http%3A%2F%2Fwww.lyngsat-logo.com%2Fhires%2Fbb%2Fbt_sport_2.png&amp;mode=ONTV&amp;name=%5BCOLOR+white%5DBT+Sport+2%5B%2FCOLOR%5D&amp;sf_options=fanart%3Dhttp%3A%2F%2Fs5.postimg.org%2Faby4q1mvb%2Funited_kingdom_flag_16_cool_background.jpg%26winID%3D10001%26_options_sf&quot;)</favourite>
	<favourite name="[COLOR orange]BT Sport 2 HD [/COLOR]mic 18/11/2016" thumb="https://upload.wikimedia.org/wikipedia/en/2/2b/UKTV_logo.png">PlayMedia(&quot;plugin://plugin.video.mic/?url=plugin%3A%2F%2Fplugin.video.f4mTester%2F%3Fstreamtype%3DTSDOWNLOADER%3Bname%3DBTSPORT+2+HD%26url%3Dhttp%3A%2F%2F37.187.139.155%3A8000%2Flive%2Flightwrath%40live.com%2FWatchNow%21%2F457.ts&amp;mode=12&amp;sf_options=fanart%3Dhttp%3A%2F%2Fwallpapercave.com%2Fwp%2FPaxa7aH.jpg%26winID%3D10001%26_options_sf&quot;)</favourite>
	<favourite name="BT Sport 2 HD bamf 30/11/2016" thumb="DefaultVideo.png">PlayMedia(&quot;plugin://plugin.video.sanctuary/?url=plugin%3A%2F%2Fplugin.video.f4mTester%2F%3Fstreamtype%3DTSDOWNLOADER%26amp%3Burl%3Dhttp%3A%2F%2F37.187.25.213%3A8000%2Flive%2Fnicolas%2Fnicolas%2F362.ts%3Bname%3DBAMF+TV&amp;mode=1112&amp;sf_options=winID%3D10001%26_options_sf&quot;)</favourite>
	<favourite name="BT Sport 2 bamf Sports 30/11/2016" thumb="DefaultVideo.png">PlayMedia(&quot;plugin://plugin.video.sanctuary/?url=plugin%3A%2F%2Fplugin.video.f4mTester%2F%3Fstreamtype%3DTSDOWNLOADER%26amp%3Burl%3Dhttp%3A%2F%2F37.187.25.213%3A8000%2Flive%2Fnicolas%2Fnicolas%2F249.ts%3Bname%3DBAMF+TV&amp;mode=1112&amp;sf_options=winID%3D10001%26_options_sf&quot;)</favourite>
	<favourite name="BT Sport 2 HD bamf 30/11/2016" thumb="https://www.dropbox.com/s/velmnh6ocrxhj0l/icon.png?dl=1">PlayMedia(&quot;plugin://plugin.video.sanctuary/?url=plugin%3A%2F%2Fplugin.video.f4mTester%2F%3Fstreamtype%3DTSDOWNLOADER%26amp%3Burl%3Dhttp%3A%2F%2Fipsatpro.com%3A8000%2Flive%2Fmik%2Fmik%2F527.ts%3Bname%3DBAMF+TV&amp;mode=1112&amp;sf_options=winID%3D10001%26_options_sf&quot;)</favourite>
	<favourite name="[COLORgreen][B]•[/COLOR][/B]BT Sport 2 HD oblivion 30/11/2016" thumb="http://oblivionbuilds.com/Oblivionlogo.png">PlayMedia(&quot;plugin://plugin.video.sanctuary/?url=plugin%3A%2F%2Fplugin.video.f4mTester%2F%3Fstreamtype%3DTSDOWNLOADER%26amp%3Burl%3Dhttp%3A%2F%2Flive.softiptv.com%3A9900%2Flive%2F3month%2F3month%2F20548.ts%3Bname%3DOblivion+TV&amp;mode=1112&amp;sf_options=winID%3D10001%26_options_sf&quot;)</favourite>
	<favourite name="[COLORgreen][B]•[/COLOR][/B]BT Sport 2 Oblivion S1" thumb="http://oblivionbuilds.com/Oblivionlogo.png">PlayMedia(&quot;plugin://plugin.video.sanctuary/?url=plugin%3A%2F%2Fplugin.video.f4mTester%2F%3Fstreamtype%3DTSDOWNLOADER%26amp%3Burl%3Dhttp%3A%2F%2F164.132.182.253%3A22921%2Flive%2FMiguel%2Fskype%2F11.ts%26amp%3Bname%3DOblivion+TV&amp;mode=1112&amp;sf_options=winID%3D10001%26_options_sf&quot;)</favourite>
	<favourite name="BT Sport 2 HD oblivion mega 01/12/2016" thumb="http://oblivionbuilds.com/Oblivionlogo.png">PlayMedia(&quot;plugin://plugin.video.sanctuary/?url=plugin%3A%2F%2Fplugin.video.f4mTester%2F%3Fstreamtype%3DTSDOWNLOADER%26amp%3Burl%3Dhttp%3A%2F%2Fsonic-iptv.com%3A2500%2Flive%2Flee%2Flee%2F20.ts%3Bname%3DOblivion+TV&amp;mode=1112&amp;sf_options=winID%3D10001%26_options_sf&quot;)</favourite>
	<favourite name="BT SPORT 2 HD Evolve 01/12/2016" thumb="http://matsbuilds.uk/pics/newevolveicons/sports.PNG">PlayMedia(&quot;plugin://plugin.video.Evolve/?url=http%3A%2F%2Fiptvch.selfip.info%2Flive%2Fsayed%2Fsayed%2F1469.ts%0D&amp;mode=2&amp;name=BT+SPORT+2+HD%0D&amp;description=&amp;iconimage=http%3A%2F%2Fmatsbuilds.uk%2Fpics%2Fnewevolveicons%2Fsports.PNG&amp;sf_options=fanart%3Dhttps%3A%2F%2Fsuperrepo.org%2Fstatic%2Fimages%2Ffanart%2Foriginal%2Fplugin.video.LiveTV.jpg%26winID%3D10001%26_options_sf&quot;)</favourite>
	<favourite name="BT Sport 2 HD sanctuary 02/12/2016" thumb="http://oklivetv.com/wp-content/uploads/media/bt-sport-2-logo.jpeg">PlayMedia(&quot;plugin://plugin.video.sanctuary/?url=plugin%3A%2F%2Fplugin.video.SportsDevil%2F%3Fmode%3D1%26amp%3Bitem%3Dcatcher%253dstreams%2526url%3Dhttp%3A%2F%2Fwww.shadow-net.org%2Fchannels%2FBT-Sport-2.html%2526referer%3Dhttp%3A%2F%2Fwww.shadow-net.org%2Fchannels%2FBT-Sport-2.html&amp;mode=1112&amp;sf_options=fanart%3Dspecial%3A%2F%2Fhome%2Faddons%2Fplugin.video.sanctuary%2Ffanart.jpg%26winID%3D10001%26_options_sf&quot;)</favourite>
	<favourite name="BT Sport 2 UHD sanctuary 02/12/2016" thumb="https://2.bp.blogspot.com/-oZCVuiUhflo/VswnfjwvPGI/AAAAAAAABCQ/9t20mTgqBz4/s1600/bt2.png">PlayMedia(&quot;plugin://plugin.video.sanctuary/?url=plugin%3A%2F%2Fplugin.video.f4mTester%2F%3Fstreamtype%3DTSDOWNLOADER%26url%3Dhttp%3A%2F%2Fgo.teamexpat.ninja%2Flive%2Fsuperjohn182%40hotmail.co.uk%2FMonday100%2F45022.ts%26streamtype%3D.TSDOWNLOADER%3Bname%3DBT+Sport+2+HD&amp;mode=1112&amp;sf_options=fanart%3Dspecial%3A%2F%2Fhome%2Faddons%2Fplugin.video.sanctuary%2Ffanart.jpg%26winID%3D10001%26_options_sf&quot;)</favourite>
	<favourite name="BT Sport 2 zem 02/12/2016" thumb="DefaultFolder.png">PlayMedia(&quot;plugin://plugin.video.ZemTV-shani/?url=aXBib3g6aHR0cDovL2lwdHYubW9ua2V5Y2xpbmUuY29tOjI1NDYxL2xpdmUvamFzbmUvamFzbmUvMTc1Ny50c3xVc2VyLUFnZW50PVZMQy8yLjMuMSBMaWJWTEMvMi4yLjE3JkljeS1NZXRhRGF0YT0x&amp;mode=11&amp;name=%5BCOLOR+FF11b500%5DBt+sports+2+hd%0D+ipbox%5B%2FCOLOR%5D&amp;sf_options=winID%3D10001%26_options_sf&quot;)</favourite>
	<favourite name="BT Sport 2 white devil 04/12/2016" thumb="https://www.bennetts.co.uk/-/media/import/7450_images/BTSport2Logo">PlayMedia(&quot;plugin://plugin.video.white.devil/?action=play&amp;url=%3Csublink%3Eplugin%3A%2F%2Fplugin.video.f4mTester%2F%3Fstreamtype%3DTSDOWNLOADER%26amp%3Burl%3Dhttp%3A%2F%2Fmediaiptv.xyz%3A8000%2Flive%2Fjimjam1%2Fjames%2F1981.ts%3C%2Fsublink%3E%3Csublink%3Eplugin%3A%2F%2Fplugin.video.f4mTester%2F%3Fstreamtype%3DTSDOWNLOADER%26amp%3Burl%3Dhttp%3A%2F%2Fmediaiptv.xyz%3A8000%2Flive%2Fjimjam1%2Fjames%2F732.ts%3C%2Fsublink%3E&amp;sf_options=fanart%3Dspecial%3A%2F%2Fhome%2Faddons%2Fplugin.video.white.devil%2Ffanart.jpg%26winID%3D10001%26_options_sf&quot;)</favourite>
	<favourite name="BT Sport 2 HD bamf 04/12/2016" thumb="http://genietvcunts.co.uk/bamffff/14996309_10209473377528524_434205708_n.jpg">PlayMedia(&quot;plugin://plugin.video.sanctuary/?url=plugin%3A%2F%2Fplugin.video.f4mTester%2F%3Fstreamtype%3DTSDOWNLOADER%26amp%3Burl%3Dhttp%3A%2F%2Fsonic-iptv.com%3A2500%2Flive%2Flee%2Flee%2F20.ts%3Bname%3DBAMF+TV&amp;mode=906&amp;regexs=&amp;setCookie=&amp;sf_options=winID%3D10001%26_options_sf&quot;)</favourite>
	<favourite name="BT SPORT 2 HD  bamf 04/12/2016" thumb="http://genietvcunts.co.uk/bamffff/14996309_10209473377528524_434205708_n.jpg">PlayMedia(&quot;plugin://plugin.video.sanctuary/?url=plugin%3A%2F%2Fplugin.video.f4mTester%2F%3Fstreamtype%3DTSDOWNLOADER%26amp%3Burl%3Dhttp%3A%2F%2Fsonic-iptv.com%3A2500%2Flive%2Flee%2Flee%2F216.ts%3Bname%3DBAMF+TV&amp;mode=906&amp;regexs=&amp;setCookie=&amp;sf_options=winID%3D10001%26_options_sf&quot;)</favourite>
</favourites>