<favourites>
	<favourite name="Renegades 1 - Reading vs Ipswich" thumb="http://www.lyngsat-logo.com/logo/tv/ss/sky_uk_sports1_in_pubs.png ">PlayMedia(&quot;plugin://plugin.video.VidTime/?url=http%3A%2F%2Fwww.liveonlinetv247.info%2Fskysports1.php&amp;icon=http%3A%2F%2Fwww.lyngsat-logo.com%2Flogo%2Ftv%2Fss%2Fsky_uk_sports1_in_pubs.png+&amp;mode=ONTV&amp;name=%5BCOLOR+white%5DSky+Sports+1%5B%2FCOLOR%5D&amp;sf_options=fanart%3Dhttp%3A%2F%2Fs5.postimg.org%2Faby4q1mvb%2Funited_kingdom_flag_16_cool_background.jpg%26winID%3D10025%26_options_sf&quot;)</favourite>
	<favourite name="Renegades 1 - Reading vs Ipswich" thumb=" ">PlayMedia(&quot;plugin://plugin.video.f4mTester/?url=http://ksportiptv.com:1557/live/mix040/zfpUzgG1x7/1109.ts&amp;streamtype=TSDOWNLOADER&amp;name=Sky Sports 1&amp;sf_options=fanart%3Dhttp%3A%2F%2Fs20.postimg.org%2Fdoltr1fu5%2FVTTVBackground.png%26winID%3D10025%26_options_sf&quot;)</favourite>
	<favourite name="Renegades 1 - Reading vs Ipswich" thumb="https://app.uktvnow.net/images/channel_imgs/200116041103skysprts1.png">PlayMedia(&quot;plugin://plugin.video.ZemTV-shani/?url=dWt0dm5vdzoyMDQ%3D&amp;mode=11&amp;name=%5BCOLOR+FF11b500%5DSky+sports+1+uktv%5B%2FCOLOR%5D&amp;sf_options=winID%3D10025%26_options_sf&quot;)</favourite>
	<favourite name="Renegades 1 - Reading vs Ipswich" thumb="http://i60.tinypic.com/2a8f14g.png">PlayMedia(&quot;plugin://plugin.video.NJMSoccer/?url=plugin%3A%2F%2Fplugin.video.f4mTester%2F%3Fstreamtype%3DTSDOWNLOADER%26url%3Dhttp%3A%2F%2Fwww.q7t1.com%3A8000%2Flive%2FsYKADDaJs2%2FSnoQc6v4hZ%2F1044.ts&amp;mode=12&amp;sf_options=fanart%3Dspecial%3A%2F%2Fhome%2Faddons%2Fplugin.video.NJMSoccer%2Ffanart.jpg%26winID%3D10025%26_options_sf&quot;)</favourite>
	<favourite name="Renegades 1 - Reading vs Ipswich" thumb="DefaultVideo.png">PlayMedia(&quot;plugin://plugin.video.NJMSoccer/?url=%24doregex%5Bm3u8%5D&amp;mode=17&amp;regexs=%7Bu%27m3u8%27%3A%20%7B%27refer%27%3A%20u%27http%3A//www.streamhd.eu/tv/sky-sports-1-live-stream.php%27%2C%20%27page%27%3A%20u%27http%3A//widestream.io/embed-127%27%2C%20%27expre%27%3A%20u%27file%3A%20%22%28%5B%5E%5C%5C%22%5D.%2A%29%22%27%7D%7D&amp;sf_options=fanart%3Dspecial%3A%2F%2Fhome%2Faddons%2Fplugin.video.NJMSoccer%2Ffanart.jpg%26winID%3D10025%26_options_sf&quot;)</favourite>
</favourites>