<favourites>
	<favourite name="Renegades 1 720p" thumb="http://vps.oblivionbuilds.com/Oblivionlogo.png">PlayMedia(&quot;plugin://plugin.video.OblivionStreams/?url=plugin%3A%2F%2Fplugin.video.f4mTester%2F%3Fstreamtype%3DTSDOWNLOADER%26amp%3Burl%3Dhttp%3A%2F%2Fbulkyiptv.com%3A5750%2Flive%2Frobertstardreams%40gmail.com%2F7Vjr5mP9c7%2F20199.ts%3Bname%3DOblivion+TV&amp;mode=12&amp;sf_options=winID%3D10025%26_options_sf&quot;)</favourite>
	<favourite name="Renegades 1" thumb="DefaultVideo.png">PlayMedia(&quot;plugin://plugin.video.bulldogstreams/?url=http%3A%2F%2Ft1-btsport-live-hls-prod.akamaized.net%2Fout%2Fu%2Fespn%2F672_6.m3u8%3Fhdnea%3Dst%3D1474801817%7Eexp%3D1477393817%7Eacl%3D%2F%2A%7Ehmac%3D1ca545eb72dc1d018c9b750cd678b59eca1c76b115c62b464ff329607c0f7169%7CX-Forwaded-For%3D178.208.163.66&amp;mode=12&amp;sf_options=fanart%3Dspecial%3A%2F%2Fhome%2Faddons%2Fplugin.video.bulldogstreams%2Ffanart.jpg%26winID%3D10025%26_options_sf&quot;)</favourite>
	<favourite name="Renegades 1" thumb="DefaultVideo.png">PlayMedia(&quot;plugin://plugin.video.prosport/?url=http%3A%2F%2Fstreamhd.eu%2Fmlb%2Fcleveland-indians-vs-toronto-blue-jays-live-stream-601.php&amp;mode=play&amp;orig=%5BCOLOR%3DFF00FF00%5D%5BB%5DToronto+Blue+Jays+at+Cleveland+Indians%5B%2FB%5D%5B%2FCOLOR%5D&amp;sf_options=winID%3D10025%26_options_sf&quot;)</favourite>
	<favourite name="Renegades 1" thumb="DefaultVideo.png">PlayMedia(&quot;plugin://plugin.video.prosport/?url=http%3A%2F%2Fstablelivestream.com%2Fcleveland-indians-vs-toronto-blue-jays%2F&amp;mode=play&amp;orig=%5BCOLOR%3DFF00FF00%5D%5BB%5DToronto+Blue+Jays+at+Cleveland+Indians%5B%2FB%5D%5B%2FCOLOR%5D&amp;sf_options=winID%3D10025%26_options_sf&quot;)</favourite>
</favourites>