<favourites>
	<favourite name="Renegades 1 [COLOR red]Club Brugge vs Leicester City[/COLOR]" thumb="http://i65.tinypic.com/bi04uf.jpg">PlayMedia(&quot;plugin://plugin.video.MoneySports/?url=%24doregex%5Bm3u8%5D&amp;mode=17&amp;regexs=%7Bu%27m3u8%27%3A%20%7B%27refer%27%3A%20u%27http%3A//widestream.io/%27%2C%20%27page%27%3A%20u%27http%3A//widestream.io/embed-152%27%2C%20%27expre%27%3A%20u%27file%3A%20%22%28%5B%5E%5C%5C%22%5D.%2A%29%22%27%7D%7D&amp;sf_options=fanart%3Dhttp%3A%2F%2Fi65.tinypic.com%2Fbbtld.jpg%26winID%3D10025%26_options_sf&quot;)</favourite>
	<favourite name="Renegades 1 - 19:45 CLUB BRUGGE - LEICESTER CITY [720p]" thumb="DefaultVideo.png">PlayMedia(&quot;plugin://plugin.video.NJMSoccer/?url=plugin%3A%2F%2Fplugin.video.SportsDevil%2F%3Fmode%3D1%26amp%3Bitem%3Dcatcher%253dstreams%2526url%3Dhttp%3A%2F%2Fstreamsarena.eu%2Fstreams2%2Fstream7.php%2526referer%3Dhttp%3A%2F%2Fstreamsarena.eu%2Fstreams2%2Fstream7.php&amp;mode=12&amp;sf_options=fanart%3Dhttp%3A%2F%2Fi57.tinypic.com%2F21l07rc.png%26winID%3D10025%26_options_sf&quot;)</favourite>
	<favourite name="19:45 CLUB BRUGGE - LEICESTER CITY" thumb="DefaultVideo.png">PlayMedia(&quot;plugin://plugin.video.NJMSoccer/?url=plugin%3A%2F%2Fplugin.video.SportsDevil%2F%3Fmode%3D1%26amp%3Bitem%3Dcatcher%253dstreams%2526url%3Dhttp%3A%2F%2Fwww.tumarcador.xyz%2Fcanal6.php%2526referer%3Dhttp%3A%2F%2Fwww.tumarcador.xyz%2Fcanal6.php&amp;mode=12&amp;sf_options=fanart%3Dhttp%3A%2F%2Fi57.tinypic.com%2F21l07rc.png%26winID%3D10025%26_options_sf&quot;)</favourite>
	<favourite name="19:45 CLUB BRUGGE - LEICESTER CITY" thumb="http://i66.tinypic.com/28mnxwy.png">PlayMedia(&quot;plugin://plugin.video.NJMSoccer/?url=http%3A%2F%2F93.87.85.70%2FPLTV%2F88888888%2F224%2F3221226643%2F04.m3u8&amp;mode=12&amp;sf_options=fanart%3Dhttp%3A%2F%2Fi66.tinypic.com%2F28mnxwy.png%26winID%3D10025%26_options_sf&quot;)</favourite>
	<favourite name="19:45 CLUB BRUGGE - LEICESTER CITY [720p] [COLOR yellow][B]*Acestream[/B][/COLOR]" thumb="http://img0.cfstatic.com/wallpapers/f36c1ef92fbb2e97dcfb2f4b6e6e8044_large.jpeg">PlayMedia(&quot;plugin://plugin.video.NJMSoccer/?url=plugin%3A%2F%2Fprogram.plexus%2F%3Fmode%3D1%26url%3Dacestream%3A%2F%2Fdf339a39e2f5fec4087579353be01ef6e023267f%26name%3DMy%2Bacestream%2Bchannel&amp;mode=12&amp;sf_options=fanart%3Dhttp%3A%2F%2Fimg0.cfstatic.com%2Fwallpapers%2Ff36c1ef92fbb2e97dcfb2f4b6e6e8044_large.jpeg%26winID%3D10025%26_options_sf&quot;)</favourite>
	<favourite name="19:45 CLUB BRUGGE - LEICESTER CITY [720p] [COLOR yellow][B]*Acestream[/B][/COLOR]" thumb="http://img0.cfstatic.com/wallpapers/f36c1ef92fbb2e97dcfb2f4b6e6e8044_large.jpeg">PlayMedia(&quot;plugin://plugin.video.NJMSoccer/?url=plugin%3A%2F%2Fprogram.plexus%2F%3Fmode%3D1%26url%3Dacestream%3A%2F%2Fa3b61c60da65e8f43020705be730e14cf22f14fd%26name%3DMy%2Bacestream%2Bchannel&amp;mode=12&amp;sf_options=fanart%3Dhttp%3A%2F%2Fimg0.cfstatic.com%2Fwallpapers%2Ff36c1ef92fbb2e97dcfb2f4b6e6e8044_large.jpeg%26winID%3D10025%26_options_sf&quot;)</favourite>
</favourites>