<favourites>
	<favourite name="Renegades 1" thumb="DefaultFolder.png">PlayMedia(&quot;plugin://plugin.video.ZemTV-shani/?url=aXBib3g6aHR0cDovL2p1MDMxLmp1cGl0ZXIuZmFzdHdlYnNlcnZlci5kZTo4MDAwL2xpdmUva3Jpcy9rcmlzLzg1MjIudHN8VXNlci1BZ2VudD1WTEMvMi4yLjEgTGliVkxDLzIuMi4xNyZJY3ktTWV0YURhdGE9MQ%3D%3D&amp;mode=11&amp;name=%5BCOLOR+FF11b500%5D%28us%29+fox+sports+1hd%0D+ipbox%5B%2FCOLOR%5D&amp;sf_options=winID%3D10025%26_options_sf&quot;)</favourite>
	<favourite name="Renegades 1" thumb="DefaultFolder.png">PlayMedia(&quot;plugin://plugin.video.ZemTV-shani/?url=aXBib3g6aHR0cDovL2lwLmttc2F0LmluZm86ODAwMC9saXZlL3NhbGFoL3NhbGFoLzIxMTQudHN8VXNlci1BZ2VudD1WTEMvMi4yLjEgTGliVkxDLzIuMi4xNyZJY3ktTWV0YURhdGE9MQ%3D%3D&amp;mode=11&amp;name=%5BCOLOR+FF11b500%5DUk%3A+bt+sports+2%0D+ipbox%5B%2FCOLOR%5D&amp;sf_options=winID%3D10025%26_options_sf&quot;)</favourite>
	<favourite name="Renegades 1" thumb="DefaultFolder.png">PlayMedia(&quot;plugin://plugin.video.ZemTV-shani/?url=aXBib3g6aHR0cDovL2lwLmttc2F0LmluZm86ODAwMC9saXZlL3NhbGFoL3NhbGFoLzIxMTQubTN1OHxVc2VyLUFnZW50PVZMQy8yLjIuMSBMaWJWTEMvMi4yLjE3JkljeS1NZXRhRGF0YT0x&amp;mode=11&amp;name=%5BCOLOR+FF11b500%5DUk%3A+bt+sports+2%0D+ipbox%5B%2FCOLOR%5D&amp;sf_options=winID%3D10025%26_options_sf&quot;)</favourite>
	<favourite name="Renegades 1" thumb="http://i65.tinypic.com/bi04uf.jpg">PlayMedia(&quot;plugin://plugin.video.MoneySports/?url=%24doregex%5Bget_sxstream%5D%7CUser-Agent%3DMozilla%2F5.0+%28iPad%3B+CPU+OS+6_0+like+Mac+OS+X%29+AppleWebKit%2F536.26+%28KHTML%2C+like+Gecko%29+Version%2F6.0+Mobile%2F10A5376e+Safari%2F8536.25&amp;mode=17&amp;regexs=%7Bu%27get_sxstream%27%3A%20%7B%27refer%27%3A%20u%27http%3A//10livestreams.com/%27%2C%20%27page%27%3A%20u%27http%3A//10livestreams.com/player/stream1.php%27%2C%20%27expre%27%3A%20u%27file%3A%20.%2A%5B%22%2C%5C%27%5D%28.%2Am3u8.%2A%3F%29%5B%22%2C%5C%27%5D%27%7D%7D&amp;sf_options=fanart%3Dhttp%3A%2F%2Fi65.tinypic.com%2Fbbtld.jpg%26winID%3D10025%26_options_sf&quot;)</favourite>
	<favourite name="Renegades 1" thumb="http://i65.tinypic.com/bi04uf.jpg">PlayMedia(&quot;plugin://plugin.video.MoneySports/?url=plugin%3A%2F%2Fplugin.video.SportsDevil%2F%3Fmode%3D1%26amp%3Bitem%3Dcatcher%253dstreams%2526url%3Dhttp%3A%2F%2Fwizhdsports.to%2Flive%2Fstream7.php%2526referer%3Dhttp%3A%2F%2Fwizhdsports.to%2Flive%2Fstream7.php&amp;mode=12&amp;sf_options=fanart%3Dhttp%3A%2F%2Fi65.tinypic.com%2Fbbtld.jpg%26winID%3D10025%26_options_sf&quot;)</favourite>
	<favourite name="Renegades 1" thumb="http://i65.tinypic.com/bi04uf.jpg">PlayMedia(&quot;plugin://plugin.video.MoneySports/?url=plugin%3A%2F%2Fplugin.video.SportsDevil%2F%3Fmode%3D1%26amp%3Bitem%3Dcatcher%253dstreams%2526url%3Dhttp%3A%2F%2Fwizhdsports.to%2Flive%2Fstream13.php%2526referer%3Dhttp%3A%2F%2Fwizhdsports.to%2Flive%2Fstream13.php&amp;mode=12&amp;sf_options=fanart%3Dhttp%3A%2F%2Fi65.tinypic.com%2Fbbtld.jpg%26winID%3D10025%26_options_sf&quot;)</favourite>
	<favourite name="Renegades 1" thumb="http://i65.tinypic.com/bi04uf.jpg">PlayMedia(&quot;plugin://plugin.video.MoneySports/?url=plugin%3A%2F%2Fplugin.video.SportsDevil%2F%3Fmode%3D1%26amp%3Bitem%3Dcatcher%253dstreams%2526url%3Dhttp%3A%2F%2Fwidestream.io%2Fembed-132%2526referer%3Dhttp%3A%2F%2Fwidestream.io%2Fembed-132&amp;mode=12&amp;sf_options=fanart%3Dhttp%3A%2F%2Fi65.tinypic.com%2Fbbtld.jpg%26winID%3D10025%26_options_sf&quot;)</favourite>
	<favourite name="Renegades 1" thumb="http://i65.tinypic.com/bi04uf.jpg">PlayMedia(&quot;plugin://plugin.video.MoneySports/?url=plugin%3A%2F%2Fplugin.video.SportsDevil%2F%3Fmode%3D1%26amp%3Bitem%3Dcatcher%253dstreams%2526url%3Dhttp%3A%2F%2Fzunoxide.net%2Fstream2.php%2526referer%3Dhttp%3A%2F%2Fzunoxide.net%2Fstream2.php&amp;mode=12&amp;sf_options=fanart%3Dhttp%3A%2F%2Fi65.tinypic.com%2Fbbtld.jpg%26winID%3D10025%26_options_sf&quot;)</favourite>
	<favourite name="Renegades 1" thumb="http://i65.tinypic.com/bi04uf.jpg">PlayMedia(&quot;plugin://plugin.video.MoneySports/?url=http%3A%2F%2Ft1-btsport-live-hls-prod.akamaized.net%2Fout%2Fu%2Fbts2%2F643_6.m3u8%3Fhdnea%3Dst%3D1474801817%7Eexp%3D1477393817%7Eacl%3D%2F%2A%7Ehmac%3D1ca545eb72dc1d018c9b750cd678b59eca1c76b115c62b464ff329607c0f7169%7CX-Forwaded-For%3D178.208.163.66&amp;mode=12&amp;sf_options=fanart%3Dhttp%3A%2F%2Fi65.tinypic.com%2Fbbtld.jpg%26winID%3D10025%26_options_sf&quot;)</favourite>
	<favourite name="Renegades 1" thumb="http://i65.tinypic.com/bi04uf.jpg">PlayMedia(&quot;plugin://plugin.video.MoneySports/?url=rtmp%3A%2F%2F185.82.215.46%3A3579%2Fvod%2F+playpath%3Dlapa5%3Fe%3D1475965949%26st%3B%3Dm9R9yvUBD45mn55eUB1WpQ360309+swfUrl%3Dhttp%3A%2F%2Farsopo.com%2Fflowplayer-3.2.16.swf+pageUrl%3Dhttp%3A%2F%2Farsopo.com%2Fw2.php%3Fhash%3Dlapa5%26crn%3B%3D661161152.2486517&amp;mode=12&amp;sf_options=fanart%3Dhttp%3A%2F%2Fi65.tinypic.com%2Fbbtld.jpg%26winID%3D10025%26_options_sf&quot;)</favourite>
</favourites>