<favourites>
	<favourite name="Renegades 1  18:00 Feyenoord v Man United - 720p" thumb="http://i60.tinypic.com/2a8f14g.png">PlayMedia(&quot;plugin://plugin.video.NJMSoccer/?url=http%3A%2F%2F62.113.194.54%3A9002%2FApple%2FSport1_HD%2F.m3u8&amp;mode=12&amp;sf_options=fanart%3Dhttp%3A%2F%2Fi57.tinypic.com%2F21l07rc.png%26winID%3D10025%26_options_sf&quot;)</favourite>
	<favourite name="Renegades 1  18:00 Feyenoord v Man United - 720p" thumb="http://i60.tinypic.com/2a8f14g.png">PlayMedia(&quot;plugin://plugin.video.NJMSoccer/?url=plugin%3A%2F%2Fplugin.video.f4mTester%2F%3Fstreamtype%3DTSDOWNLOADER%26url%3Dhttp%3A%2F%2Flive.softiptv.com%3A9900%2Flive%2Fkamran%2Fkamran%2F5816.ts&amp;mode=12&amp;sf_options=fanart%3Dspecial%3A%2F%2Fhome%2Faddons%2Fplugin.video.NJMSoccer%2Ffanart.jpg%26winID%3D10025%26_options_sf&quot;)</favourite>
	<favourite name="Renegades 1   18:00 Feyenoord v Man United" thumb="http://i60.tinypic.com/2a8f14g.png">PlayMedia(&quot;plugin://plugin.video.NJMSoccer/?url=plugin%3A%2F%2Fplugin.video.f4mTester%2F%3Fstreamtype%3DTSDOWNLOADER%26url%3Dhttp%3A%2F%2Flive.softiptv.com%3A9900%2Flive%2Fkamran%2Fkamran%2F11139.ts&amp;mode=12&amp;sf_options=fanart%3Dspecial%3A%2F%2Fhome%2Faddons%2Fplugin.video.NJMSoccer%2Ffanart.jpg%26winID%3D10025%26_options_sf&quot;)</favourite>
	<favourite name="Renegades 1   18:00 Feyenoord v Man United" thumb="http://i66.tinypic.com/28mnxwy.png">PlayMedia(&quot;plugin://plugin.video.NJMSoccer/?url=http%3A%2F%2F93.87.85.70%2FPLTV%2F88888888%2F224%2F3221226664%2F04.m3u8&amp;mode=12&amp;sf_options=fanart%3Dhttp%3A%2F%2Fi66.tinypic.com%2F28mnxwy.png%26winID%3D10025%26_options_sf&quot;)</favourite>
</favourites>