<favourites>
	<favourite name="Renegades 1 Club America vs Real Madrid ZEM" thumb="/images/icons/football.png">PlayMedia(&quot;plugin://plugin.video.ZemTV-shani/?url=c3RyZWFtaGQ6aHR0cDovL3d3dy5zdHJlYW1oZC5ldS9mb290YmFsbC9jbHViLWFtZXJpY2EtdnMtcmVhbC1tYWRyaWQtbGl2ZS1zdHJlYW0tMzc5LnBocA%3D%3D&amp;mode=11&amp;name=%5BCOLOR+green%5D+10%3A30+GMT%5B%2FCOLOR%5D%3A+%5BCOLOR+red%5D+Football%5B%2FCOLOR%5D+++FIFA+Club+World+Cup+%0A+Club+America+vs+Real+Madrid+&amp;sf_options=meta%3Dlabel%253D%25255BCOLOR%252Bgreen%25255D%252B10%25253A30%252BGMT%25255B%25252FCOLOR%25255D%25253A%252B%25255BCOLOR%252Bred%25255D%252BFootball%25255B%25252FCOLOR%25255D%252B%252B%252BFIFA%252BClub%252BWorld%252BCup%252B%25255Cn%252BClub%252BAmerica%252Bvs%252BReal%252BMadrid%252B%2526title%253D%25255BCOLOR%252Bgreen%25255D%252B10%25253A30%252BGMT%25255B%25252FCOLOR%25255D%25253A%252B%25255BCOLOR%252Bred%25255D%252BFootball%25255B%25252FCOLOR%25255D%252B%252B%252BFIFA%252BClub%252BWorld%252BCup%252B%25255Cn%252BClub%252BAmerica%252Bvs%252BReal%252BMadrid%252B%26winID%3D10001%26_options_sf&quot;)</favourite>
	<favourite name="Renegades 1 Genoa vs Fiorentina ZEM" thumb="/images/icons/football.png">PlayMedia(&quot;plugin://plugin.video.ZemTV-shani/?url=c3RyZWFtaGQ6aHR0cDovL3d3dy5zdHJlYW1oZC5ldS9mb290YmFsbC9nZW5vYS12cy1maW9yZW50aW5hLWxpdmUtc3RyZWFtLTM3OS5waHA%3D&amp;mode=11&amp;name=%5BCOLOR+green%5D+19%3A00+GMT%5B%2FCOLOR%5D%3A+%5BCOLOR+red%5D+Football%5B%2FCOLOR%5D+++Serie+A+%0A+Genoa+vs+Fiorentina+&amp;sf_options=meta%3Dlabel%253D%25255BCOLOR%252Bgreen%25255D%252B19%25253A00%252BGMT%25255B%25252FCOLOR%25255D%25253A%252B%25255BCOLOR%252Bred%25255D%252BFootball%25255B%25252FCOLOR%25255D%252B%252B%252BSerie%252BA%252B%25255Cn%252BGenoa%252Bvs%252BFiorentina%252B%2526title%253D%25255BCOLOR%252Bgreen%25255D%252B19%25253A00%252BGMT%25255B%25252FCOLOR%25255D%25253A%252B%25255BCOLOR%252Bred%25255D%252BFootball%25255B%25252FCOLOR%25255D%252B%252B%252BSerie%252BA%252B%25255Cn%252BGenoa%252Bvs%252BFiorentina%252B%26winID%3D10001%26_options_sf&quot;)</favourite>
	<favourite name="Renegades 1 Coventry City vs Sheffield United ZEM" thumb="/images/icons/football.png">PlayMedia(&quot;plugin://plugin.video.ZemTV-shani/?url=c3RyZWFtaGQ6aHR0cDovL3d3dy5zdHJlYW1oZC5ldS9mb290YmFsbC9jb3ZlbnRyeS1jaXR5LXZzLXNoZWZmaWVsZC11bml0ZWQtbGl2ZS1zdHJlYW0tMzc5LnBocA%3D%3D&amp;mode=11&amp;name=%5BCOLOR+green%5D+19%3A45+GMT%5B%2FCOLOR%5D%3A+%5BCOLOR+red%5D+Football%5B%2FCOLOR%5D+++English+League+One+%0A+Coventry+City+vs+Sheffield+United+&amp;sf_options=meta%3Dlabel%253D%25255BCOLOR%252Bgreen%25255D%252B19%25253A45%252BGMT%25255B%25252FCOLOR%25255D%25253A%252B%25255BCOLOR%252Bred%25255D%252BFootball%25255B%25252FCOLOR%25255D%252B%252B%252BEnglish%252BLeague%252BOne%252B%25255Cn%252BCoventry%252BCity%252Bvs%252BSheffield%252BUnited%252B%2526title%253D%25255BCOLOR%252Bgreen%25255D%252B19%25253A45%252BGMT%25255B%25252FCOLOR%25255D%25253A%252B%25255BCOLOR%252Bred%25255D%252BFootball%25255B%25252FCOLOR%25255D%252B%252B%252BEnglish%252BLeague%252BOne%252B%25255Cn%252BCoventry%252BCity%252Bvs%252BSheffield%252BUnited%252B%26winID%3D10001%26_options_sf&quot;)</favourite>
	<favourite name="Renegades 1 19:45 Coventry City v Sheffield Utd [Sky Sports 1] [COLOR yellow][B]*Acestream[/B][/COLOR] NJM" thumb="http://img0.cfstatic.com/wallpapers/f36c1ef92fbb2e97dcfb2f4b6e6e8044_large.jpeg">PlayMedia(&quot;plugin://plugin.video.NJMSoccer/?url=plugin%3A%2F%2Fprogram.plexus%2F%3Fmode%3D1%26url%3Dacestream%3A%2F%2Fa76398619fa37a69928f8d8ca8abd50502f1bb2d%26name%3DMy%2Bacestream%2Bchannel&amp;mode=12&amp;sf_options=fanart%3Dhttp%3A%2F%2Fimg0.cfstatic.com%2Fwallpapers%2Ff36c1ef92fbb2e97dcfb2f4b6e6e8044_large.jpeg%26meta%3Dlabel%253D19%25253A45%252BCoventry%252BCity%252Bv%252BSheffield%252BUtd%252B%25255BSky%252BSports%252B1%25255D%252B%25255BCOLOR%252Byellow%25255D%25255BB%25255D%25252AAcestream%25255B%25252FB%25255D%25255B%25252FCOLOR%25255D%2526title%253D19%25253A45%252BCoventry%252BCity%252Bv%252BSheffield%252BUtd%252B%25255BSky%252BSports%252B1%25255D%252B%25255BCOLOR%252Byellow%25255D%25255BB%25255D%25252AAcestream%25255B%25252FB%25255D%25255B%25252FCOLOR%25255D%26winID%3D10001%26_options_sf&quot;)</favourite>
	<favourite name="Renegades 1 Coventry Vs Sheffield Evolve HD" thumb="http://matsbuilds.uk/pics/newevolveicons/sports.PNG">PlayMedia(&quot;plugin://plugin.video.Evolve/?url=http%3A%2F%2F51.254.197.40%3A25461%2Flive%2Ftom%2Ftom%2F1697.ts%0D&amp;mode=2&amp;name=SKY+SPORTS+1+HD%0D&amp;description=&amp;iconimage=http%3A%2F%2Fmatsbuilds.uk%2Fpics%2Fnewevolveicons%2Fsports.PNG&amp;sf_options=fanart%3Dhttps%3A%2F%2Fsuperrepo.org%2Fstatic%2Fimages%2Ffanart%2Foriginal%2Fplugin.video.LiveTV.jpg%26meta%3Dlabel%253DSKY%252BSPORTS%252B1%252BHD%25250D%26winID%3D10001%26_options_sf&quot;)</favourite>
	<favourite name="Renegades 1 Coventry Vs Sheffield ZEM HD" thumb="DefaultFolder.png">PlayMedia(&quot;plugin://plugin.video.ZemTV-shani/?url=aXBib3g6aHR0cDovL2NlbnRyYWwuaXB0di1zdHJlYW1lci5jb206ODAwMC9saXZlL3JvY2hkaS9yb2NoZGkvOTMubTN1OHxVc2VyLUFnZW50PVZMQy8yLjMuMSBMaWJWTEMvMi4yLjE3JkljeS1NZXRhRGF0YT0x&amp;mode=11&amp;name=%5BCOLOR+FF11b500%5DSky+sport+1+uk+hd%0D+ipbox%5B%2FCOLOR%5D&amp;sf_options=meta%3Dlabel%253D%25255BCOLOR%252BFF11b500%25255DSky%252Bsport%252B1%252Buk%252Bhd%25250D%252Bipbox%25255B%25252FCOLOR%25255D%2526title%253D%25255BCOLOR%252BFF11b500%25255DSky%252Bsport%252B1%252Buk%252Bhd%25250D%252Bipbox%25255B%25252FCOLOR%25255D%26winID%3D10001%26_options_sf&quot;)</favourite>
</favourites>