<favourites>
	<favourite name="Renegades 1 - ARSENAL TOTENHAM ACE1" thumb="https://i.ytimg.com/vi/Lxv5YiumGdI/maxresdefault.jpg">PlayMedia(&quot;plugin://plugin.video.NJMSoccer/?url=plugin%3A%2F%2Fprogram.plexus%2F%3Fmode%3D1%26url%3Dacestream%3A%2F%2Fda89c92ed1590a82236151ad5d3e8ef651fff344%26name%3DMy%2Bacestream%2Bchannel&amp;mode=12&amp;sf_options=fanart%3Dhttps%3A%2F%2Fi.ytimg.com%2Fvi%2FLxv5YiumGdI%2Fmaxresdefault.jpg%26winID%3D10025%26_options_sf&quot;)</favourite>
	<favourite name="Renegades 1 - Cypher Media UK: Sky Sports 1 SD" thumb="DefaultVideo.png">PlayMedia(&quot;plugin://plugin.video.ProjectCypher/?url=http%3A%2F%2F185.2.83.54%3A6204%2Flive%2Fonline%2Ftv%2F154.ts%7CUser-Agent%3DONLINETVCLIENT_X60000_X25000_X4000MEGA_V1770%26amp%3Bmode%3D12&amp;mode=12&amp;sf_options=winID%3D10025%26_options_sf&quot;)</favourite>
	<favourite name="Renegades 1 NBCSN[COLOR yellow] updated[/COLOR]" thumb="http://img0.cfstatic.com/wallpapers/f36c1ef92fbb2e97dcfb2f4b6e6e8044_large.jpeg">PlayMedia(&quot;plugin://plugin.video.NJMSoccer/?url=plugin%3A%2F%2Fprogram.plexus%2F%3Fmode%3D1%26url%3Dacestream%3A%2F%2F593a87a23eb89823d4fc798c429ce5f0b81d39b8%26name%3DMy%2Bacestream%2Bchannel&amp;mode=12&amp;sf_options=fanart%3Dhttp%3A%2F%2Fimg0.cfstatic.com%2Fwallpapers%2Ff36c1ef92fbb2e97dcfb2f4b6e6e8044_large.jpeg%26winID%3D10025%26_options_sf&quot;)</favourite>
	<favourite name="Renegades 1 - ARSENAL HD" thumb="DefaultVideo.png">PlayMedia(&quot;plugin://plugin.video.ProjectCypher/?url=http%3A%2F%2F185.2.83.54%3A6204%2Flive%2Fonline%2Ftv%2F1760.ts%7CUser-Agent%3DONLINETVCLIENT_X60000_X25000_X4000MEGA_V1770%26amp%3Bmode%3D12&amp;mode=12&amp;sf_options=winID%3D10025%26_options_sf&quot;)</favourite>
	<favourite name="Renegades 1 - ARSENAL" thumb="DefaultVideo.png">PlayMedia(&quot;plugin://plugin.video.ProjectCypher/?url=http%3A%2F%2F185.2.83.54%3A6204%2Flive%2Fonline%2Ftv%2F1724.ts%7CUser-Agent%3DONLINETVCLIENT_X60000_X25000_X4000MEGA_V1770%26amp%3Bmode%3D12&amp;mode=12&amp;sf_options=winID%3D10025%26_options_sf&quot;)</favourite>
	<favourite name="Renegades 1 - ARSENAL Sanctuary" thumb="https://pbs.twimg.com/profile_images/699709112007946240/T7rBQXr2.png">PlayMedia(&quot;plugin://plugin.video.sanctuary/?url=http%3A%2F%2Ffree-premium-iptv.ddns.net%3A9090%2Fload%2Ffreestreams%2F65.mpegts&amp;mode=1112&amp;sf_options=fanart%3Dspecial%3A%2F%2Fhome%2Faddons%2Fplugin.video.sanctuary%2Ffanart.jpg%26winID%3D10025%26_options_sf&quot;)</favourite>
	<favourite name="Renegades 1 - ARSENAL SANCTUARY" thumb="https://pbs.twimg.com/profile_images/699709112007946240/T7rBQXr2.png">PlayMedia(&quot;plugin://plugin.video.sanctuary/?url=http%3A%2F%2Ffree-premium-iptv.ddns.net%3A9090%2Fload%2Ffreestreams%2F70.mpegts&amp;mode=1112&amp;sf_options=fanart%3Dspecial%3A%2F%2Fhome%2Faddons%2Fplugin.video.sanctuary%2Ffanart.jpg%26winID%3D10025%26_options_sf&quot;)</favourite>
	<favourite name="Renegades 1 - ARSENAL" thumb="DefaultVideo.png">PlayMedia(&quot;plugin://plugin.video.sanctuary/?url=plugin%3A%2F%2Fplugin.video.f4mTester%2F%3Fstreamtype%3DTSDOWNLOADER%26amp%3Burl%3Dhttp%3A%2F%2Fclientportal.link%3A8080%2Flive%2Fkelvin%2Fkelvin%2F9028.ts%3Bname%3DBAMF+TV&amp;mode=1112&amp;sf_options=winID%3D10025%26_options_sf&quot;)</favourite>
</favourites>