<favourites>
	<favourite name="Renegades 1 Hull City vs Everton" thumb="http://mamahd.com/images/leagues/123.png">PlayMedia(&quot;plugin://plugin.video.ZemTV-shani/?url=bWFtYWhkOmh0dHA6Ly9tYW1haGQuY29tL2Zvb3RiYWxsLWxpdmUtc3RyZWFtaW5nLW9ubGluZS1mb3ItZnJlZV9wcmVtaWVyLWxlYWd1ZS1saXZlLXN0cmVhbWlnXzc5Njhfd2F0Y2gtbGl2ZS1odWxsLWNpdHktdnMtZXZlcnRvbi0xLmh0bWw%3D&amp;mode=11&amp;name=Hull+City+vs+Everton%5BCOLOR+red%5D%0ALIVE+in+34+Hrs%5B%2FCOLOR%5D&amp;sf_options=winID%3D10001%26_options_sf&quot;)</favourite>
	<favourite name="Renegades 1 [COLOR blue]HULL CITY [/COLOR][COLOR lime]v[/COLOR][COLOR blue] EVERTON[/COLOR][COLOR lime] 20:00 PM[/COLOR]Live Premiership" thumb="http://i.imgur.com/9MCxK6C.png">PlayMedia(&quot;plugin://plugin.video.livepremiership/?url=http%3A%2F%2Fpastebin.com%2Fraw%2F5C8FR51q&amp;mode=8&amp;name=%5BCOLOR+blue%5DHULL+CITY+%5B%2FCOLOR%5D%5BCOLOR+lime%5Dv%5B%2FCOLOR%5D%5BCOLOR+blue%5D+EVERTON%5B%2FCOLOR%5D%5BCOLOR+lime%5D+20%3A00+PM%5B%2FCOLOR%5D&amp;fanart=http%3A%2F%2Fi.imgur.com%2FNZUuFCS.png&amp;sf_options=fanart%3Dhttp%3A%2F%2Fi.imgur.com%2FNZUuFCS.png%26winID%3D10001%26_options_sf&quot;)</favourite>
	<favourite name="Renegades 1 Hull City vs Everton" thumb="/images/icons/football.png">PlayMedia(&quot;plugin://plugin.video.ZemTV-shani/?url=c3RyZWFtaGQ6aHR0cDovL3d3dy5zdHJlYW1oZC5ldS9mb290YmFsbC9odWxsLWNpdHktdnMtZXZlcnRvbi1saXZlLXN0cmVhbS00ODkucGhw&amp;mode=11&amp;name=%5BCOLOR+green%5D+20%3A00+GMT%5B%2FCOLOR%5D%3A+%5BCOLOR+red%5D+Football%5B%2FCOLOR%5D++%0A+Hull+City+vs+Everton+&amp;sf_options=winID%3D10001%26_options_sf&quot;)</favourite>
	<favourite name="Renegades 1[COLOR orange] HULL CITY VS EVERTON [/COLOR] Adrian" thumb="https://s31.postimg.org/xaap1y7ff/premier_league.jpg">PlayMedia(&quot;plugin://plugin.video.adriansports/?fanart=https%3a%2f%2fgoo.gl%2fkw8Rmg&amp;mode=30&amp;name=%5bCOLOR%20orange%5d%20HULL%20CITY%20VS%20EVERTON%20%5b%2fCOLOR%5d&amp;url=%0asublink%3ahttp%3a%2f%2ftinyurl.com%2fzfokqsg%7cUser-Agent%3dMozilla%2f5.0%20(Linux%3b%20Android%205.1.1%3b%20en-GB%3b%20NEO-U1%20Build%2fLMY47V.20160415%20release-keys)%20MXPlayer%2f1.7.40%23%0asublink%3aplugin%3a%2f%2fplugin.video.f4mTester%2f%3furl%3d%26streamtype%3dTSDOWNLOADER%26name%3dSKYSP1%7cUser-Agent%3dMozilla%2f5.0%20(Windows%20NT%2010.0%3b%20WOW64%3b%20rv%3a47.0)%20Gecko%2f20100101%20Firefox%2f47.0%20FirePHP%2f0.7.4%23%0asublink%3aplugin%3a%2f%2fplugin.video.f4mTester%2f%3furl%3d%26streamtype%3dTSDOWNLOADER%26name%3dNBCSN%7cUser-Agent%3dMozilla%2f5.0%20(Windows%20NT%2010.0%3b%20WOW64%3b%20rv%3a47.0)%20Gecko%2f20100101%20Firefox%2f47.0%20FirePHP%2f0.7.4%23%0a&amp;sf_options=fanart%3Dhttps%3A%2F%2Fgoo.gl%2Fkw8Rmg%26_options_sf&quot;)</favourite>
</favourites>