<favourites>
	<favourite name="Renegades1 - Mon Foot Zem" thumb="DefaultFolder.png">PlayMedia(&quot;plugin://plugin.video.ZemTV-shani/?url=aXBib3g6aHR0cDovLzE2My4xNzIuODEuMzM6MTIzNC9saXZlL3d3dy5pcHR2cmVzdHJlYW0ubmV0L2VlR1kwVExsVTYvMjU0LnRzfFVzZXItQWdlbnQ9aXB0dnJlc3RyZWFtLm5ldA%3D%3D&amp;mode=11&amp;name=Uk+%7C+sky+sports+1+hd%0D+ipbox&amp;sf_options=winID%3D10025%26_options_sf&quot;)</favourite>
	<favourite name="Renegades 1 - Mon Foot BAMF 720P" thumb="DefaultVideo.png">PlayMedia(&quot;plugin://plugin.video.BAMFTV/?url=plugin%3A%2F%2Fplugin.video.f4mTester%2F%3Fstreamtype%3DTSDOWNLOADER%26amp%3Burl%3Dhttp%3A%2F%2F51.255.74.170%3A7000%2Flive%2Frobyn%2Frobyn%2F3591.ts%3Bname%3DBAMF+TV&amp;mode=12&amp;sf_options=winID%3D10025%26_options_sf&quot;)</favourite>
	<favourite name="Renegades 1 - Mon Foot Adrian 720p" thumb="https://s32.postimg.org/m2iqif9ol/SKYSPORTSUK.png">PlayMedia(&quot;plugin://plugin.video.adriansports/?url=plugin%3A%2F%2Fplugin.video.f4mTester%2F%3Furl%3Dhttp%253A%252F%252F163.172.81.33%253A1234%252Flive%252Fwww.iptvrestream.net%252FeeGY0TLlU6%252F254.ts%257CUser-Agent%253Diptvrestream.net%26amp%3Bstreamtype%3DSIMPLE&amp;mode=12&amp;sf_options=fanart%3Dhttps%3A%2F%2Fgoo.gl%2Fkw8Rmg%26winID%3D10025%26_options_sf&quot;)</favourite>
	<favourite name="Renegades 1 - Mon Foot Cypher HD" thumb="DefaultVideo.png">PlayMedia(&quot;plugin://plugin.video.ProjectCypher/?url=http%3A%2F%2F149.202.93.187%3A8000%2Flive%2FKmF7y4u9Rg%2FX0wrt2g5QZ%2F37.ts&amp;mode=12&amp;sf_options=winID%3D10025%26_options_sf&quot;)</favourite>
	<favourite name="Renegades 1 - Mon Foot Cypher HD" thumb="DefaultVideo.png">PlayMedia(&quot;plugin://plugin.video.ProjectCypher/?url=http%3A%2F%2F185.2.83.54%3A6204%2Flive%2Fonline%2Ftv%2F1760.ts%7CUser-Agent%3DONLINETVCLIENT_X60000_X25000_X4000MEGA_V1770%26amp%3Bmode%3D12&amp;mode=12&amp;sf_options=winID%3D10025%26_options_sf&quot;)</favourite>
	<favourite name="Renegades 1 - Mon Foot Sanctuary 720p" thumb="http://kodeeresurrection.com/LILYSPORTStxts/pngs/sky_sports_1.png">PlayMedia(&quot;plugin://plugin.video.sanctuary/?url=plugin%3A%2F%2Fplugin.video.SportsDevil%2F%3Fmode%3D1%26amp%3Bitem%3Dcatcher%253dstreams%2526url%3Dhttp%3A%2F%2Fwww.shadow-net.org%2Fchannels%2FSky-Sports1.html%2526referer%3Dhttp%3A%2F%2Fwww.shadow-net.org%2Fchannels%2FSky-Sports1.html&amp;mode=1112&amp;sf_options=fanart%3Dhttp%3A%2F%2Fkodeeresurrection.com%2FDELIVERANCE%2520TXT%2520FILES%2FSportsChannels%2Fbackgrounds%2FSkySports.jpg%26winID%3D10025%26_options_sf&quot;)</favourite>
	<favourite name="Renegades 1 - Mon Foot SKYNET HD" thumb="http://www.skysports.com/core/img/channels/Sky-Sports-1-Logo.png">PlayMedia(&quot;plugin://plugin.video.SkyNet/?url=http%3A%2F%2Fdreamlord.tk%3A5454%2Flive%2Fgioxid%40gmail.com%2FY1rvx84aG2%2F14074.m3u8&amp;mode=12&amp;sf_options=fanart%3Dhttp%3A%2F%2Fstephen-builds.uk%2Fart%2Ffanart.jpg.png%26winID%3D10025%26_options_sf&quot;)</favourite>
	<favourite name="Renegades 1 - Mon Football Live Prem MULTI" thumb="http://i.imgur.com/pMpbUTs.png">PlayMedia(&quot;plugin://plugin.video.livepremiership/?url=http%3A%2F%2Fpastebin.com%2Fraw%2FJRJXqrY4&amp;mode=8&amp;name=%5BCOLOR+blue%5D+Sky+Sports+1%5B%2FCOLOR%5D&amp;fanart=http%3A%2F%2Fi.imgur.com%2F85zTaZ8.png&amp;sf_options=fanart%3Dhttp%3A%2F%2Fi.imgur.com%2F85zTaZ8.png%26winID%3D10025%26_options_sf&quot;)</favourite>
	<favourite name="Renegades 1 - Mon Foot BAMF SD" thumb="DefaultVideo.png">PlayMedia(&quot;plugin://plugin.video.BAMFTV/?url=plugin%3A%2F%2Fplugin.video.f4mTester%2F%3Fstreamtype%3DTSDOWNLOADER%26amp%3Burl%3Dhttp%3A%2F%2F51.255.74.170%3A7000%2Flive%2Frobyn%2Frobyn%2F3590.ts%3Bname%3DBAMF+TV&amp;mode=12&amp;sf_options=winID%3D10025%26_options_sf&quot;)</favourite>
	<favourite name="Renegades 1 - Mon Foot MIC SD" thumb="https://www.thelogodb.com/images/media/logo/tyqypy1433965234.png/medium">PlayMedia(&quot;plugin://plugin.video.mic/?url=%24doregex%5BgetUrl%5D%7CCookie%3D%24get_cookies%24Sportm3u8ID%3DOK%26Referer%3Dhttp%3A%2F%2Flivesport.pw%2FSkySports1.html%26User-Agent%3DiPad&amp;mode=17&amp;regexs=%7Bu%27getUrl%27%3A%20%7B%27expres%27%3A%20u%27var.videoLink.%2B%3F%5B%22%2C%5C%5C%5C%27%5D%28%5B%5E%22%5C%27%5D%2B%29%27%2C%20%27cookiejar%27%3A%20%27%27%2C%20%27name%27%3A%20u%27getUrl%27%2C%20%27agent%27%3A%20u%27iPad%27%2C%20%27page%27%3A%20u%27http%3A//livesport.pw/SkySports1.html%27%7D%7D&amp;iconimage=https%3A%2F%2Fwww.thelogodb.com%2Fimages%2Fmedia%2Flogo%2Ftyqypy1433965234.png%2Fmedium&amp;sf_options=fanart%3Dhttp%3A%2F%2Fwallpapercave.com%2Fwp%2FPaxa7aH.jpg%26winID%3D10025%26_options_sf&quot;)</favourite>
	<favourite name="Renegades 1 - Mon Foot Cypher SD" thumb="DefaultVideo.png">PlayMedia(&quot;plugin://plugin.video.ProjectCypher/?url=http%3A%2F%2F185.2.83.54%3A6204%2Flive%2Fonline%2Ftv%2F154.ts%7CUser-Agent%3DONLINETVCLIENT_X60000_X25000_X4000MEGA_V1770%26amp%3Bmode%3D12&amp;mode=12&amp;sf_options=winID%3D10025%26_options_sf&quot;)</favourite>
	<favourite name="Renegades 1 - Mon Foot NO VOL" thumb="http://kodeeresurrection.com/LILYSPORTStxts/pngs/bein.png">PlayMedia(&quot;plugin://plugin.video.sanctuary/?url=plugin%3A%2F%2Fplugin.video.SportsDevil%2F%3Fmode%3D1%26amp%3Bitem%3Dcatcher%253dstreams%2526url%3Dhttp%3A%2F%2Fwww.liveonlinetv247.info%2Fbeinsports7.php%2526referer%3Dhttp%3A%2F%2Fwww.liveonlinetv247.info%2Fbeinsports7.php&amp;mode=1112&amp;sf_options=fanart%3Dhttp%3A%2F%2Fkodeeresurrection.com%2FDELIVERANCE%2520TXT%2520FILES%2FSportsChannels%2Fbackgrounds%2Fbein.jpg%26winID%3D10025%26_options_sf&quot;)</favourite>
	<favourite name="Renegades 1 - Mon Foot N0 VOL" thumb="http://kodeeresurrection.com/LILYSPORTStxts/pngs/bein.png">PlayMedia(&quot;plugin://plugin.video.sanctuary/?url=plugin%3A%2F%2Fplugin.video.SportsDevil%2F%3Fmode%3D1%26amp%3Bitem%3Dcatcher%253dstreams%2526url%3Dhttp%3A%2F%2Fwww.shadow-net.org%2Fchannels%2FBein-Sports-7.html%2526referer%3Dhttp%3A%2F%2Fwww.shadow-net.org%2Fchannels%2FBein-Sports-7.html&amp;mode=1112&amp;sf_options=fanart%3Dhttp%3A%2F%2Fkodeeresurrection.com%2FDELIVERANCE%2520TXT%2520FILES%2FSportsChannels%2Fbackgrounds%2Fbein.jpg%26winID%3D10025%26_options_sf&quot;)</favourite>
	<favourite name="Renegades 1 - Mon Foot Pyramid SD" thumb="http://www.liveonlinetv247.info/images/skysports1.png">PlayMedia(&quot;plugin://plugin.video.sanctuary/?url=plugin%3A%2F%2Fplugin.video.SportsDevil%2F%3Fmode%3D1%26amp%3Bitem%3Dcatcher%253dstreams%2526url%3Dhttp%3A%2F%2Fwww.liveonlinetv247.info%2Fskysports1.php&amp;mode=1112&amp;sf_options=fanart%3Dspecial%3A%2F%2Fhome%2Faddons%2Fplugin.video.sanctuary%2Ffanart.jpg%26winID%3D10025%26_options_sf&quot;)</favourite>
</favourites>