<favourites>
	<favourite name="Renegades 1 - Sky sports 1 hd" thumb="DefaultFolder.png">PlayMedia(&quot;plugin://plugin.video.ZemTV-shani/?url=aXBib3g6aHR0cDovLzUxLjI1NS43MC4xMTI6ODAwMC9saXZlL3BnL3BnLzcyNS50c3xVc2VyLUFnZW50PVZMQy8yLjIuMSBMaWJWTEMvMi4yLjE3JkljeS1NZXRhRGF0YT0x&amp;mode=11&amp;name=%5BCOLOR+FF11b500%5DSky+sports+1+hd%0D+ipbox%5B%2FCOLOR%5D&amp;sf_options=winID%3D10025%26_options_sf&quot;)</favourite>
	<favourite name="Renegades 1 Sky Sports 1 HD 720p CLU TV" thumb="DefaultFolder.png">PlayMedia(&quot;http://149.56.24.84:81/live/pipcan/pipcan/225.m3u8|user-agent=kodi?sf_options=winID%3D10025%26_options_sf&quot;)</favourite>
	<favourite name="Renegades 1 - Sky sports 1 hd" thumb="DefaultFolder.png">PlayMedia(&quot;plugin://plugin.video.ZemTV-shani/?url=aXBib3g6aHR0cDovLzUxLjI1NS43MC4xMTI6ODAwMC9saXZlL3Rlc3QvdGVzdC83MjUudHN8VXNlci1BZ2VudD1WTEMvMi4yLjEgTGliVkxDLzIuMi4xNyZJY3ktTWV0YURhdGE9MQ%3D%3D&amp;mode=11&amp;name=%5BCOLOR+FF11b500%5DSky+sports+1+hd%0D+ipbox%5B%2FCOLOR%5D&amp;sf_options=winID%3D10025%26_options_sf&quot;)</favourite>
	<favourite name="Renegades 1 Sky Sports1" thumb="http://thevoice-fuerteventura.com/directory/wp-content/uploads/2014/07/keep-calm-live-football-shown-here-2.png">PlayMedia(&quot;plugin://plugin.video.NJMSoccer/?url=plugin%3A%2F%2Fplugin.video.SportsDevil%2F%3Fmode%3D1%26amp%3Bitem%3Dcatcher%253dstreams%2526url%3Dhttp%3A%2F%2Fstreamsarena.eu%2Fstreams3%2Fcoppy.php%2526referer%3Dhttp%3A%2F%2Fstreamsarena.eu%2Fstreams3%2Fcoppy.php&amp;mode=12&amp;sf_options=fanart%3Dhttp%3A%2F%2Fthevoice-fuerteventura.com%2Fdirectory%2Fwp-content%2Fuploads%2F2014%2F07%2Fkeep-calm-live-football-shown-here-2.png%26winID%3D10025%26_options_sf&quot;)</favourite>
	<favourite name="Renegades 1 Sky Sports 1 - 720p" thumb="http://thevoice-fuerteventura.com/directory/wp-content/uploads/2014/07/keep-calm-live-football-shown-here-2.png">PlayMedia(&quot;plugin://plugin.video.NJMSoccer/?url=plugin%3A%2F%2Fplugin.video.SportsDevil%2F%3Fmode%3D1%26amp%3Bitem%3Dcatcher%253dstreams%2526url%3Dhttp%3A%2F%2Fwww.eplstream.net%2Fstreams%2Fplayer1%2Fstream1.php%2526referer%3Dhttp%3A%2F%2Fwww.eplstream.net%2Fstreams%2Fplayer1%2Fstream1.php&amp;mode=12&amp;sf_options=fanart%3Dhttp%3A%2F%2Fthevoice-fuerteventura.com%2Fdirectory%2Fwp-content%2Fuploads%2F2014%2F07%2Fkeep-calm-live-football-shown-here-2.png%26winID%3D10025%26_options_sf&quot;)</favourite>
	<favourite name="Renegades 1 Sky Sports 1- 720p" thumb="http://thevoice-fuerteventura.com/directory/wp-content/uploads/2014/07/keep-calm-live-football-shown-here-2.png">PlayMedia(&quot;plugin://plugin.video.NJMSoccer/?url=plugin%3A%2F%2Fplugin.video.SportsDevil%2F%3Fmode%3D1%26amp%3Bitem%3Dcatcher%253dstreams%2526url%3Dhttp%3A%2F%2Fsoccerinhd.com%2Fhd1.html%2526referer%3Dhttp%3A%2F%2Fsoccerinhd.com%2Fhd1.html&amp;mode=12&amp;sf_options=fanart%3Dhttp%3A%2F%2Fthevoice-fuerteventura.com%2Fdirectory%2Fwp-content%2Fuploads%2F2014%2F07%2Fkeep-calm-live-football-shown-here-2.png%26winID%3D10025%26_options_sf&quot;)</favourite>
	<favourite name="Renegades 1 [COLOR yellow][B]19:45 - Champions League Simulcast[/B][/COLOR]" thumb="http://i64.tinypic.com/29gyoo.png">PlayMedia(&quot;plugin://plugin.video.NJMSoccer/?url=plugin%3A%2F%2Fplugin.video.SportsDevil%2F%3Fmode%3D1%26amp%3Bitem%3Dcatcher%253dstreams%2526url%3Dhttp%3A%2F%2Fwww.cast4u.tv%2Fembedcr.php%3Fv%3Dbt1%26vw%3B%3D620%26vh%3B%3D550%2526referer%3Dhttp%3A%2F%2Fwww.immortal-tv.net%2Fbt-sport-1.php&amp;mode=12&amp;sf_options=fanart%3Dhttp%3A%2F%2Fi64.tinypic.com%2F29gyoo.png%26winID%3D10025%26_options_sf&quot;)</favourite>
	<favourite name="Renegades 1 [COLOR yellow][B]21:45 - Champions League Highlights[/B][/COLOR]" thumb="http://i64.tinypic.com/29gyoo.png">PlayMedia(&quot;plugin://plugin.video.NJMSoccer/?url=plugin%3A%2F%2Fplugin.video.SportsDevil%2F%3Fmode%3D1%26amp%3Bitem%3Dcatcher%253dstreams%2526url%3Dhttp%3A%2F%2Fwww.cast4u.tv%2Fembedcr.php%3Fv%3Dbt2%26vw%3B%3D620%26vh%3B%3D550%2526referer%3Dhttp%3A%2F%2Fwww.immortal-tv.net%2Fbt-sport-2.php&amp;mode=12&amp;sf_options=fanart%3Dhttp%3A%2F%2Fi64.tinypic.com%2F29gyoo.png%26winID%3D10025%26_options_sf&quot;)</favourite>
	<favourite name="Renegades 1 [COLOR yellow][B]MATCHDAY 1 [MQ][/B][/COLOR] ~ CSKA v Spurs" thumb="http://i64.tinypic.com/29gyoo.png">PlayMedia(&quot;plugin://plugin.video.NJMSoccer/?url=plugin%3A%2F%2Fplugin.video.SportsDevil%2F%3Fmode%3D1%26amp%3Bitem%3Dcatcher%253dstreams%2526url%3Dhttp%3A%2F%2Fre-matches.com%2Fgame%2Fmatch%2F372%2F0%2Fcska-moscow-vs-tottenham.html%2526referer%3Dhttp%3A%2F%2Fre-matches.com%2Fgame%2Fmatch%2F372%2F0%2Fcska-moscow-vs-tottenham.html&amp;mode=12&amp;sf_options=fanart%3Dhttp%3A%2F%2Fi64.tinypic.com%2F29gyoo.png%26winID%3D10025%26_options_sf&quot;)</favourite>
	<favourite name="Renegades 1 [COLOR yellow][B]MATCHDAY 1 [MQ][/B][/COLOR] ~ CSKA v Spurs" thumb="http://i64.tinypic.com/29gyoo.png">PlayMedia(&quot;plugin://plugin.video.NJMSoccer/?url=plugin%3A%2F%2Fplugin.video.SportsDevil%2F%3Fmode%3D1%26amp%3Bitem%3Dcatcher%253dstreams%2526url%3Dhttp%3A%2F%2Fwww.cast4u.tv%2Fembedcr.php%3Fv%3Dhdch8%26vw%3B%3D620%26vh%3B%3D550%2526referer%3Dhttp%3A%2F%2Fwww.immortal-tv.net%2Fchannel-8.php&amp;mode=12&amp;sf_options=fanart%3Dhttp%3A%2F%2Fi64.tinypic.com%2F29gyoo.png%26winID%3D10025%26_options_sf&quot;)</favourite>
	<favourite name="Renegades 1 [COLOR yellow][B]MATCHDAY 2 [MQ][/B][/COLOR] ~ Leicester v Porto" thumb="http://i64.tinypic.com/29gyoo.png">PlayMedia(&quot;plugin://plugin.video.NJMSoccer/?url=plugin%3A%2F%2Fplugin.video.SportsDevil%2F%3Fmode%3D1%26amp%3Bitem%3Dcatcher%253dstreams%2526url%3Dhttp%3A%2F%2Fre-matches.com%2Fgame%2Fmatch%2F373%2F0%2Fleicester-vs-fc-porto.html%2526referer%3Dhttp%3A%2F%2Fre-matches.com%2Fgame%2Fmatch%2F373%2F0%2Fleicester-vs-fc-porto.html&amp;mode=12&amp;sf_options=fanart%3Dhttp%3A%2F%2Fi64.tinypic.com%2F29gyoo.png%26winID%3D10025%26_options_sf&quot;)</favourite>
	<favourite name="Renegades 1 [COLOR yellow][B]MATCHDAY 2 [MQ][/B][/COLOR] ~ Leicester v Porto" thumb="http://i64.tinypic.com/29gyoo.png">PlayMedia(&quot;plugin://plugin.video.NJMSoccer/?url=plugin%3A%2F%2Fplugin.video.SportsDevil%2F%3Fmode%3D1%26amp%3Bitem%3Dcatcher%253dstreams%2526url%3Dhttp%3A%2F%2Fwww.cast4u.tv%2Fembedcr.php%3Fv%3Dhdch5%26vw%3B%3D620%26vh%3B%3D550%2526referer%3Dhttp%3A%2F%2Fwww.immortal-tv.net%2Fchannel-5.php&amp;mode=12&amp;sf_options=fanart%3Dhttp%3A%2F%2Fi64.tinypic.com%2F29gyoo.png%26winID%3D10025%26_options_sf&quot;)</favourite>
	<favourite name="Renegades 1[COLOR yellow][B]MATCHDAY 3 [MQ][/B][/COLOR] ~ Zagreb v Juventus" thumb="http://i64.tinypic.com/29gyoo.png">PlayMedia(&quot;plugin://plugin.video.NJMSoccer/?url=plugin%3A%2F%2Fplugin.video.SportsDevil%2F%3Fmode%3D1%26amp%3Bitem%3Dcatcher%253dstreams%2526url%3Dhttp%3A%2F%2Fre-matches.com%2Fgame%2Fmatch%2F369%2F0%2Fdinamo-zagreb-vs-juventus.html%2526referer%3Dhttp%3A%2F%2Fre-matches.com%2Fgame%2Fmatch%2F369%2F0%2Fdinamo-zagreb-vs-juventus.html&amp;mode=12&amp;sf_options=fanart%3Dhttp%3A%2F%2Fi64.tinypic.com%2F29gyoo.png%26winID%3D10025%26_options_sf&quot;)</favourite>
	<favourite name="Renegades 1 [COLOR yellow][B]MATCHDAY 3 [MQ][/B][/COLOR] ~ Zagreb v Juventus" thumb="http://i64.tinypic.com/29gyoo.png">PlayMedia(&quot;plugin://plugin.video.NJMSoccer/?url=plugin%3A%2F%2Fplugin.video.SportsDevil%2F%3Fmode%3D1%26amp%3Bitem%3Dcatcher%253dstreams%2526url%3Dhttp%3A%2F%2Fwww.cast4u.tv%2Fembedcr.php%3Fv%3Dhdch4%26vw%3B%3D620%26vh%3B%3D550%2526referer%3Dhttp%3A%2F%2Fwww.immortal-tv.net%2Fchannel-4.php&amp;mode=12&amp;sf_options=fanart%3Dhttp%3A%2F%2Fi64.tinypic.com%2F29gyoo.png%26winID%3D10025%26_options_sf&quot;)</favourite>
	<favourite name="Renegades 1 [COLOR yellow][B]MATCHDAY 4 [HD][/B][/COLOR] ~ Dortmund v Real Madrid" thumb="http://i64.tinypic.com/29gyoo.png">PlayMedia(&quot;plugin://plugin.video.NJMSoccer/?url=plugin%3A%2F%2Fplugin.video.SportsDevil%2F%3Fmode%3D1%26amp%3Bitem%3Dcatcher%253dstreams%2526url%3Dhttp%3A%2F%2Fre-matches.com%2Fgame%2Fmatch%2F370%2F0%2Fdortmund-vs-real-madrid.html%2526referer%3Dhttp%3A%2F%2Fre-matches.com%2Fgame%2Fmatch%2F370%2F0%2Fdortmund-vs-real-madrid.html&amp;mode=12&amp;sf_options=fanart%3Dhttp%3A%2F%2Fi64.tinypic.com%2F29gyoo.png%26winID%3D10025%26_options_sf&quot;)</favourite>
	<favourite name="Renegades 1[COLOR yellow][B]MATCHDAY 4 [HD][/B][/COLOR] ~ Dortmund v Real Madrid" thumb="http://i64.tinypic.com/29gyoo.png">PlayMedia(&quot;plugin://plugin.video.NJMSoccer/?url=plugin%3A%2F%2Fplugin.video.SportsDevil%2F%3Fmode%3D1%26amp%3Bitem%3Dcatcher%253dstreams%2526url%3Dhttp%3A%2F%2Fwww.cast4u.tv%2Fembedcr.php%3Fv%3Dhdch1%26vw%3B%3D620%26vh%3B%3D550%2526referer%3Dhttp%3A%2F%2Fwww.immortal-tv.net%2Fchannel-1.php&amp;mode=12&amp;sf_options=fanart%3Dhttp%3A%2F%2Fi64.tinypic.com%2F29gyoo.png%26winID%3D10025%26_options_sf&quot;)</favourite>
</favourites>