<favourites>
	<favourite name="Renegades 1 [COLOR blue]CHELSEA [/COLOR][COLOR lime]v[/COLOR][COLOR blue] SWANSEA[/COLOR][COLOR lime] 15:00 PM[/COLOR]" thumb="http://i.imgur.com/9MCxK6C.png">PlayMedia(&quot;plugin://plugin.video.livepremiership/?url=http%3A%2F%2Fpastebin.com%2Fraw%2F5C8FR51q&amp;mode=8&amp;name=%5BCOLOR+blue%5DCHELSEA+%5B%2FCOLOR%5D%5BCOLOR+lime%5Dv%5B%2FCOLOR%5D%5BCOLOR+blue%5D+SWANSEA%5B%2FCOLOR%5D%5BCOLOR+lime%5D+15%3A00+PM%5B%2FCOLOR%5D&amp;fanart=http%3A%2F%2Fi.imgur.com%2FNZUuFCS.png&amp;sf_options=fanart%3Dhttp%3A%2F%2Fi.imgur.com%2FNZUuFCS.png%26winID%3D10025%26_options_sf&quot;)</favourite>
	<favourite name="Renegades 1 [COLOR blue]CRYSTAL PALACE [/COLOR][COLOR lime]v[/COLOR][COLOR blue] MIDDLESBOROUGH[/COLOR][COLOR lime] 15:00 PM[/COLOR]" thumb="http://i.imgur.com/9MCxK6C.png">PlayMedia(&quot;plugin://plugin.video.livepremiership/?url=http%3A%2F%2Fpastebin.com%2Fraw%2F5C8FR51q&amp;mode=8&amp;name=%5BCOLOR+blue%5DCRYSTAL+PALACE+%5B%2FCOLOR%5D%5BCOLOR+lime%5Dv%5B%2FCOLOR%5D%5BCOLOR+blue%5D+MIDDLESBOROUGH%5B%2FCOLOR%5D%5BCOLOR+lime%5D+15%3A00+PM%5B%2FCOLOR%5D&amp;fanart=http%3A%2F%2Fi.imgur.com%2FNZUuFCS.png&amp;sf_options=fanart%3Dhttp%3A%2F%2Fi.imgur.com%2FNZUuFCS.png%26winID%3D10025%26_options_sf&quot;)</favourite>
	<favourite name="Renegades 1 [COLOR blue]EVERTON [/COLOR][COLOR lime]v[/COLOR][COLOR blue] SUNDERLAND[/COLOR][COLOR lime] 15:00 PM[/COLOR]" thumb="http://i.imgur.com/9MCxK6C.png">PlayMedia(&quot;plugin://plugin.video.livepremiership/?url=http%3A%2F%2Fpastebin.com%2Fraw%2F5C8FR51q&amp;mode=8&amp;name=%5BCOLOR+blue%5DEVERTON+%5B%2FCOLOR%5D%5BCOLOR+lime%5Dv%5B%2FCOLOR%5D%5BCOLOR+blue%5D+SUNDERLAND%5B%2FCOLOR%5D%5BCOLOR+lime%5D+15%3A00+PM%5B%2FCOLOR%5D&amp;fanart=http%3A%2F%2Fi.imgur.com%2FNZUuFCS.png&amp;sf_options=fanart%3Dhttp%3A%2F%2Fi.imgur.com%2FNZUuFCS.png%26winID%3D10025%26_options_sf&quot;)</favourite>
	<favourite name="Renegades 1 [COLOR blue]HULL CITY [/COLOR][COLOR lime]v[/COLOR][COLOR blue] BURNLEY[/COLOR][COLOR lime] 15:00 PM[/COLOR]" thumb="http://i.imgur.com/9MCxK6C.png">PlayMedia(&quot;plugin://plugin.video.livepremiership/?url=http%3A%2F%2Fpastebin.com%2Fraw%2F5C8FR51q&amp;mode=8&amp;name=%5BCOLOR+blue%5DHULL+CITY+%5B%2FCOLOR%5D%5BCOLOR+lime%5Dv%5B%2FCOLOR%5D%5BCOLOR+blue%5D+BURNLEY%5B%2FCOLOR%5D%5BCOLOR+lime%5D+15%3A00+PM%5B%2FCOLOR%5D&amp;fanart=http%3A%2F%2Fi.imgur.com%2FNZUuFCS.png&amp;sf_options=fanart%3Dhttp%3A%2F%2Fi.imgur.com%2FNZUuFCS.png%26winID%3D10025%26_options_sf&quot;)</favourite>
	<favourite name="Renegades 1 [COLOR blue]WEST BROMWICH ALBION [/COLOR][COLOR lime]v[/COLOR][COLOR blue] BOURNEMOUTH[/COLOR][COLOR lime] 15:00 PM[/COLOR]" thumb="http://i.imgur.com/9MCxK6C.png">PlayMedia(&quot;plugin://plugin.video.livepremiership/?url=http%3A%2F%2Fpastebin.com%2Fraw%2F5C8FR51q&amp;mode=8&amp;name=%5BCOLOR+blue%5DWEST+BROMWICH+ALBION+%5B%2FCOLOR%5D%5BCOLOR+lime%5Dv%5B%2FCOLOR%5D%5BCOLOR+blue%5D+BOURNEMOUTH%5B%2FCOLOR%5D%5BCOLOR+lime%5D+15%3A00+PM%5B%2FCOLOR%5D&amp;fanart=http%3A%2F%2Fi.imgur.com%2FNZUuFCS.png&amp;sf_options=fanart%3Dhttp%3A%2F%2Fi.imgur.com%2FNZUuFCS.png%26winID%3D10025%26_options_sf&quot;)</favourite>
	<favourite name="Renegades 1 [COLOR blue]WATFORD [/COLOR][COLOR lime]v[/COLOR][COLOR blue] WEST HAM[/COLOR][COLOR lime] 17:30 PM[/COLOR]" thumb="http://i.imgur.com/9MCxK6C.png">PlayMedia(&quot;plugin://plugin.video.livepremiership/?url=http%3A%2F%2Fpastebin.com%2Fraw%2F5C8FR51q&amp;mode=8&amp;name=%5BCOLOR+blue%5DWATFORD+%5B%2FCOLOR%5D%5BCOLOR+lime%5Dv%5B%2FCOLOR%5D%5BCOLOR+blue%5D+WEST+HAM%5B%2FCOLOR%5D%5BCOLOR+lime%5D+17%3A30+PM%5B%2FCOLOR%5D&amp;fanart=http%3A%2F%2Fi.imgur.com%2FNZUuFCS.png&amp;sf_options=fanart%3Dhttp%3A%2F%2Fi.imgur.com%2FNZUuFCS.png%26winID%3D10025%26_options_sf&quot;)</favourite>
</favourites>