<favourites>
	<favourite name="Renegades 1 - Liverpool" thumb="https://www.thelogodb.com/images/media/logo/tyqypy1433965234.png/medium">PlayMedia(&quot;plugin://plugin.video.mic/?url=%24doregex%5Bget_sxstream%5D%7CUser-Agent%3DMozilla%2F5.0+%28iPad%3B+CPU+OS+6_0+like+Mac+OS+X%29+AppleWebKit%2F536.26+%28KHTML%2C+like+Gecko%29+Version%2F6.0+Mobile%2F10A5376e+Safari%2F8536.25&amp;mode=17&amp;regexs=%7Bu%27get_sxstream%27%3A%20%7B%27expres%27%3A%20u%27src%3D.%2A%5B%22%2C%5C%27%5D%28.%2Am3u8.%2A%3F%29%5B%22%2C%5C%27%5D%27%2C%20%27referer%27%3A%20u%27http%3A//www.liveonlinetv247.info/%27%2C%20%27name%27%3A%20u%27get_sxstream%27%2C%20%27page%27%3A%20u%27http%3A//www.liveonlinetv247.info/embed/skysports1.php%3Fwidth%3D650%26height%3B%3D480%27%7D%7D&amp;iconimage=https%3A%2F%2Fwww.thelogodb.com%2Fimages%2Fmedia%2Flogo%2Ftyqypy1433965234.png%2Fmedium&amp;sf_options=fanart%3Dhttp%3A%2F%2Fwallpapercave.com%2Fwp%2FPaxa7aH.jpg%26winID%3D10025%26_options_sf&quot;)</favourite>
	<favourite name="Renegades 1 - Liverpool" thumb="https://www.thelogodb.com/images/media/logo/tyqypy1433965234.png/medium">PlayMedia(&quot;plugin://plugin.video.mic/?url=plugin%3A%2F%2Fplugin.video.SportsDevil%2F%3Fmode%3D1%26amp%3Bitem%3Dcatcher%253dstreams%2526url%3Dhttp%3A%2F%2Fnowwatchtvlive.co%2Fsky-sports-1-full-hd-live-stream-720-1080p%2F%2526referer%3Dhttp%3A%2F%2Fwww.nowwatchtvlive.co%2F&amp;mode=12&amp;iconimage=https%3A%2F%2Fwww.thelogodb.com%2Fimages%2Fmedia%2Flogo%2Ftyqypy1433965234.png%2Fmedium&amp;sf_options=fanart%3Dhttp%3A%2F%2Fwallpapercave.com%2Fwp%2FPaxa7aH.jpg%26winID%3D10025%26_options_sf&quot;)</favourite>
	<favourite name="Renegades 1 - Liverpool SD" thumb="https://www.thelogodb.com/images/media/logo/tyqypy1433965234.png/medium">PlayMedia(&quot;plugin://plugin.video.mic/?url=%24doregex%5BgetUrl%5D%7CCookie%3D%24get_cookies%24Sportm3u8ID%3DOK%26Referer%3Dhttp%3A%2F%2Flivesport.pw%2FSkySports1.html%26User-Agent%3DiPad&amp;mode=17&amp;regexs=%7Bu%27getUrl%27%3A%20%7B%27expres%27%3A%20u%27var.videoLink.%2B%3F%5B%22%2C%5C%5C%5C%27%5D%28%5B%5E%22%5C%27%5D%2B%29%27%2C%20%27cookiejar%27%3A%20%27%27%2C%20%27name%27%3A%20u%27getUrl%27%2C%20%27agent%27%3A%20u%27iPad%27%2C%20%27page%27%3A%20u%27http%3A//livesport.pw/SkySports1.html%27%7D%7D&amp;iconimage=https%3A%2F%2Fwww.thelogodb.com%2Fimages%2Fmedia%2Flogo%2Ftyqypy1433965234.png%2Fmedium&amp;sf_options=fanart%3Dhttp%3A%2F%2Fwallpapercave.com%2Fwp%2FPaxa7aH.jpg%26winID%3D10025%26_options_sf&quot;)</favourite>
	<favourite name="Renegades 1 - Liverpool ACE" thumb="https://www.thelogodb.com/images/media/logo/tyqypy1433965234.png/medium">PlayMedia(&quot;plugin://plugin.video.mic/?url=plugin%3A%2F%2Fprogram.plexus%2F%3Furl%3Dacestream%253A%252F%252F49429150001fb998bda34055b4b21cd10482ac8f%26mode%3D1%26name%3DSKY+SPORTS+1&amp;mode=12&amp;iconimage=https%3A%2F%2Fwww.thelogodb.com%2Fimages%2Fmedia%2Flogo%2Ftyqypy1433965234.png%2Fmedium&amp;sf_options=fanart%3Dhttps%3A%2F%2Fi.ytimg.com%2Fvi%2F3uHHtwFjm3g%2Fmaxresdefault.jpg%26winID%3D10025%26_options_sf&quot;)</favourite>
	<favourite name="Renegades 1 - Liverpool" thumb="http://i64.tinypic.com/29gyoo.png">PlayMedia(&quot;plugin://plugin.video.NJMSoccer/?url=plugin%3A%2F%2Fplugin.video.SportsDevil%2F%3Fmode%3D1%26amp%3Bitem%3Dcatcher%253dstreams%2526url%3Dhttp%3A%2F%2Fwww.planetsport.pw%2Fwest-bromwich-albion-liverpool%2F%2526referer%3Dhttp%3A%2F%2Fwww.planetsport.pw%2Fwest-bromwich-albion-liverpool%2F&amp;mode=12&amp;sf_options=fanart%3Dhttp%3A%2F%2Fi64.tinypic.com%2F29gyoo.png%26winID%3D10025%26_options_sf&quot;)</favourite>
	<favourite name="Renegades 1 - Liverpool" thumb="http://i64.tinypic.com/29gyoo.png">PlayMedia(&quot;plugin://plugin.video.NJMSoccer/?url=plugin%3A%2F%2Fplugin.video.SportsDevil%2F%3Fmode%3D1%26amp%3Bitem%3Dcatcher%253dstreams%2526url%3Dhttp%3A%2F%2Fwww.247hd.info%2Fhd%2Fhd1.php%2526referer%3Dhttp%3A%2F%2Fwww.247hd.info%2Fhd%2Fhd1.php&amp;mode=12&amp;sf_options=fanart%3Dhttp%3A%2F%2Fi64.tinypic.com%2F29gyoo.png%26winID%3D10025%26_options_sf&quot;)</favourite>
	<favourite name="Renegades 1 - Liverpool ACE" thumb="https://i.ytimg.com/vi/Lxv5YiumGdI/maxresdefault.jpg">PlayMedia(&quot;plugin://plugin.video.NJMSoccer/?url=plugin%3A%2F%2Fprogram.plexus%2F%3Fmode%3D1%26url%3Dacestream%3A%2F%2F2afed8296d3e093bd513df41bb6c47dd29331b55%26name%3DMy%2Bacestream%2Bchannel&amp;mode=12&amp;sf_options=fanart%3Dhttps%3A%2F%2Fi.ytimg.com%2Fvi%2FLxv5YiumGdI%2Fmaxresdefault.jpg%26winID%3D10025%26_options_sf&quot;)</favourite>
</favourites>