<favourites>
	<favourite name="Renegades 1 MLB 720P" thumb="DefaultFolder.png">PlayMedia(&quot;plugin://plugin.video.ZemTV-shani/?url=aXBib3g6aHR0cDovLzE1MS44MC4xMDUuMTgyOjgwMDAvbGl2ZS90YWhpci90YWhpci8xMDc5MC50c3xVc2VyLUFnZW50PVZMQy8yLjIuMSBMaWJWTEMvMi4yLjE3JkljeS1NZXRhRGF0YT0x&amp;mode=11&amp;name=%5BCOLOR+FF11b500%5D1bt+sport+1%0D+ipbox%5B%2FCOLOR%5D&amp;sf_options=winID%3D10025%26_options_sf&quot;)</favourite>
	<favourite name="Renegades 1 MLB 720P" thumb="DefaultFolder.png">PlayMedia(&quot;plugin://plugin.video.ZemTV-shani/?url=aXBib3g6aHR0cDovLzE1MS44MC4xMDUuMTgyOjgwMDAvbGl2ZS90YWhpci90YWhpci8xMDc4OC50c3xVc2VyLUFnZW50PVZMQy8yLjIuMSBMaWJWTEMvMi4yLjE3JkljeS1NZXRhRGF0YT0x&amp;mode=11&amp;name=%5BCOLOR+FF11b500%5D1bt+sport+1+hd%0D+ipbox%5B%2FCOLOR%5D&amp;sf_options=winID%3D10025%26_options_sf&quot;)</favourite>
	<favourite name="Renegades 1 MLB 720P" thumb="DefaultFolder.png">PlayMedia(&quot;plugin://plugin.video.ZemTV-shani/?url=aXBib3g6aHR0cDovLzE1MS44MC4xMDUuMTgyOjgwMDAvbGl2ZS90YWhpci90YWhpci81OS50c3xVc2VyLUFnZW50PVZMQy8yLjIuMSBMaWJWTEMvMi4yLjE3JkljeS1NZXRhRGF0YT0x&amp;mode=11&amp;name=%5BCOLOR+FF11b500%5DLocal%3A+uk+bt+sport+1+hd%0D+ipbox%5B%2FCOLOR%5D&amp;sf_options=winID%3D10025%26_options_sf&quot;)</favourite>
	<favourite name="Renegades 1 MLB 720P" thumb="DefaultFolder.png">PlayMedia(&quot;plugin://plugin.video.ZemTV-shani/?url=aXBib3g6aHR0cDovLzE1MS44MC4xMDUuMTgyOjgwMDAvbGl2ZS90YWhpci90YWhpci81OS5tM3U4fFVzZXItQWdlbnQ9VkxDLzIuMi4xIExpYlZMQy8yLjIuMTcmSWN5LU1ldGFEYXRhPTE%3D&amp;mode=11&amp;name=%5BCOLOR+FF11b500%5DLocal%3A+uk+bt+sport+1+hd%0D+ipbox%5B%2FCOLOR%5D&amp;sf_options=winID%3D10025%26_options_sf&quot;)</favourite>
	<favourite name="Renegades 1 MLB 720P" thumb="DefaultFolder.png">PlayMedia(&quot;plugin://plugin.video.ZemTV-shani/?url=aXBib3g6aHR0cDovL2NhYmxla2luZy1pcHR2LmNvbTo4MDAwL2xpdmUvbWFydGluL21hcnRpbi8xMDc5MC50c3xVc2VyLUFnZW50PVZMQy8yLjIuMSBMaWJWTEMvMi4yLjE3JkljeS1NZXRhRGF0YT0x&amp;mode=11&amp;name=%5BCOLOR+FF11b500%5D1bt+sport+1%0D+ipbox%5B%2FCOLOR%5D&amp;sf_options=winID%3D10025%26_options_sf&quot;)</favourite>
	<favourite name="Renegades 1 MLB 720P" thumb="DefaultFolder.png">PlayMedia(&quot;plugin://plugin.video.ZemTV-shani/?url=aXBib3g6aHR0cDovL2NhYmxla2luZy1pcHR2LmNvbTo4MDAwL2xpdmUvbWFydGluL21hcnRpbi8xMDc4OC50c3xVc2VyLUFnZW50PVZMQy8yLjIuMSBMaWJWTEMvMi4yLjE3JkljeS1NZXRhRGF0YT0x&amp;mode=11&amp;name=%5BCOLOR+FF11b500%5D1bt+sport+1+hd%0D+ipbox%5B%2FCOLOR%5D&amp;sf_options=winID%3D10025%26_options_sf&quot;)</favourite>
	<favourite name="Renegades 1 MLB 720P" thumb="DefaultFolder.png">PlayMedia(&quot;plugin://plugin.video.ZemTV-shani/?url=aXBib3g6aHR0cDovL2NhYmxla2luZy1pcHR2LmNvbTo4MDAwL2xpdmUvbWFydGluL21hcnRpbi81OS50c3xVc2VyLUFnZW50PVZMQy8yLjIuMSBMaWJWTEMvMi4yLjE3JkljeS1NZXRhRGF0YT0x&amp;mode=11&amp;name=%5BCOLOR+FF11b500%5DLocal%3A+uk+bt+sport+1+hd%0D+ipbox%5B%2FCOLOR%5D&amp;sf_options=winID%3D10025%26_options_sf&quot;)</favourite>
	<favourite name="Renegades 1 MLB720P VID" thumb="http://www.lyngsat-logo.com/hires/bb/bt_sport_1.png">PlayMedia(&quot;plugin://plugin.video.VidTime/?url=http%3A%2F%2Fwww.liveonlinetv247.info%2Fbtsport1.php&amp;icon=http%3A%2F%2Fwww.lyngsat-logo.com%2Fhires%2Fbb%2Fbt_sport_1.png&amp;mode=ONTV&amp;name=%5BCOLOR+white%5DBT+Sport+1%5B%2FCOLOR%5D&amp;sf_options=fanart%3Dhttp%3A%2F%2Fs5.postimg.org%2Faby4q1mvb%2Funited_kingdom_flag_16_cool_background.jpg%26winID%3D10025%26_options_sf&quot;)</favourite>
	<favourite name="Renegades 1 MLB720 NJMLIVE" thumb="special://home/addons/plugin.video.NJMLive/icon.png">ActivateWindow(10025,&quot;plugin://plugin.video.NJMLive/?mode=2&amp;name=local%3A%20UK%20BT%20Sport%201%20HD&amp;url=plugin%3A%2F%2Fplugin.video.f4mTester%2F%3FiconImage%3Dhttps%3A%2F%2Fs20.postimg.org%2Fr3sq51jz1%2Ficon.png%26maxbitrate%3D-1%26name%3DNJMLive%26streamtype%3DTSDOWNLOADER%26amp%3Burl%3Dhttp%3A%2F%2F151.80.105.182%3A8000%2Flive%2Farnold%2Farnold%2F59.ts&amp;sf_options=fanart%3Dspecial%3A%2F%2Fhome%2Faddons%2Fplugin.video.NJMLive%2Ffanart.jpg%26_options_sf&quot;,return)</favourite>
	<favourite name="Renegades 1 MLB 720P NJMSOCCER" thumb="http://thevoice-fuerteventura.com/directory/wp-content/uploads/2014/07/keep-calm-live-football-shown-here-2.png">PlayMedia(&quot;plugin://plugin.video.NJMSoccer/?url=plugin%3A%2F%2Fplugin.video.SportsDevil%2F%3Fmode%3D1%26amp%3Bitem%3Dcatcher%253dstreams%2526url%3Dhttp%3A%2F%2Fwww.liveonlinetv247.info%2Fbtsport1.php%2526referer%3Dhttp%3A%2F%2Fwww.liveonlinetv247.info&amp;mode=12&amp;sf_options=fanart%3Dhttp%3A%2F%2Fthevoice-fuerteventura.com%2Fdirectory%2Fwp-content%2Fuploads%2F2014%2F07%2Fkeep-calm-live-football-shown-here-2.png%26winID%3D10025%26_options_sf&quot;)</favourite>
</favourites>