<favourites>
	<favourite name="Renegades 1 - WBA vs Arsenal" thumb="http://www.thelogodb.com/images/media/logo/upsspx1433379567.png">PlayMedia(&quot;plugin://plugin.video.mic/?url=plugin%3A%2F%2Fplugin.video.f4mTester%2F%3Fstreamtype%3DTSDOWNLOADER%26name%3DTSN+1%26url%3Dhttp%3A%2F%2F176.31.231.205%3A8000%2Flive%2Fwhall76%40gmail.com%2Fqwsepbqk%2F138.ts&amp;mode=12&amp;iconimage=http%3A%2F%2Fwww.thelogodb.com%2Fimages%2Fmedia%2Flogo%2Fupsspx1433379567.png&amp;sf_options=fanart%3Dhttp%3A%2F%2Fgamerlimit.com%2Fwp-xcontent%2Fuploads%2F2016%2F04%2Foriginal.jpg%26winID%3D10025%26_options_sf&quot;)</favourite>
	<favourite name="Renegades 1 - WBA vs Arsenal" thumb="http://www.thelogodb.com/images/media/logo/sytpty1433380112.png">PlayMedia(&quot;plugin://plugin.video.mic/?url=http%3A%2F%2F199.21.149.125%3A8888%2FUS_TSN_5_HD%2Findex.m3u8&amp;mode=12&amp;iconimage=http%3A%2F%2Fwww.thelogodb.com%2Fimages%2Fmedia%2Flogo%2Fsytpty1433380112.png&amp;sf_options=fanart%3Dhttp%3A%2F%2Fgamerlimit.com%2Fwp-content%2Fuploads%2F2016%2F04%2Foriginal.jpg%26winID%3D10025%26_options_sf&quot;)</favourite>
	<favourite name="Renegades 1 - WBA vs Arsenal" thumb="https://www.thelogodb.com/images/media/logo/tyqypy1433965234.png/medium">PlayMedia(&quot;plugin://plugin.video.mic/?url=plugin%3A%2F%2Fplugin.video.SportsDevil%2F%3Fmode%3D1%26amp%3Bitem%3Dcatcher%253dstreams%2526url%3Dhttp%3A%2F%2Fnowwatchtvlive.co%2Fsky-sports-1-full-hd-live-stream-720-1080p%2F%2526referer%3Dhttp%3A%2F%2Fwww.nowwatchtvlive.co%2F&amp;mode=12&amp;iconimage=https%3A%2F%2Fwww.thelogodb.com%2Fimages%2Fmedia%2Flogo%2Ftyqypy1433965234.png%2Fmedium&amp;sf_options=fanart%3Dhttp%3A%2F%2Fwallpapercave.com%2Fwp%2FPaxa7aH.jpg%26winID%3D10025%26_options_sf&quot;)</favourite>
	<favourite name="Renegades 1 - WBA vs Arsenal 1080" thumb="https://www.thelogodb.com/images/media/logo/vxvtup1434505598.png">PlayMedia(&quot;plugin://plugin.video.mic/?url=http%3A%2F%2F50.7.69.42%3A8899%2FGB%2FUSA%2FNBCSN_HD%2Findex.m3u8&amp;mode=12&amp;iconimage=https%3A%2F%2Fwww.thelogodb.com%2Fimages%2Fmedia%2Flogo%2Fvxvtup1434505598.png&amp;sf_options=fanart%3Dhttp%3A%2F%2Fwww.pngall.com%2Fwp-content%2Fuploads%2F2016%2F05%2FAmerica-Flag-PNG-Picture.png%26winID%3D10025%26_options_sf&quot;)</favourite>
	<favourite name="Renegades 1 - WBA vs Arsenal" thumb="DefaultFolder.png">PlayMedia(&quot;plugin://plugin.video.ZemTV-shani/?url=aXBib3g6aHR0cDovLzE2My4xNzIuODEuMzM6MTIzNC9saXZlL3d3dy5pcHR2cmVzdHJlYW0ubmV0L2VlR1kwVExsVTYvMjU0LnRzfFVzZXItQWdlbnQ9ZnVjazQxMg%3D%3D&amp;mode=11&amp;name=Uk+%7C+sky+sports+1+hd%0D+ipbox&amp;sf_options=winID%3D10025%26_options_sf&quot;)</favourite>
</favourites>