<favourites>
	<favourite name="Renegades 1[COLOR blue] CRYSTAL PALACE VS CHELSEA [/COLOR] Adrian Sports" thumb="https://s31.postimg.org/xaap1y7ff/premier_league.jpg">ActivateWindow(10025,&quot;plugin://plugin.video.adriansports/?fanart=https%3a%2f%2fgoo.gl%2fkw8Rmg&amp;mode=30&amp;name=%5bCOLOR%20blue%5d%20CRYSTAL%20PALACE%20VS%20CHELSEA%20%5b%2fCOLOR%5d&amp;url=%0asublink%3ahttp%3a%2f%2ftinyurl.com%2fzfokqsg%7cUser-Agent%3dMozilla%2f5.0%20(Linux%3b%20Android%205.1.1%3b%20en-GB%3b%20NEO-U1%20Build%2fLMY47V.20160415%20release-keys)%20MXPlayer%2f1.7.40%23%0asublink%3aplugin%3a%2f%2fplugin.video.f4mTester%2f%3furl%3dhttp%3a%2f%2fbulkyiptv.com%3a5750%2flive%2fpaulb%2fpaulb%2f20223.ts%26streamtype%3dTSDOWNLOADER%26name%3dSKYSP1%7cUser-Agent%3dMozilla%2f5.0%20(Windows%20NT%2010.0%3b%20WOW64%3b%20rv%3a47.0)%20Gecko%2f20100101%20Firefox%2f47.0%20FirePHP%2f0.7.4%23%0asublink%3aplugin%3a%2f%2fplugin.video.f4mTester%2f%3furl%3dhttp%3a%2f%2ftechguru.es%3a88%2flive%2fchloe%2fchloe%2f13679.ts%26streamtype%3dTSDOWNLOADER%26name%3dNBCSN%7cUser-Agent%3dMozilla%2f5.0%20(Windows%20NT%2010.0%3b%20WOW64%3b%20rv%3a47.0)%20Gecko%2f20100101%20Firefox%2f47.0%20FirePHP%2f0.7.4%23%0a&amp;sf_options=fanart%3Dhttps%3A%2F%2Fgoo.gl%2Fkw8Rmg%26meta%3Dlabel%253D%25255BCOLOR%252Bblue%25255D%252BCRYSTAL%252BPALACE%252BVS%252BCHELSEA%252B%25255B%25252FCOLOR%25255D%2526title%253D%25255BCOLOR%252Bblue%25255D%252BCRYSTAL%252BPALACE%252BVS%252BCHELSEA%252B%25255B%25252FCOLOR%25255D%26_options_sf&quot;,return)</favourite>
	<favourite name="Renegades 1 Crystal Palace vs Chelsea ZEM" thumb="http://mamahd.com/images/leagues/123.png">PlayMedia(&quot;plugin://plugin.video.ZemTV-shani/?url=bWFtYWhkOmh0dHA6Ly9tYW1haGQuY29tL2NoZWxzZWEtbGl2ZS1zdHJlYW02LTEuaHRtbA%3D%3D&amp;mode=11&amp;name=Crystal+Palace+vs+Chelsea%5BCOLOR+red%5D%0ALIVE+in+5+Hrs%5B%2FCOLOR%5D&amp;sf_options=meta%3Dlabel%253DCrystal%252BPalace%252Bvs%252BChelsea%25255BCOLOR%252Bred%25255D%25255CnLIVE%252Bin%252B5%252BHrs%25255B%25252FCOLOR%25255D%2526title%253DCrystal%252BPalace%252Bvs%252BChelsea%25255BCOLOR%252Bred%25255D%25255CnLIVE%252Bin%252B5%252BHrs%25255B%25252FCOLOR%25255D%26winID%3D10025%26_options_sf&quot;)</favourite>
	<favourite name="Renegades 1 [COLOR blue]CRYSTAL PALACE [/COLOR][COLOR lime]v[/COLOR][COLOR blue] CHELSEA[/COLOR][COLOR lime] 12:30 PM[/COLOR] Live PremierShip" thumb="http://i.imgur.com/9MCxK6C.png">PlayMedia(&quot;plugin://plugin.video.livepremiership/?url=http%3A%2F%2Fpastebin.com%2Fraw%2F5C8FR51q&amp;mode=8&amp;name=%5BCOLOR+blue%5DCRYSTAL+PALACE+%5B%2FCOLOR%5D%5BCOLOR+lime%5Dv%5B%2FCOLOR%5D%5BCOLOR+blue%5D+CHELSEA%5B%2FCOLOR%5D%5BCOLOR+lime%5D+12%3A30+PM%5B%2FCOLOR%5D&amp;fanart=http%3A%2F%2Fi.imgur.com%2FzaL52nG.png&amp;sf_options=fanart%3Dhttp%3A%2F%2Fi.imgur.com%2FzaL52nG.png%26meta%3Dlabel%253D%25255BCOLOR%252Bblue%25255DCRYSTAL%252BPALACE%252B%25255B%25252FCOLOR%25255D%25255BCOLOR%252Blime%25255Dv%25255B%25252FCOLOR%25255D%25255BCOLOR%252Bblue%25255D%252BCHELSEA%25255B%25252FCOLOR%25255D%25255BCOLOR%252Blime%25255D%252B12%25253A30%252BPM%25255B%25252FCOLOR%25255D%2526title%253D%25255BCOLOR%252Bblue%25255DCRYSTAL%252BPALACE%252B%25255B%25252FCOLOR%25255D%25255BCOLOR%252Blime%25255Dv%25255B%25252FCOLOR%25255D%25255BCOLOR%252Bblue%25255D%252BCHELSEA%25255B%25252FCOLOR%25255D%25255BCOLOR%252Blime%25255D%252B12%25253A30%252BPM%25255B%25252FCOLOR%25255D%26winID%3D10025%26_options_sf&quot;)</favourite>
	<favourite name="Renegades 1 Crystal Palace Vs Chelsea Evolve" thumb="http://matsbuilds.uk/pics/newevolveicons/sports.PNG">PlayMedia(&quot;plugin://plugin.video.Evolve/?url=http%3A%2F%2F51.254.197.40%3A25461%2Flive%2Ftom%2Ftom%2F1697.ts%0D&amp;mode=2&amp;name=SKY+SPORTS+1+HD%0D&amp;description=&amp;iconimage=http%3A%2F%2Fmatsbuilds.uk%2Fpics%2Fnewevolveicons%2Fsports.PNG&amp;sf_options=fanart%3Dhttps%3A%2F%2Fsuperrepo.org%2Fstatic%2Fimages%2Ffanart%2Foriginal%2Fplugin.video.LiveTV.jpg%26meta%3Dlabel%253DSKY%252BSPORTS%252B1%252BHD%25250D%26winID%3D10025%26_options_sf&quot;)</favourite>
	<favourite name="Renegades 1 Crystal Palace Vs Chelsea Zem Bein 2" thumb="DefaultFolder.png">PlayMedia(&quot;plugin://plugin.video.ZemTV-shani/?url=aXBib3g6aHR0cDovL2NlbnRyYWwuaXB0di1zdHJlYW1lci5jb206ODAwMC9saXZlL3JvY2hkaS9yb2NoZGkvNzQubTN1OHxVc2VyLUFnZW50PVZMQy8yLjMuMSBMaWJWTEMvMi4yLjE3JkljeS1NZXRhRGF0YT0x&amp;mode=11&amp;name=%5BCOLOR+FF11b500%5DBein+sport+2+fr%0D+ipbox%5B%2FCOLOR%5D&amp;sf_options=meta%3Dlabel%253D%25255BCOLOR%252BFF11b500%25255DBein%252Bsport%252B2%252Bfr%25250D%252Bipbox%25255B%25252FCOLOR%25255D%2526title%253D%25255BCOLOR%252BFF11b500%25255DBein%252Bsport%252B2%252Bfr%25250D%252Bipbox%25255B%25252FCOLOR%25255D%26winID%3D10025%26_options_sf&quot;)</favourite>
	<favourite name="Renegades 1 Crystal Palace Vs Chelsea Oblivion" thumb="http://oblivionbuilds.com/Oblivionlogo.png">PlayMedia(&quot;plugin://plugin.video.sanctuary/?url=plugin%3A%2F%2Fplugin.video.f4mTester%2F%3Fstreamtype%3DTSDOWNLOADER%26amp%3Burl%3Dhttp%3A%2F%2Fiptv.monkeycline.com%3A25461%2Flive%2Frobert%2Frobert%2F9401.ts%3Bname%3DOblivion+TV&amp;mode=1112&amp;sf_options=meta%3Dlabel%253D%25252ACAN%25253ASportsnet%252BWorld%252BHD%2526title%253D%25252ACAN%25253ASportsnet%252BWorld%252BHD%26winID%3D10025%26_options_sf&quot;)</favourite>
</favourites>