<favourites>
	<favourite name="Renegades 1 720p" thumb="DefaultFolder.png">PlayMedia(&quot;plugin://plugin.video.ZemTV-shani/?url=aXBib3g6aHR0cDovL2p1MDMxLmp1cGl0ZXIuZmFzdHdlYnNlcnZlci5kZTo4MDAwL2xpdmUva3Jpcy9rcmlzLzg0MzAudHN8VXNlci1BZ2VudD1WTEMvMi4yLjEgTGliVkxDLzIuMi4xNyZJY3ktTWV0YURhdGE9MQ%3D%3D&amp;mode=11&amp;name=%5BCOLOR+FF11b500%5DUk%3A+sky+sports+1hd%0D+ipbox%5B%2FCOLOR%5D&amp;sf_options=winID%3D10025%26_options_sf&quot;)</favourite>
	<favourite name="Renegades 1  LIVERPOOL-MANCHESTERUNITED" thumb=" ">PlayMedia(&quot;plugin://program.plexus/?mode=1&amp;url=acestream://acestream://acb90e3ad2c788e09a0ff42504e9034350e524c7&amp;name=VIDTIME&amp;sf_options=fanart%3Dhttp%3A%2F%2Fs5.postimg.org%2Fk44hcn1c7%2FLivewall.jpg%26winID%3D10025%26_options_sf&quot;)</favourite>
	<favourite name="Renegades 1" thumb="DefaultFolder.png">PlayMedia(&quot;plugin://plugin.video.ZemTV-shani/?url=aXBib3g6aHR0cDovL3d3dy50MTJ2LmNvbTo4MDAwL2xpdmUvNzA3MC83MDcwLzExMDQudHN8VXNlci1BZ2VudD1WTEMvMi4yLjEgTGliVkxDLzIuMi4xNyZJY3ktTWV0YURhdGE9MQ%3D%3D&amp;mode=11&amp;name=%5BCOLOR+FF11b500%5DUk_sky_sport_1_hd%0D+ipbox%5B%2FCOLOR%5D&amp;sf_options=winID%3D10025%26_options_sf&quot;)</favourite>
	<favourite name="Renegades 1 20:00 Liverpool v Manchester United [NBCSN - 720p]" thumb="http://thevoice-fuerteventura.com/directory/wp-content/uploads/2014/07/keep-calm-live-football-shown-here-2.png">PlayMedia(&quot;plugin://plugin.video.NJMSoccer/?url=https%3A%2F%2Fhitbox.gcdn.co%2Fhls%2Ftue2%2Findex.m3u8%3Fst%3DNRFUHW4CMhtho-kjybGudg%3Bci%3DMrDY8M5A1t6EO_k8uRAnMg&amp;mode=12&amp;sf_options=fanart%3Dhttp%3A%2F%2Fthevoice-fuerteventura.com%2Fdirectory%2Fwp-content%2Fuploads%2F2014%2F07%2Fkeep-calm-live-football-shown-here-2.png%26winID%3D10025%26_options_sf&quot;)</favourite>
	<favourite name="Renegades 1 720p" thumb="http://vps.oblivionbuilds.com/Oblivionlogo.png">PlayMedia(&quot;plugin://plugin.video.OblivionStreams/?url=plugin%3A%2F%2Fplugin.video.f4mTester%2F%3Fstreamtype%3DTSDOWNLOADER%26amp%3Burl%3Dhttp%3A%2F%2Froot-iptv.is-found.org%3A25461%2Flive%2FzJyBiulPMV%2FAvxs812Ff9%2F2832.ts%3Bname%3DOblivion+TV&amp;mode=12&amp;sf_options=winID%3D10025%26_options_sf&quot;)</favourite>
	<favourite name="Renegades 1 720p TEST" thumb="DefaultVideo.png">PlayMedia(&quot;plugin://plugin.video.prosport/?url=http%3A%2F%2Fstreamsarena.eu%2Fevents%2F20161017%2Fliverpool-vs-manchester-united-live-stream.php&amp;mode=play&amp;orig=Match+Thread+%5B21%3A00+GMT%5D%3A+Liverpool+vs+Manchester+United&amp;sf_options=winID%3D10025%26_options_sf&quot;)</favourite>
	<favourite name="Renegades 1 720p TEST" thumb="DefaultVideo.png">PlayMedia(&quot;plugin://plugin.video.prosport/?url=http%3A%2F%2Fapkfifa.com%2FSoccer%2Fmanchester-united-live-stream.html&amp;mode=play&amp;orig=Match+Thread+%5B21%3A00+GMT%5D%3A+Liverpool+vs+Manchester+United&amp;sf_options=winID%3D10025%26_options_sf&quot;)</favourite>
</favourites>