<favourites>
	<favourite name="Renegades 1 - Sky sports 1 hd" thumb="DefaultFolder.png">PlayMedia(&quot;plugin://plugin.video.ZemTV-shani/?url=aXBib3g6aHR0cDovLzUxLjI1NS43MC4xMTI6ODAwMC9saXZlL3BnL3BnLzcyNS50c3xVc2VyLUFnZW50PVZMQy8yLjIuMSBMaWJWTEMvMi4yLjE3JkljeS1NZXRhRGF0YT0x&amp;mode=11&amp;name=%5BCOLOR+FF11b500%5DSky+sports+1+hd%0D+ipbox%5B%2FCOLOR%5D&amp;sf_options=winID%3D10001%26_options_sf&quot;)</favourite>
	<favourite name="Renegades 1 Sky Sports 1 HD 720p CLU TV" thumb="DefaultFolder.png">PlayMedia(&quot;http://149.56.24.84:81/live/pipcan/pipcan/225.m3u8|user-agent=kodi?sf_options=winID%3D10001%26_options_sf&quot;)</favourite>
	<favourite name="Renegades 1 - Sky sports 1 hd" thumb="DefaultFolder.png">PlayMedia(&quot;plugin://plugin.video.ZemTV-shani/?url=aXBib3g6aHR0cDovLzUxLjI1NS43MC4xMTI6ODAwMC9saXZlL3Rlc3QvdGVzdC83MjUudHN8VXNlci1BZ2VudD1WTEMvMi4yLjEgTGliVkxDLzIuMi4xNyZJY3ktTWV0YURhdGE9MQ%3D%3D&amp;mode=11&amp;name=%5BCOLOR+FF11b500%5DSky+sports+1+hd%0D+ipbox%5B%2FCOLOR%5D&amp;sf_options=winID%3D10001%26_options_sf&quot;)</favourite>
	<favourite name="Renegades 1 12:45 Manchester United v Leicester City [NBCSN - 720p]" thumb="http://thevoice-fuerteventura.com/directory/wp-content/uploads/2014/07/keep-calm-live-football-shown-here-2.png">PlayMedia(&quot;plugin://plugin.video.NJMSoccer/?url=https%3A%2F%2Fhitbox.gcdn.co%2Fhls%2Fvpcs%2Findex.m3u8%3Fst%3Djl207GNS3kQDemUcnFoY-Q%3Bci%3DeMEmXGQSls4yhg4c_spVVw&amp;mode=12&amp;sf_options=fanart%3Dhttp%3A%2F%2Fthevoice-fuerteventura.com%2Fdirectory%2Fwp-content%2Fuploads%2F2014%2F07%2Fkeep-calm-live-football-shown-here-2.png%26winID%3D10001%26_options_sf&quot;)</favourite>
	<favourite name="Renegades 1 Sky Sports1" thumb="http://thevoice-fuerteventura.com/directory/wp-content/uploads/2014/07/keep-calm-live-football-shown-here-2.png">PlayMedia(&quot;plugin://plugin.video.NJMSoccer/?url=plugin%3A%2F%2Fplugin.video.SportsDevil%2F%3Fmode%3D1%26amp%3Bitem%3Dcatcher%253dstreams%2526url%3Dhttp%3A%2F%2Fstreamsarena.eu%2Fstreams3%2Fcoppy.php%2526referer%3Dhttp%3A%2F%2Fstreamsarena.eu%2Fstreams3%2Fcoppy.php&amp;mode=12&amp;sf_options=fanart%3Dhttp%3A%2F%2Fthevoice-fuerteventura.com%2Fdirectory%2Fwp-content%2Fuploads%2F2014%2F07%2Fkeep-calm-live-football-shown-here-2.png%26winID%3D10001%26_options_sf&quot;)</favourite>
	<favourite name="Renegades 1 Sky Sports 1 - 720p" thumb="http://thevoice-fuerteventura.com/directory/wp-content/uploads/2014/07/keep-calm-live-football-shown-here-2.png">PlayMedia(&quot;plugin://plugin.video.NJMSoccer/?url=plugin%3A%2F%2Fplugin.video.SportsDevil%2F%3Fmode%3D1%26amp%3Bitem%3Dcatcher%253dstreams%2526url%3Dhttp%3A%2F%2Fwww.eplstream.net%2Fstreams%2Fplayer1%2Fstream1.php%2526referer%3Dhttp%3A%2F%2Fwww.eplstream.net%2Fstreams%2Fplayer1%2Fstream1.php&amp;mode=12&amp;sf_options=fanart%3Dhttp%3A%2F%2Fthevoice-fuerteventura.com%2Fdirectory%2Fwp-content%2Fuploads%2F2014%2F07%2Fkeep-calm-live-football-shown-here-2.png%26winID%3D10001%26_options_sf&quot;)</favourite>
	<favourite name="Renegades 1 Sky Sports 1- 720p" thumb="http://thevoice-fuerteventura.com/directory/wp-content/uploads/2014/07/keep-calm-live-football-shown-here-2.png">PlayMedia(&quot;plugin://plugin.video.NJMSoccer/?url=plugin%3A%2F%2Fplugin.video.SportsDevil%2F%3Fmode%3D1%26amp%3Bitem%3Dcatcher%253dstreams%2526url%3Dhttp%3A%2F%2Fsoccerinhd.com%2Fhd1.html%2526referer%3Dhttp%3A%2F%2Fsoccerinhd.com%2Fhd1.html&amp;mode=12&amp;sf_options=fanart%3Dhttp%3A%2F%2Fthevoice-fuerteventura.com%2Fdirectory%2Fwp-content%2Fuploads%2F2014%2F07%2Fkeep-calm-live-football-shown-here-2.png%26winID%3D10001%26_options_sf&quot;)</favourite>
</favourites>