<favourites>
	<favourite name="Renegades 1 - Spurs/Man City" thumb="DefaultFolder.png">PlayMedia(&quot;plugin://plugin.video.ZemTV-shani/?url=aXBib3g6aHR0cDovLzE2My4xNzIuODEuMzM6MTIzNC9saXZlL3d3dy5pcHR2cmVzdHJlYW0ubmV0L2VlR1kwVExsVTYvMzEyLnRzfFVzZXItQWdlbnQ9ZnVjazQxMjE%3D&amp;mode=11&amp;name=Usa%3Aca+%7C+tsn+2%0D+ipbox&amp;sf_options=winID%3D10025%26_options_sf&quot;)</favourite>
	<favourite name="Renegades 1 - Spurs/Chelsea" thumb="DefaultFolder.png">PlayMedia(&quot;plugin://plugin.video.ZemTV-shani/?url=aXBib3g6aHR0cDovLzE2My4xNzIuODEuMzM6MTIzNC9saXZlL3d3dy5pcHR2cmVzdHJlYW0ubmV0L2VlR1kwVExsVTYvMjU0LnRzfFVzZXItQWdlbnQ9ZnVjazQxMjE%3D&amp;mode=11&amp;name=Uk+%7C+sky+sports+1+hd%0D+ipbox&amp;sf_options=winID%3D10025%26_options_sf&quot;)</favourite>
	<favourite name="Renegades 1 - Spurs/Chelsea" thumb="DefaultFolder.png">PlayMedia(&quot;plugin://plugin.video.ZemTV-shani/?url=aXBib3g6aHR0cDovLzE2My4xNzIuODEuMzM6MTIzNC9saXZlL3d3dy5pcHR2cmVzdHJlYW0ubmV0L2VlR1kwVExsVTYvMTc4LnRzfFVzZXItQWdlbnQ9ZnVjazQxMjE%3D&amp;mode=11&amp;name=Uk%3A+sky+sports+1+%3D%3E+http%3A%2F%2Fiptvrestream.net%2F%0D+ipbox&amp;sf_options=winID%3D10025%26_options_sf&quot;)</favourite>
	<favourite name="Renegades 1 - Spurs/Man City/Chelsea SD" thumb="DefaultFolder.png">PlayMedia(&quot;plugin://plugin.video.ZemTV-shani/?url=aXBib3g6aHR0cDovLzE2My4xNzIuODEuMzM6MTIzNC9saXZlL3d3dy5pcHR2cmVzdHJlYW0ubmV0L2VlR1kwVExsVTYvNTYyLnRzfFVzZXItQWdlbnQ9ZnVjazQxMjE%3D&amp;mode=11&amp;name=Usa+%7C+nbcsn+hd+%3D%3E+http%3A%2F%2Fiptvrestream.net%2F%0D+ipbox&amp;sf_options=winID%3D10025%26_options_sf&quot;)</favourite>
	<favourite name="Renegades 1 - Spurs" thumb="http://i64.tinypic.com/29gyoo.png">PlayMedia(&quot;plugin://plugin.video.NJMSoccer/?url=plugin%3A%2F%2Fplugin.video.SportsDevil%2F%3Fmode%3D1%26amp%3Bitem%3Dcatcher%253dstreams%2526url%3Dhttp%3A%2F%2Fwww.247hd.info%2Fhd%2Fhd1.php%2526referer%3Dhttp%3A%2F%2Fwww.247hd.info%2Fhd%2Fhd1.php&amp;mode=12&amp;sf_options=fanart%3Dhttp%3A%2F%2Fi64.tinypic.com%2F29gyoo.png%26winID%3D10025%26_options_sf&quot;)</favourite>
	<favourite name="Renegades 1 - Spurs" thumb="http://goalkeepermagazine.com/wp-content/uploads/2014/12/Gianluigi-Buffon-save.jpg">PlayMedia(&quot;plugin://plugin.video.NJMSoccer/?url=plugin%3A%2F%2Fplugin.video.SportsDevil%2F%3Fmode%3D1%26amp%3Bitem%3Dcatcher%253dstreams%2526url%3Dhttp%3A%2F%2Fsportsntvlive.com%2Fframes%2Ftsn2inner.php%2526referer%3Dhttp%3A%2F%2Fsportsntvlive.com%2Fframes%2Ftsn2inner.php&amp;mode=12&amp;sf_options=fanart%3Dhttp%3A%2F%2Fgoalkeepermagazine.com%2Fwp-content%2Fuploads%2F2014%2F12%2FGianluigi-Buffon-save.jpg%26winID%3D10025%26_options_sf&quot;)</favourite>
	<favourite name="Renegades 1 - SPURS v WATFORD ACE1" thumb="https://i.ytimg.com/vi/Lxv5YiumGdI/maxresdefault.jpg">PlayMedia(&quot;plugin://plugin.video.NJMSoccer/?url=plugin%3A%2F%2Fprogram.plexus%2F%3Fmode%3D1%26url%3Dacestream%3A%2F%2F9b67f6041e3ff9c71484bfd53a102817889b1804%26name%3DMy%2Bacestream%2Bchannel&amp;mode=12&amp;sf_options=fanart%3Dhttps%3A%2F%2Fi.ytimg.com%2Fvi%2FLxv5YiumGdI%2Fmaxresdefault.jpg%26winID%3D10025%26_options_sf&quot;)</favourite>
	<favourite name="Renegades 1 - SPURS v WATFORD ACE2" thumb="https://i.ytimg.com/vi/Lxv5YiumGdI/maxresdefault.jpg">PlayMedia(&quot;plugin://plugin.video.NJMSoccer/?url=plugin%3A%2F%2Fprogram.plexus%2F%3Fmode%3D1%26url%3Dacestream%3A%2F%2F2afed8296d3e093bd513df41bb6c47dd29331b55%26name%3DMy%2Bacestream%2Bchannel&amp;mode=12&amp;sf_options=fanart%3Dhttps%3A%2F%2Fi.ytimg.com%2Fvi%2FLxv5YiumGdI%2Fmaxresdefault.jpg%26winID%3D10025%26_options_sf&quot;)</favourite>
	<favourite name="Renegades 1 - SPURS v WATFORD ACE3" thumb="https://i.ytimg.com/vi/Lxv5YiumGdI/maxresdefault.jpg">PlayMedia(&quot;plugin://plugin.video.NJMSoccer/?url=plugin%3A%2F%2Fprogram.plexus%2F%3Fmode%3D1%26url%3Dacestream%3A%2F%2F49429150001fb998bda34055b4b21cd10482ac8f%26name%3DMy%2Bacestream%2Bchannel&amp;mode=12&amp;sf_options=fanart%3Dhttps%3A%2F%2Fi.ytimg.com%2Fvi%2FLxv5YiumGdI%2Fmaxresdefault.jpg%26winID%3D10025%26_options_sf&quot;)</favourite>
	<favourite name="Renegades 1 - Chelsea MULTILINK" thumb="http://i.imgur.com/9MCxK6C.png">PlayMedia(&quot;plugin://plugin.video.livepremiership/?url=http%3A%2F%2Fpastebin.com%2Fraw%2F5C8FR51q&amp;mode=8&amp;name=%5BCOLOR+blue%5DBOURNEMOUTH+%5B%2FCOLOR%5D%5BCOLOR+lime%5Dv%5B%2FCOLOR%5D%5BCOLOR+blue%5D+CHELSEA%5B%2FCOLOR%5D%5BCOLOR+lime%5D+17%3A30+PM%5B%2FCOLOR%5D&amp;fanart=http%3A%2F%2Fi.imgur.com%2FNZUuFCS.png&amp;sf_options=fanart%3Dhttp%3A%2F%2Fi.imgur.com%2FNZUuFCS.png%26winID%3D10025%26_options_sf&quot;)</favourite>
</favourites>