<favourites>
	<favourite name="Renegades 1 NFL games SS1 robocop 1080" thumb="DefaultVideo.png">PlayMedia(&quot;plugin://plugin.video.bulldogstreams/?url=http%3A%2F%2Fplaylist.bulldogstreams.football%3A8000%2Flive%2Fandreas1%2Fandreas1%2F8430.ts&amp;mode=12&amp;sf_options=winID%3D10001%26_options_sf&quot;)</favourite>
	<favourite name="Renegades 1 NFL games SS1 1080 bamf" thumb="https://www.dropbox.com/s/5l2alhsl2dpdd33/14996309_10209473377528524_434205708_n.jpg?dl=0">PlayMedia(&quot;plugin://plugin.video.sanctuary/?url=plugin%3A%2F%2Fplugin.video.f4mTester%2F%3Fstreamtype%3DTSDOWNLOADER%26amp%3Burl%3Dhttp%3A%2F%2Fcp.dmbshare.net%3A8000%2Flive%2Fdan%2Fdan%2F8430.ts%3Bname%3DBAMF+TV&amp;mode=1112&amp;sf_options=winID%3D10001%26_options_sf&quot;)</favourite>
	<favourite name="Renegades 1 NFL games zem 720HD" thumb="DefaultFolder.png">PlayMedia(&quot;plugin://plugin.video.ZemTV-shani/?url=aXBib3g6aHR0cDovL2lwdHYubW9ua2V5Y2xpbmUuY29tOjI1NDYxL2xpdmUvamFzbmUvamFzbmUvMTY5Ny5tM3U4fFVzZXItQWdlbnQ9VkxDLzIuMy4xIExpYlZMQy8yLjIuMTcmSWN5LU1ldGFEYXRhPTE%3D&amp;mode=11&amp;name=%5BCOLOR+FF11b500%5DSky+sports+1+hd%0D+ipbox%5B%2FCOLOR%5D&amp;sf_options=winID%3D10001%26_options_sf&quot;)</favourite>
	<favourite name="Renegades 1 NFL games SS1 acestreams NJM" thumb="http://img0.cfstatic.com/wallpapers/f36c1ef92fbb2e97dcfb2f4b6e6e8044_large.jpeg">PlayMedia(&quot;plugin://plugin.video.NJMSoccer/?url=plugin%3A%2F%2Fprogram.plexus%2F%3Fmode%3D1%26url%3Dacestream%3A%2F%2F12468c656ad56f33fc39500af9f9295cc4699446%26name%3DMy%2Bacestream%2Bchannel&amp;mode=12&amp;sf_options=fanart%3Dhttp%3A%2F%2Fimg0.cfstatic.com%2Fwallpapers%2Ff36c1ef92fbb2e97dcfb2f4b6e6e8044_large.jpeg%26winID%3D10001%26_options_sf&quot;)</favourite>
	<favourite name="Renegades 1 Vikings - Lions acestreams vidtime" thumb=" ">PlayMedia(&quot;plugin://program.plexus/?mode=1&amp;url=acestream://b3c295ec95448a9830ca71f76c8566a0f05995b6&amp;name=VIDTIME&amp;sf_options=fanart%3Dhttp%3A%2F%2Fs5.postimg.org%2Fk44hcn1c7%2FLivewall.jpg%26winID%3D10001%26_options_sf&quot;)</favourite>
	<favourite name="Renegades 1 Redskins v Cowboys acestreams vidtime" thumb=" ">PlayMedia(&quot;plugin://program.plexus/?mode=1&amp;url=acestream://36c6464693b9e43be95ee0886a8d90750233405d&amp;name=VIDTIME&amp;sf_options=fanart%3Dhttp%3A%2F%2Fs5.postimg.org%2Fk44hcn1c7%2FLivewall.jpg%26winID%3D10001%26_options_sf&quot;)</favourite>
	<favourite name="Renegades 1 Steelers v Colts acestreams vidtime" thumb=" ">PlayMedia(&quot;plugin://program.plexus/?mode=1&amp;url=acestream://f116bf1bdae90f509a3f3926c9bdfd7e18ee8113&amp;name=VIDTIME&amp;sf_options=fanart%3Dhttp%3A%2F%2Fs5.postimg.org%2Fk44hcn1c7%2FLivewall.jpg%26winID%3D10001%26_options_sf&quot;)</favourite>
</favourites>