<favourites>
	<favourite name="[COLOR aqua] Sportsnet Ontario Android Kodi 16/17 [/COLOR]" thumb="http://i438.photobucket.com/albums/qq102/krazykraz/SN-ON.png">PlayMedia(&quot;plugin://plugin.video.mic/?url=http%3A%2F%2Fnlds185.cdnak.neulion.com%2Fnlds%2Fsportsnetnow%2Fsn_ontario%2Fas%2Flive%2Fsn_ontario_hd_1200_ipad.m3u8&amp;mode=12&amp;sf_options=fanart%3Dhttp%3A%2F%2Fgamerlimit.com%2Fwp-content%2Fuploads%2F2016%2F04%2Foriginal.jpg%26winID%3D10025%26_options_sf&quot;)</favourite>
	<favourite name="[COLOR aqua] Sportsnet 360 - Android Kodi 16/17[/COLOR] MIC Sports Central" thumb="http://i438.photobucket.com/albums/qq102/krazykraz/SN-360.png">PlayMedia(&quot;plugin://plugin.video.mic/?url=http%3A%2F%2Fnlds187.cdnak.neulion.com%2Fnlds%2Fsportsnetnow%2Fsn_360%2Fas%2Flive%2Fsn_360_hd_1200_ipad.m3u8&amp;mode=12&amp;sf_options=fanart%3Dhttp%3A%2F%2Fgamerlimit.com%2Fwp-content%2Fuploads%2F2016%2F04%2Foriginal.jpg%26winID%3D10025%26_options_sf&quot;)</favourite>
	<favourite name="[COLOR orange] Sportsnet 360 - Android Kodi 16[/COLOR] MIC Sports Central" thumb="http://i438.photobucket.com/albums/qq102/krazykraz/SN-360.png">PlayMedia(&quot;plugin://plugin.video.mic/?url=http%3A%2F%2Fnlds187.cdnak.neulion.com%2Fnlds%2Fsportsnetnow%2Fsn_360%2Fas%2Flive%2Fsn_360_hd_ipad.m3u8&amp;mode=12&amp;sf_options=fanart%3Dhttp%3A%2F%2Fgamerlimit.com%2Fwp-content%2Fuploads%2F2016%2F04%2Foriginal.jpg%26winID%3D10025%26_options_sf&quot;)</favourite>
	<favourite name="Sportsnet 360 ANDROID ONLY Fido" thumb="http://i438.photobucket.com/albums/qq102/krazykraz/SN-360.png">PlayMedia(&quot;plugin://plugin.video.sanctuary/?url=http%3A%2F%2Fnlds187.cdnak.neulion.com%2Fnlds%2Fsportsnetnow%2Fsn_360%2Fas%2Flive%2Fsn_360_hd_ipad.m3u8&amp;mode=1112&amp;sf_options=fanart%3Dhttp%3A%2F%2Ffantazyrepo.uk%2Faddonimages%2Flivetv%2FLiveTV.jpg%26winID%3D10025%26_options_sf&quot;)</favourite>
</favourites>