<favourites>
	<favourite name="Family Guy - cCloud TV - 12/08/2016" thumb="http://s.sidereel.com/tv_shows/42681/giant_2x/family-guy.jpg">PlayMedia(&quot;plugin://plugin.video.ccloudtv/?url=http%3A%2F%2F167.114.102.27%2Flive%2F9JnvRFR1hChv5Ux9R80sDw%2F1471009166%2F3d4044d65abdda407a92991f1300ec97.m3u8%7CUser-Agent%3DMozilla%252F5.0%2520%28Windows%2520NT%25206.1%253B%2520WOW64%29%2520AppleWebKit%252F537.36%2520%28KHTML%252C%2520like%2520Gecko%29%2520Chrome%252F47.0.2526.106%2520Safari%252F537.36&amp;mode=1&amp;name=Family+Guy+%28RandomAirTime+24%2F7%29+%28US%29+%28English%29&amp;iconimage=http%3A%2F%2Fs.sidereel.com%2Ftv_shows%2F42681%2Fgiant_2x%2Ffamily-guy.jpg&amp;sf_options=fanart%3Dhttp%3A%2F%2Fs.sidereel.com%2Ftv_shows%2F42681%2Fgiant_2x%2Ffamily-guy.jpg%26meta%3Dlabel%253DFamily%252BGuy%252B%252528RandomAirTime%252B24%25252F7%252529%252B%252528US%252529%252B%252528English%252529%2526title%253DFamily%252BGuy%252B%252528RandomAirTime%252B24%25252F7%252529%252B%252528US%252529%252B%252528English%252529%26winID%3D10025%26_options_sf&quot;)</favourite>
	<favourite name="Family Guy" thumb="http://s.sidereel.com/tv_shows/42681/giant_2x/family-guy.jpg">PlayMedia(&quot;plugin://plugin.video.ccloudtv/?url=http%3A%2F%2F167.114.102.27%2Flive%2FULFOa8GvQrIKe04MqtlmFg%2F1476621595%2F3d4044d65abdda407a92991f1300ec97.m3u8%7CUser-Agent%3DMozilla%252F5.0%2520%28Windows%2520NT%25206.1%253B%2520WOW64%29%2520AppleWebKit%252F537.36%2520%28KHTML%252C%2520like%2520Gecko%29%2520Chrome%252F47.0.2526.106%2520Safari%252F537.36&amp;mode=1&amp;name=Family+Guy+%28RandomAirTime+24%2F7%29+%28US%29+%28English%29&amp;iconimage=http%3A%2F%2Fs.sidereel.com%2Ftv_shows%2F42681%2Fgiant_2x%2Ffamily-guy.jpg&amp;sf_options=fanart%3Dhttp%3A%2F%2Fs.sidereel.com%2Ftv_shows%2F42681%2Fgiant_2x%2Ffamily-guy.jpg%26winID%3D10025%26_options_sf&quot;)</favourite>
	<favourite name="[COLOR limegreen]Family Guy[/COLOR]" thumb="https://www.arconaitv.me/wp-content/uploads/2015/06/8.png">PlayMedia(&quot;plugin://plugin.video.VidTime/?url=https%3A%2F%2Fwww.arconaitv.me%2Ffg%2F&amp;icon=https%3A%2F%2Fwww.arconaitv.me%2Fwp-content%2Fuploads%2F2015%2F06%2F8.png&amp;mode=ARCON&amp;name=%5BCOLOR+limegreen%5DFamily+Guy%5B%2FCOLOR%5D&amp;sf_options=fanart%3Dhttp%3A%2F%2Fs5.postimg.org%2F6cqtixxmv%2FEntertainment_Wall.jpg%26winID%3D10025%26_options_sf&quot;)</favourite>
	<favourite name="Familt Guy sanctuary 21/11/2016" thumb="http://www.stephen-builds.co.uk/apk/covers/fg_default_loadingscreen-1000px.jpg">PlayMedia(&quot;plugin://plugin.video.sanctuary/?url=plugin%3A%2F%2Fplugin.video.SportsDevil%2F%3Fmode%3D1%26amp%3Bitem%3Dcatcher%253dstreams%2526url%3Dhttp%3A%2F%2Fwww.ibrod.tv%2Ffamilyguy.html%2526referer%3Dhttp%3A%2F%2Fwww.ibrod.tv%2F&amp;mode=1112&amp;sf_options=fanart%3Dspecial%3A%2F%2Fhome%2Faddons%2Fplugin.video.sanctuary%2Ffanart.jpg%26winID%3D10025%26_options_sf&quot;)</favourite>
	<favourite name="Family Guy phoenix 02/12/2016" thumb="https://fanart.tv/fanart/tv/75978/clearart/family-guy-4fb39fd024b28.png">PlayMedia(&quot;plugin://plugin.video.phstreams/?action=tvtuner&amp;url=%3Cpreset%3Etvtuner%3C%2Fpreset%3E%3Curl%3Ehttp%3A%2F%2Fopentuner.is%2Ffamily-guy-1999%2F%3C%2Furl%3E%3Cthumbnail%3Ehttps%3A%2F%2Ffanart.tv%2Ffanart%2Ftv%2F75978%2Fclearart%2Ffamily-guy-4fb39fd024b28.png%3C%2Fthumbnail%3E%3Cfanart%3E0%3C%2Ffanart%3E%3Ccontent%3Etvtuner%3C%2Fcontent%3E%3Cimdb%3Ett0182576%3C%2Fimdb%3E%3Ctvdb%3E75978%3C%2Ftvdb%3E%3Ctvshowtitle%3EFamily+Guy%3C%2Ftvshowtitle%3E%3Cyear%3E1999%3C%2Fyear%3E&amp;content=tvtuners&amp;sf_options=fanart%3Dspecial%3A%2F%2Fhome%2Faddons%2Fplugin.video.phstreams%2Ffanart.jpg%26winID%3D10025%26_options_sf&quot;)</favourite>
</favourites>